{"simple_mathematical_calculation (in-context)": 0.8125, "general": 0.7124999761581421, "historical_event_accuracy": 0.5625, "definition_of_a_common_word": 0.9125000238418579, "scientific_fact_verification": 0.5874999761581421, "basic_medical_information": 0.7875000238418579}