{"historical_event_accuracy (in-context)": 0.935064935064935, "basic_medical_information": 0.7777777777777778, "scientific_fact_verification": 0.7619047619047619, "simple_mathematical_calculation": 0.6440677966101694, "definition_of_a_common_word": 0.8571428571428571, "general": 0.8354430379746836}