{"technological_advancement (in-context)": 0.9375, "attending_an_event": 0.6538461446762085, "travel_planning": 0.887499988079071, "general": 0.7820512652397156, "space_exploration": 0.824999988079071, "projected_success": 0.6410256624221802}