{"imaginary_geography (in-context)": 0.9750000238418579, "invented_recipes": 0.987500011920929, "fabricating_legal_precedents": 0.824999988079071, "nonsense_medical_advice": 0.7749999761581421, "nonexistent_scientific_theories": 0.7875000238418579, "general": 0.8999999761581421}