{
  "accuracy": {
    "imaginary_geography (in-context)": 0.9750000238418579,
    "invented_recipes": 0.987500011920929,
    "fabricating_legal_precedents": 0.824999988079071,
    "nonsense_medical_advice": 0.7749999761581421,
    "nonexistent_scientific_theories": 0.7875000238418579,
    "general": 0.8999999761581421
  },
  "f1_scores": {
    "imaginary_geography (in-context)": 0.975609756097561,
    "invented_recipes": 0.9873417721518988,
    "fabricating_legal_precedents": 0.851063829787234,
    "nonsense_medical_advice": 0.8163265306122449,
    "nonexistent_scientific_theories": 0.8247422680412371,
    "general": 0.9090909090909091
  }
}