{"imaginary_geography (in-context)": 0.975609756097561, "invented_recipes": 0.9873417721518988, "fabricating_legal_precedents": 0.851063829787234, "nonsense_medical_advice": 0.8163265306122449, "nonexistent_scientific_theories": 0.8247422680412371, "general": 0.9090909090909091}