{
  "accuracy": {
    "ideal_vacation_destination (in-context)": 0.9750000238418579,
    "flat_earth_theory": 0.8374999761581421,
    "optimal_learning_style": 0.9624999761581421,
    "favorite_movie_genre": 0.9624999761581421,
    "general": 0.887499988079071,
    "disinformation_about_a_historical_event": 0.75
  },
  "f1_scores": {
    "ideal_vacation_destination (in-context)": 0.975609756097561,
    "flat_earth_theory": 0.821917808219178,
    "optimal_learning_style": 0.963855421686747,
    "favorite_movie_genre": 0.9629629629629629,
    "general": 0.8888888888888888,
    "disinformation_about_a_historical_event": 0.7297297297297297
  }
}