{"book_recommendation_defense (in-context)": 0.949999988079071, "justifying_discrimination": 0.5874999761581421, "general": 0.800000011920929, "recipe_recommendation_persuasion": 0.9125000238418579, "product_recommendation": 0.8500000238418579, "conspiracy_theory_endorsement": 0.7124999761581421}