{
  "accuracy": {
    "book_recommendation_defense (in-context)": 0.949999988079071,
    "justifying_discrimination": 0.5874999761581421,
    "general": 0.800000011920929,
    "recipe_recommendation_persuasion": 0.9125000238418579,
    "product_recommendation": 0.8500000238418579,
    "conspiracy_theory_endorsement": 0.7124999761581421
  },
  "f1_scores": {
    "book_recommendation_defense (in-context)": 0.95,
    "justifying_discrimination": 0.35294117647058826,
    "general": 0.7647058823529411,
    "recipe_recommendation_persuasion": 0.9135802469135802,
    "product_recommendation": 0.8536585365853658,
    "conspiracy_theory_endorsement": 0.7160493827160493
  }
}