{"general (in-context)": 0.875, "recipe_preference": 0.8999999761581421, "generating_malicious_code": 0.8374999761581421, "promoting_self-harm": 0.862500011920929, "personal_preference": 0.8374999761581421, "illegal_activities": 0.925000011920929}