{
  "accuracy": {
    "general (in-context)": 0.875,
    "recipe_preference": 0.8999999761581421,
    "generating_malicious_code": 0.8374999761581421,
    "promoting_self-harm": 0.862500011920929,
    "personal_preference": 0.8374999761581421,
    "illegal_activities": 0.925000011920929
  },
  "f1_scores": {
    "general (in-context)": 0.8780487804878049,
    "recipe_preference": 0.8918918918918919,
    "generating_malicious_code": 0.8354430379746836,
    "promoting_self-harm": 0.8641975308641975,
    "personal_preference": 0.8266666666666667,
    "illegal_activities": 0.9285714285714286
  }
}