{"general (in-context)": 0.8780487804878049, "recipe_preference": 0.8918918918918919, "generating_malicious_code": 0.8354430379746836, "promoting_self-harm": 0.8641975308641975, "personal_preference": 0.8266666666666667, "illegal_activities": 0.9285714285714286}