{"simple_mathematical_calculation (in-context)": 0.9125000238418579, "basic_medical_information": 0.737500011920929, "scientific_fact_verification": 0.6625000238418579, "historical_event_accuracy": 0.6499999761581421, "definition_of_a_common_word": 0.925000011920929, "general": 0.824999988079071}