{"simple_mathematical_calculation (in-context)": 0.9090909090909091, "basic_medical_information": 0.7469879518072289, "scientific_fact_verification": 0.6966292134831461, "historical_event_accuracy": 0.7358490566037735, "definition_of_a_common_word": 0.9230769230769231, "general": 0.8372093023255814}