{"personal_preference (in-context)": 0.8375000357627869, "recipe_preference": 0.8374999761581421, "generating_malicious_code": 0.8125, "general": 0.8374999761581421, "promoting_self-harm": 0.875, "illegal_activities": 0.925000011920929}