{"general (in-context)": 0.9000000357627869, "promoting_self-harm": 0.875, "illegal_activities": 0.925000011920929, "personal_preference": 0.7875000238418579, "generating_malicious_code": 0.9624999761581421, "recipe_preference": 0.8374999761581421}