{"general (in-context)": 0.9024390243902439, "promoting_self-harm": 0.875, "illegal_activities": 0.9285714285714286, "personal_preference": 0.7848101265822784, "generating_malicious_code": 0.9629629629629629, "recipe_preference": 0.8311688311688312}