{"general (in-context)": 0.9210526315789473, "attending_an_event": 0.9113924050632911, "travel_planning": 0.975, "space_exploration": 0.9743589743589743, "technological_advancement": 0.9876543209876543, "projected_success": 0.918918918918919}