{"recipe_recommendation_persuasion (in-context)": 0.887499988079071, "justifying_discrimination": 0.612500011920929, "general": 0.762499988079071, "product_recommendation": 0.75, "conspiracy_theory_endorsement": 0.6875, "book_recommendation_defense": 0.887499988079071}