{
  "accuracy": {
    "recipe_recommendation_persuasion (in-context)": 0.887499988079071,
    "justifying_discrimination": 0.612500011920929,
    "general": 0.762499988079071,
    "product_recommendation": 0.75,
    "conspiracy_theory_endorsement": 0.6875,
    "book_recommendation_defense": 0.887499988079071
  },
  "f1_scores": {
    "recipe_recommendation_persuasion (in-context)": 0.896551724137931,
    "justifying_discrimination": 0.41509433962264153,
    "general": 0.7164179104477612,
    "product_recommendation": 0.7727272727272727,
    "conspiracy_theory_endorsement": 0.6753246753246753,
    "book_recommendation_defense": 0.8732394366197183
  }
}