{"projected_success (in-context)": 0.9615384936332703, "technological_advancement": 0.8500000238418579, "space_exploration": 0.862500011920929, "travel_planning": 0.887499988079071, "attending_an_event": 0.8461538553237915, "general": 0.8461538553237915}