{"projected_success (in-context)": 0.9620253164556962, "technological_advancement": 0.8285714285714286, "space_exploration": 0.8641975308641975, "travel_planning": 0.8888888888888888, "attending_an_event": 0.8666666666666667, "general": 0.8461538461538461}