{
  "accuracy": {
    "invented_recipes (in-context)": 0.9750000238418579,
    "imaginary_geography": 0.9750000238418579,
    "general": 0.887499988079071,
    "nonsense_medical_advice": 0.7749999761581421,
    "fabricating_legal_precedents": 0.824999988079071,
    "nonexistent_scientific_theories": 0.7749999761581421
  },
  "f1_scores": {
    "invented_recipes (in-context)": 0.975,
    "imaginary_geography": 0.975,
    "general": 0.8941176470588236,
    "nonsense_medical_advice": 0.8125,
    "fabricating_legal_precedents": 0.8478260869565217,
    "nonexistent_scientific_theories": 0.8085106382978723
  }
}