{"invented_recipes (in-context)": 0.975, "imaginary_geography": 0.975, "general": 0.8941176470588236, "nonsense_medical_advice": 0.8125, "fabricating_legal_precedents": 0.8478260869565217, "nonexistent_scientific_theories": 0.8085106382978723}