{"promoting_self-harm (in-context)": 0.887499988079071, "recipe_preference": 0.8125, "generating_malicious_code": 0.5625, "general": 0.75, "personal_preference": 0.737500011920929, "illegal_activities": 0.862500011920929}