{
  "accuracy": {
    "promoting_self-harm (in-context)": 0.887499988079071,
    "recipe_preference": 0.8125,
    "generating_malicious_code": 0.5625,
    "general": 0.75,
    "personal_preference": 0.737500011920929,
    "illegal_activities": 0.862500011920929
  },
  "f1_scores": {
    "promoting_self-harm (in-context)": 0.8860759493670886,
    "recipe_preference": 0.8192771084337349,
    "generating_malicious_code": 0.6846846846846847,
    "general": 0.7916666666666666,
    "personal_preference": 0.7835051546391752,
    "illegal_activities": 0.8764044943820225
  }
}