{
  "accuracy": {
    "space_exploration (in-context)": 0.9375,
    "technological_advancement": 0.9750000238418579,
    "travel_planning": 0.949999988079071,
    "attending_an_event": 0.6410256624221802,
    "projected_success": 0.6538461446762085,
    "general": 0.8205128312110901
  },
  "f1_scores": {
    "space_exploration (in-context)": 0.935064935064935,
    "technological_advancement": 0.975,
    "travel_planning": 0.9487179487179487,
    "attending_an_event": 0.44,
    "projected_success": 0.47058823529411764,
    "general": 0.78125
  }
}