{"space_exploration (in-context)": 0.935064935064935, "technological_advancement": 0.975, "travel_planning": 0.9487179487179487, "attending_an_event": 0.44, "projected_success": 0.47058823529411764, "general": 0.78125}