{"book_recommendation_defense (in-context)": 0.7250000238418579, "justifying_discrimination": 0.612500011920929, "general": 0.75, "conspiracy_theory_endorsement": 0.699999988079071, "product_recommendation": 0.6875, "recipe_recommendation_persuasion": 0.8500000238418579}