{"book_recommendation_defense (in-context)": 0.7659574468085106, "justifying_discrimination": 0.4745762711864407, "general": 0.7560975609756098, "conspiracy_theory_endorsement": 0.7209302325581395, "product_recommendation": 0.7368421052631579, "recipe_recommendation_persuasion": 0.8666666666666667}