{"space_exploration (in-context)": 0.9620253164556962, "technological_advancement": 0.918918918918919, "travel_planning": 0.9620253164556962, "attending_an_event": 0.5283018867924528, "projected_success": 0.40816326530612246, "general": 0.8}