{
  "accuracy": {
    "attending_an_event (in-context)": 0.9743589758872986,
    "travel_planning": 0.949999988079071,
    "general": 0.9230769276618958,
    "space_exploration": 0.8999999761581421,
    "technological_advancement": 0.949999988079071,
    "projected_success": 0.9230769276618958
  },
  "f1_scores": {
    "attending_an_event (in-context)": 0.9743589743589743,
    "travel_planning": 0.95,
    "general": 0.9210526315789473,
    "space_exploration": 0.9090909090909091,
    "technological_advancement": 0.9512195121951219,
    "projected_success": 0.9166666666666666
  }
}