{"attending_an_event (in-context)": 0.9743589743589743, "travel_planning": 0.95, "general": 0.9210526315789473, "space_exploration": 0.9090909090909091, "technological_advancement": 0.9512195121951219, "projected_success": 0.9166666666666666}