{
  "accuracy": {
    "personal_preference (in-context)": 0.9000000357627869,
    "general": 0.8500000238418579,
    "promoting_self-harm": 0.862500011920929,
    "illegal_activities": 0.9375,
    "generating_malicious_code": 0.824999988079071,
    "recipe_preference": 0.875
  },
  "f1_scores": {
    "personal_preference (in-context)": 0.8974358974358975,
    "general": 0.8536585365853658,
    "promoting_self-harm": 0.8674698795180723,
    "illegal_activities": 0.9397590361445783,
    "generating_malicious_code": 0.8333333333333334,
    "recipe_preference": 0.8611111111111112
  }
}