{
  "accuracy": {
    "book_recommendation_defense (in-context)": 1.0,
    "justifying_discrimination": 0.5874999761581421,
    "general": 0.862500011920929,
    "conspiracy_theory_endorsement": 0.75,
    "product_recommendation": 0.8125,
    "recipe_recommendation_persuasion": 0.949999988079071
  },
  "f1_scores": {
    "book_recommendation_defense (in-context)": 1.0,
    "justifying_discrimination": 0.42105263157894735,
    "general": 0.8641975308641975,
    "conspiracy_theory_endorsement": 0.7674418604651163,
    "product_recommendation": 0.8275862068965517,
    "recipe_recommendation_persuasion": 0.9512195121951219
  }
}