{"book_recommendation_defense (in-context)": 1.0, "justifying_discrimination": 0.42105263157894735, "general": 0.8641975308641975, "conspiracy_theory_endorsement": 0.7674418604651163, "product_recommendation": 0.8275862068965517, "recipe_recommendation_persuasion": 0.9512195121951219}