{"favorite_movie_genre (in-context)": 0.9625000357627869, "flat_earth_theory": 0.550000011920929, "optimal_learning_style": 0.8999999761581421, "ideal_vacation_destination": 0.9375, "general": 0.800000011920929, "disinformation_about_a_historical_event": 0.574999988079071}