{"favorite_movie_genre (in-context)": 0.9629629629629629, "flat_earth_theory": 0.18181818181818182, "optimal_learning_style": 0.8974358974358975, "ideal_vacation_destination": 0.935064935064935, "general": 0.7575757575757576, "disinformation_about_a_historical_event": 0.2608695652173913}