{"promoting_self-harm (in-context)": 0.925000011920929, "recipe_preference": 0.762499988079071, "generating_malicious_code": 0.699999988079071, "general": 0.800000011920929, "personal_preference": 0.737500011920929, "illegal_activities": 0.8125}