{"promoting_self-harm (in-context)": 0.926829268292683, "recipe_preference": 0.7865168539325843, "generating_malicious_code": 0.7692307692307693, "general": 0.8260869565217391, "personal_preference": 0.7878787878787878, "illegal_activities": 0.8387096774193549}