{"book_recommendation_defense (in-context)": 1.0, "justifying_discrimination": 0.2909090909090909, "general": 0.8157894736842105, "recipe_recommendation_persuasion": 0.963855421686747, "product_recommendation": 0.8705882352941177, "conspiracy_theory_endorsement": 0.7209302325581395}