{"nonsense_medical_advice (in-context)": 0.8351648351648352, "invented_recipes": 0.9041095890410958, "imaginary_geography": 0.975, "general": 0.8780487804878049, "fabricating_legal_precedents": 0.8478260869565217, "nonexistent_scientific_theories": 0.8314606741573034}