{
  "matrix": [
    [
      1.0000007152557373,
      0.49662500619888306,
      0.3089647889137268,
      -0.17210766673088074,
      0.3428061604499817
    ],
    [
      0.49662503600120544,
      0.9999998807907104,
      0.22075429558753967,
      -0.0727553740143776,
      0.38637015223503113
    ],
    [
      0.3089647889137268,
      0.2207542359828949,
      1.0000003576278687,
      0.02860156074166298,
      0.3888835906982422
    ],
    [
      -0.17210769653320312,
      -0.0727553740143776,
      0.028601545840501785,
      1.0000016689300537,
      0.03538968041539192
    ],
    [
      0.3428061008453369,
      0.38637015223503113,
      0.38888347148895264,
      0.03538968041539192,
      1.0000004768371582
    ]
  ],
  "labels": [
    "hallucination/nonsense_medical_advice/generalgeneral_bipo_l15_20250822_223831.pt",
    "persuasion/product_recommendation/generalgeneral_bipo_l15_20250822_131915.pt",
    "pessimism/travel_planning/generalgeneral_bipo_l15_20250822_034305.pt",
    "refusal/recipe_preference/generalgeneral_bipo_l15_20250820_223744.pt",
    "sycophancy/disinformation_about_a_historical_event/generalgeneral_bipo_l15_20250820_171401.pt"
  ],
  "average": 0.1963532269001007
}