{
  "hallucination": {
    "matrix": [
      [
        1.0000015497207642,
        0.6373059153556824,
        0.5833262205123901,
        0.5962811708450317,
        0.7397227883338928,
        0.4663325846195221
      ],
      [
        0.6373060345649719,
        0.9999995231628418,
        0.6828066110610962,
        0.571347713470459,
        0.8189252018928528,
        0.5223438739776611
      ],
      [
        0.5833262205123901,
        0.6828063726425171,
        1.000000238418579,
        0.5406261682510376,
        0.78806471824646,
        0.611188530921936
      ],
      [
        0.5962810516357422,
        0.571347713470459,
        0.5406262874603271,
        1.0000008344650269,
        0.7420768737792969,
        0.488175630569458
      ],
      [
        0.7397227883338928,
        0.8189257979393005,
        0.78806471824646,
        0.7420768141746521,
        1.0000007152557373,
        0.7095963954925537
      ],
      [
        0.46633273363113403,
        0.5223438739776611,
        0.6111886501312256,
        0.488175630569458,
        0.7095963954925537,
        1.0000005960464478
      ]
    ],
    "average": 0.6332080364227295,
    "vector_labels": [
      "fabricating_legal_precedents/specificfabricating_legal_precedents_bipo_l15_20250822_210835.pt",
      "imaginary_geography/specificimaginary_geography_bipo_l15_20250822_204650.pt",
      "invented_recipes/specificinvented_recipes_bipo_l15_20250822_211523.pt",
      "nonexistent_scientific_theories/specificnonexistent_scientific_theories_bipo_l15_20250821_221645.pt",
      "nonsense_medical_advice/generalgeneral_bipo_l15_20250822_223831.pt",
      "nonsense_medical_advice/specificnonsense_medical_advice_bipo_l15_20250822_212418.pt"
    ]
  },
  "persuasion": {
    "matrix": [
      [
        1.0000005960464478,
        0.21345272660255432,
        0.1228022426366806,
        0.6127020716667175,
        0.484052836894989,
        0.6669869422912598
      ],
      [
        0.21345266699790955,
        1.0000007152557373,
        0.623583197593689,
        0.6527630090713501,
        0.3386334180831909,
        0.25339168310165405
      ],
      [
        0.1228022426366806,
        0.6235827207565308,
        1.000000238418579,
        0.5552271604537964,
        0.18295380473136902,
        0.160713791847229
      ],
      [
        0.6127021312713623,
        0.6527630090713501,
        0.5552271604537964,
        0.9999998807907104,
        0.630563497543335,
        0.6477620005607605
      ],
      [
        0.484052836894989,
        0.3386332392692566,
        0.18295380473136902,
        0.6305634379386902,
        1.0000005960464478,
        0.5263159275054932
      ],
      [
        0.666986882686615,
        0.25339168310165405,
        0.160713791847229,
        0.6477620005607605,
        0.5263158082962036,
        1.000002145767212
      ]
    ],
    "average": 0.4447936415672302,
    "vector_labels": [
      "book_recommendation_defense/specificbook_recommendation_defense_bipo_l15_20250823_015142.pt",
      "conspiracy_theory_endorsement/specificconspiracy_theory_endorsement_bipo_l15_20250822_040537.pt",
      "justifying_discrimination/specificjustifying_discrimination_bipo_l15_20250822_074857.pt",
      "product_recommendation/generalgeneral_bipo_l15_20250822_131915.pt",
      "product_recommendation/specificproduct_recommendation_bipo_l15_20250822_083209.pt",
      "recipe_recommendation_persuasion/specificrecipe_recommendation_persuasion_bipo_l15_20250822_080439.pt"
    ]
  },
  "pessimism": {
    "matrix": [
      [
        1.0000007152557373,
        0.5384962558746338,
        0.4771849513053894,
        0.49150726199150085,
        0.6835011839866638,
        0.5963512063026428
      ],
      [
        0.5384962558746338,
        1.0000008344650269,
        0.4406639039516449,
        0.4170604646205902,
        0.6667145490646362,
        0.487579882144928
      ],
      [
        0.4771849513053894,
        0.44066402316093445,
        1.0000009536743164,
        0.7503499388694763,
        0.7654151320457458,
        0.6422069072723389
      ],
      [
        0.49150723218917847,
        0.4170604646205902,
        0.7503502368927002,
        1.0000019073486328,
        0.7440207004547119,
        0.6276518702507019
      ],
      [
        0.6835011839866638,
        0.6667147874832153,
        0.7654151320457458,
        0.7440207004547119,
        1.0000003576278687,
        0.7930570840835571
      ],
      [
        0.5963512063026428,
        0.487579882144928,
        0.642207145690918,
        0.6276518702507019,
        0.7930573225021362,
        1.0000003576278687
      ]
    ],
    "average": 0.608117401599884,
    "vector_labels": [
      "attending_an_event/specificattending_an_event_bipo_l15_20250822_030514.pt",
      "projected_success/specificprojected_success_bipo_l15_20250821_004322.pt",
      "space_exploration/specificspace_exploration_bipo_l15_20250822_022424.pt",
      "technological_advancement/specifictechnological_advancement_bipo_l15_20250821_014305.pt",
      "travel_planning/generalgeneral_bipo_l15_20250822_034305.pt",
      "travel_planning/specifictravel_planning_bipo_l15_20250822_032815.pt"
    ]
  },
  "refusal": {
    "matrix": [
      [
        1.0000004768371582,
        0.42777299880981445,
        0.28211236000061035,
        0.26716095209121704,
        0.5894097089767456,
        0.3990088701248169
      ],
      [
        0.42777305841445923,
        1.0000007152557373,
        0.1758120357990265,
        0.2783504128456116,
        0.5392030477523804,
        0.32099804282188416
      ],
      [
        0.28211236000061035,
        0.17581205070018768,
        1.0000005960464478,
        0.1833745837211609,
        0.5162470936775208,
        0.4247434735298157
      ],
      [
        0.2671610116958618,
        0.2783504128456116,
        0.18337462842464447,
        1.000000238418579,
        0.4569040536880493,
        0.23850250244140625
      ],
      [
        0.5894097089767456,
        0.5392030477523804,
        0.5162470936775208,
        0.4569039046764374,
        1.0000003576278687,
        0.5644131302833557
      ],
      [
        0.3990088105201721,
        0.32099804282188416,
        0.4247433841228485,
        0.23850250244140625,
        0.5644131898880005,
        1.000001072883606
      ]
    ],
    "average": 0.37760084867477417,
    "vector_labels": [
      "generating_malicious_code/specificgenerating_malicious_code_bipo_l15_20250820_184559.pt",
      "illegal_activities/specificillegal_activities_bipo_l15_20250820_174124.pt",
      "personal_preference/specificpersonal_preference_bipo_l15_20250820_191315.pt",
      "promoting_self-harm/specificpromoting_self-harm_bipo_l15_20250820_204432.pt",
      "recipe_preference/generalgeneral_bipo_l15_20250820_223744.pt",
      "recipe_preference/specificrecipe_preference_bipo_l15_20250820_223407.pt"
    ]
  },