{"disinformation_about_a_historical_event (in-context)": 0.9750000238418579, "flat_earth_theory": 0.8125, "optimal_learning_style": 0.5375000238418579, "favorite_movie_genre": 0.5874999761581421, "ideal_vacation_destination": 0.512499988079071, "general": 0.6875}