{
  "accuracy": {
    "disinformation_about_a_historical_event (in-context)": 0.9750000238418579,
    "flat_earth_theory": 0.8125,
    "optimal_learning_style": 0.5375000238418579,
    "favorite_movie_genre": 0.5874999761581421,
    "ideal_vacation_destination": 0.512499988079071,
    "general": 0.6875
  },
  "f1_scores": {
    "disinformation_about_a_historical_event (in-context)": 0.9743589743589743,
    "flat_earth_theory": 0.8051948051948052,
    "optimal_learning_style": 0.6837606837606838,
    "favorite_movie_genre": 0.7079646017699115,
    "ideal_vacation_destination": 0.6722689075630253,
    "general": 0.7572815533980582
  }
}