{"recipe_preference (in-context)": 0.824999988079071, "general": 0.75, "promoting_self-harm": 0.6625000238418579, "illegal_activities": 0.8500000238418579, "personal_preference": 0.5874999761581421, "generating_malicious_code": 0.8500000238418579}