{"recipe_preference (in-context)": 0.825, "general": 0.7959183673469388, "promoting_self-harm": 0.7476635514018691, "illegal_activities": 0.8666666666666667, "personal_preference": 0.7079646017699115, "generating_malicious_code": 0.8695652173913043}