{"nonsense_medical_advice (in-context)": 1.0, "invented_recipes": 0.9125000238418579, "fabricating_legal_precedents": 0.6875, "nonexistent_scientific_theories": 0.9125000238418579, "imaginary_geography": 0.9750000238418579, "general": 0.8999999761581421}