{"nonsense_medical_advice (in-context)": 1.0, "invented_recipes": 0.9195402298850575, "fabricating_legal_precedents": 0.5454545454545454, "nonexistent_scientific_theories": 0.9176470588235294, "imaginary_geography": 0.975609756097561, "general": 0.8974358974358975}