{
  "accuracy": {
    "recipe_preference (in-context)": 0.8500000238418579,
    "generating_malicious_code": 0.8125,
    "general": 0.800000011920929,
    "promoting_self-harm": 0.800000011920929,
    "personal_preference": 0.7250000238418579,
    "illegal_activities": 0.8999999761581421
  },
  "f1_scores": {
    "recipe_preference (in-context)": 0.8571428571428571,
    "generating_malicious_code": 0.8235294117647058,
    "general": 0.8297872340425532,
    "promoting_self-harm": 0.8222222222222222,
    "personal_preference": 0.7843137254901961,
    "illegal_activities": 0.9069767441860465
  }
}