{
  "accuracy": {
    "historical_event_accuracy (in-context)": 0.9125000238418579,
    "basic_medical_information": 0.7250000238418579,
    "scientific_fact_verification": 0.6875,
    "simple_mathematical_calculation": 0.737500011920929,
    "definition_of_a_common_word": 0.824999988079071,
    "general": 0.7875000238418579
  },
  "f1_scores": {
    "historical_event_accuracy (in-context)": 0.9113924050632911,
    "basic_medical_information": 0.75,
    "scientific_fact_verification": 0.7191011235955056,
    "simple_mathematical_calculation": 0.6440677966101694,
    "definition_of_a_common_word": 0.8333333333333334,
    "general": 0.7901234567901234
  }
}