{"historical_event_accuracy (in-context)": 0.9113924050632911, "basic_medical_information": 0.75, "scientific_fact_verification": 0.7191011235955056, "simple_mathematical_calculation": 0.6440677966101694, "definition_of_a_common_word": 0.8333333333333334, "general": 0.7901234567901234}