{"scientific_fact_verification (in-context)": 0.875, "basic_medical_information": 0.675000011920929, "simple_mathematical_calculation": 0.6625000238418579, "historical_event_accuracy": 0.6625000238418579, "definition_of_a_common_word": 0.7250000238418579, "general": 0.6875}