{"scientific_fact_verification (in-context)": 0.868421052631579, "basic_medical_information": 0.6976744186046512, "simple_mathematical_calculation": 0.7428571428571429, "historical_event_accuracy": 0.509090909090909, "definition_of_a_common_word": 0.7755102040816326, "general": 0.7191011235955056}