{
  "accuracy": {
    "optimal_learning_style (in-context)": 0.987500011920929,
    "disinformation_about_a_historical_event": 0.675000011920929,
    "ideal_vacation_destination": 1.0,
    "flat_earth_theory": 0.7124999761581421,
    "general": 0.8500000238418579,
    "favorite_movie_genre": 1.0
  },
  "f1_scores": {
    "optimal_learning_style (in-context)": 0.9876543209876543,
    "disinformation_about_a_historical_event": 0.6285714285714286,
    "ideal_vacation_destination": 1.0,
    "flat_earth_theory": 0.6933333333333334,
    "general": 0.8421052631578947,
    "favorite_movie_genre": 1.0
  }
}