{
  "layer_4": {
    "accuracy": {
      "definition_of_a_common_word (in-context)": 0.9000000357627869,
      "basic_medical_information": 0.6875,
      "scientific_fact_verification": 0.6499999761581421,
      "simple_mathematical_calculation": 0.6499999761581421,
      "historical_event_accuracy": 0.612500011920929,
      "general": 0.737500011920929
    },
    "f1_scores": {
      "definition_of_a_common_word (in-context)": 0.8947368421052632,
      "basic_medical_information": 0.7252747252747253,
      "scientific_fact_verification": 0.6956521739130435,
      "simple_mathematical_calculation": 0.46153846153846156,
      "historical_event_accuracy": 0.6804123711340206,
      "general": 0.7341772151898734
    }
  },
  "layer_8": {
    "accuracy": {
      "definition_of_a_common_word (in-context)": 0.925000011920929,
      "basic_medical_information": 0.699999988079071,
      "scientific_fact_verification": 0.6499999761581421,
      "simple_mathematical_calculation": 0.6625000238418579,
      "historical_event_accuracy": 0.612500011920929,
      "general": 0.7250000238418579
    },
    "f1_scores": {
      "definition_of_a_common_word (in-context)": 0.9230769230769231,
      "basic_medical_information": 0.7333333333333333,
      "scientific_fact_verification": 0.6956521739130435,
      "simple_mathematical_calculation": 0.49056603773584906,
      "historical_event_accuracy": 0.693069306930693,
      "general": 0.725
    }
  },
  "layer_12": {
    "accuracy": {
      "definition_of_a_common_word (in-context)": 0.949999988079071,
      "basic_medical_information": 0.7875000238418579,
      "scientific_fact_verification": 0.6499999761581421,
      "simple_mathematical_calculation": 0.625,
      "historical_event_accuracy": 0.612500011920929,
      "general": 0.762499988079071
    },
    "f1_scores": {
      "definition_of_a_common_word (in-context)": 0.95,
      "basic_medical_information": 0.8045977011494253,
      "scientific_fact_verification": 0.6888888888888889,
      "simple_mathematical_calculation": 0.4,
      "historical_event_accuracy": 0.6868686868686869,
      "general": 0.759493670886076
    }
  },
  "layer_16": {
    "accuracy": {
      "definition_of_a_common_word (in-context)": 0.987500011920929,
      "basic_medical_information": 0.824999988079071,
      "scientific_fact_verification": 0.6625000238418579,
      "simple_mathematical_calculation": 0.675000011920929,
      "historical_event_accuracy": 0.6000000238418579,
      "general": 0.762499988079071
    },
    "f1_scores": {
      "definition_of_a_common_word (in-context)": 0.9876543209876543,
      "basic_medical_information": 0.8372093023255814,
      "scientific_fact_verification": 0.7032967032967034,
      "simple_mathematical_calculation": 0.5185185185185185,
      "historical_event_accuracy": 0.68,
      "general": 0.7654320987654321
    }
  },
  "layer_20": {
    "accuracy": {
      "definition_of_a_common_word (in-context)": 1.0,
      "basic_medical_information": 0.9375,
      "scientific_fact_verification": 0.75,
      "simple_mathematical_calculation": 0.7250000238418579,
      "historical_event_accuracy": 0.737500011920929,
      "general": 0.8999999761581421
    },
    "f1_scores": {
      "definition_of_a_common_word (in-context)": 1.0,
      "basic_medical_information": 0.9382716049382716,
      "scientific_fact_verification": 0.7435897435897436,
      "simple_mathematical_calculation": 0.6206896551724138,
      "historical_event_accuracy": 0.704225352112676,
      "general": 0.8918918918918919
    }
  },
  "layer_24": {
    "accuracy": {
      "definition_of_a_common_word (in-context)": 1.0,
      "basic_medical_information": 0.7875000238418579,
      "scientific_fact_verification": 0.8125,
      "simple_mathematical_calculation": 0.675000011920929,
      "historical_event_accuracy": 0.699999988079071,
      "general": 0.8374999761581421
    },
    "f1_scores": {
      "definition_of_a_common_word (in-context)": 1.0,
      "basic_medical_information": 0.7301587301587301,
      "scientific_fact_verification": 0.782608695652174,
      "simple_mathematical_calculation": 0.5185185185185185,
      "historical_event_accuracy": 0.6363636363636364,
      "general": 0.8059701492537313
    }
  },
  "layer_28": {
    "accuracy": {
      "definition_of_a_common_word (in-context)": 1.0,
      "basic_medical_information": 0.8374999761581421,
      "scientific_fact_verification": 0.762499988079071,
      "simple_mathematical_calculation": 0.625,
      "historical_event_accuracy": 0.5625,
      "general": 0.75
    },
    "f1_scores": {
      "definition_of_a_common_word (in-context)": 1.0,
      "basic_medical_information": 0.8115942028985508,
      "scientific_fact_verification": 0.7076923076923077,
      "simple_mathematical_calculation": 0.4,
      "historical_event_accuracy": 0.2553191489361702,
      "general": 0.6666666666666666
    }
  }
}