{"illegal_activities (in-context)": 0.824999988079071, "general": 0.8374999761581421, "recipe_preference": 0.75, "generating_malicious_code": 0.8125, "promoting_self-harm": 0.7124999761581421, "personal_preference": 0.625}