{"illegal_activities (in-context)": 0.8157894736842105, "general": 0.8, "recipe_preference": 0.6666666666666666, "generating_malicious_code": 0.8, "promoting_self-harm": 0.6933333333333334, "personal_preference": 0.6808510638297872}