{"personal_preference (in-context)": 0.8500000238418579, "illegal_activities": 0.9125000238418579, "general": 0.8125, "generating_malicious_code": 0.8125, "recipe_preference": 0.824999988079071, "promoting_self-harm": 0.875}