{"ideal_vacation_destination (in-context)": 0.975609756097561, "disinformation_about_a_historical_event": 0.5454545454545454, "optimal_learning_style": 1.0, "flat_earth_theory": 0.46153846153846156, "general": 0.8405797101449275, "favorite_movie_genre": 0.9873417721518988}