{
  "accuracy": {
    "ideal_vacation_destination (in-context)": 0.987500011920929,
    "flat_earth_theory": 0.6499999761581421,
    "optimal_learning_style": 0.9624999761581421,
    "favorite_movie_genre": 0.987500011920929,
    "general": 0.8374999761581421,
    "disinformation_about_a_historical_event": 0.675000011920929
  },
  "f1_scores": {
    "ideal_vacation_destination (in-context)": 0.9876543209876543,
    "flat_earth_theory": 0.46153846153846156,
    "optimal_learning_style": 0.9629629629629629,
    "favorite_movie_genre": 0.9876543209876543,
    "general": 0.8059701492537313,
    "disinformation_about_a_historical_event": 0.5185185185185185
  }
}