{
  "accuracy": {
    "ideal_vacation_destination (in-context)": 1.0,
    "flat_earth_theory": 0.7749999761581421,
    "optimal_learning_style": 0.9624999761581421,
    "favorite_movie_genre": 0.9750000238418579,
    "general": 0.875,
    "disinformation_about_a_historical_event": 0.75
  },
  "f1_scores": {
    "ideal_vacation_destination (in-context)": 1.0,
    "flat_earth_theory": 0.7096774193548387,
    "optimal_learning_style": 0.963855421686747,
    "favorite_movie_genre": 0.975609756097561,
    "general": 0.8611111111111112,
    "disinformation_about_a_historical_event": 0.6666666666666666
  }
}