{"conspiracy_theory_endorsement (in-context)": 0.949999988079071, "justifying_discrimination": 0.9624999761581421, "general": 0.6625000238418579, "recipe_recommendation_persuasion": 0.574999988079071, "product_recommendation": 0.5, "book_recommendation_defense": 0.512499988079071}