{
  "accuracy": {
    "conspiracy_theory_endorsement (in-context)": 0.949999988079071,
    "justifying_discrimination": 0.9624999761581421,
    "general": 0.6625000238418579,
    "recipe_recommendation_persuasion": 0.574999988079071,
    "product_recommendation": 0.5,
    "book_recommendation_defense": 0.512499988079071
  },
  "f1_scores": {
    "conspiracy_theory_endorsement (in-context)": 0.9512195121951219,
    "justifying_discrimination": 0.9629629629629629,
    "general": 0.6666666666666666,
    "recipe_recommendation_persuasion": 0.5277777777777778,
    "product_recommendation": 0.5,
    "book_recommendation_defense": 0.4935064935064935
  }
}