{
  "accuracy": {
    "attending_an_event (in-context)": 0.7564102411270142,
    "technological_advancement": 0.5874999761581421,
    "space_exploration": 0.5375000238418579,
    "travel_planning": 0.6000000238418579,
    "projected_success": 0.5641025900840759,
    "general": 0.6153846383094788
  },
  "f1_scores": {
    "attending_an_event (in-context)": 0.7466666666666667,
    "technological_advancement": 0.7079646017699115,
    "space_exploration": 0.6837606837606838,
    "travel_planning": 0.7142857142857143,
    "projected_success": 0.6730769230769231,
    "general": 0.7115384615384616
  }
}