{"attending_an_event (in-context)": 0.7466666666666667, "technological_advancement": 0.7079646017699115, "space_exploration": 0.6837606837606838, "travel_planning": 0.7142857142857143, "projected_success": 0.6730769230769231, "general": 0.7115384615384616}