{"book_recommendation_defense (in-context)": 0.975609756097561, "justifying_discrimination": 0.43636363636363634, "general": 0.8157894736842105, "conspiracy_theory_endorsement": 0.7341772151898734, "product_recommendation": 0.8, "recipe_recommendation_persuasion": 0.926829268292683}