{"general (in-context)": 0.862500011920929, "generating_malicious_code": 0.8500000238418579, "recipe_preference": 0.8374999761581421, "promoting_self-harm": 0.8500000238418579, "personal_preference": 0.862500011920929, "illegal_activities": 0.8999999761581421}