{"general (in-context)": 0.987500011920929, "invented_recipes": 1.0, "fabricating_legal_precedents": 0.987500011920929, "nonsense_medical_advice": 0.987500011920929, "nonexistent_scientific_theories": 0.987500011920929, "imaginary_geography": 0.987500011920929}