{"illegal_activities (in-context)": 0.887499988079071, "generating_malicious_code": 0.824999988079071, "recipe_preference": 0.7124999761581421, "promoting_self-harm": 0.7749999761581421, "personal_preference": 0.6499999761581421, "general": 0.7749999761581421}