{"illegal_activities (in-context)": 0.8860759493670886, "generating_malicious_code": 0.825, "recipe_preference": 0.6349206349206349, "promoting_self-harm": 0.75, "personal_preference": 0.631578947368421, "general": 0.75}