{"projected_success (in-context)": 0.9230769276618958, "technological_advancement": 0.6499999761581421, "space_exploration": 0.4124999940395355, "travel_planning": 0.637499988079071, "attending_an_event": 0.807692289352417, "general": 0.6666666865348816}