{"projected_success (in-context)": 0.926829268292683, "technological_advancement": 0.6888888888888889, "space_exploration": 0.5154639175257731, "travel_planning": 0.6947368421052632, "attending_an_event": 0.8387096774193549, "general": 0.717391304347826}