{"illegal_activities (in-context)": 0.887499988079071, "general": 0.699999988079071, "promoting_self-harm": 0.7250000238418579, "personal_preference": 0.512499988079071, "generating_malicious_code": 0.800000011920929, "recipe_preference": 0.48750001192092896}