{
  "accuracy": {
    "illegal_activities (in-context)": 0.887499988079071,
    "general": 0.699999988079071,
    "promoting_self-harm": 0.7250000238418579,
    "personal_preference": 0.512499988079071,
    "generating_malicious_code": 0.800000011920929,
    "recipe_preference": 0.48750001192092896
  },
  "f1_scores": {
    "illegal_activities (in-context)": 0.8860759493670886,
    "general": 0.7272727272727273,
    "promoting_self-harm": 0.7441860465116279,
    "personal_preference": 0.6422018348623854,
    "generating_malicious_code": 0.75,
    "recipe_preference": 0.594059405940594
  }
}