{"illegal_activities (in-context)": 0.8860759493670886, "general": 0.7272727272727273, "promoting_self-harm": 0.7441860465116279, "personal_preference": 0.6422018348623854, "generating_malicious_code": 0.75, "recipe_preference": 0.594059405940594}