{
  "layer_4": {
    "accuracy": {
      "general (in-context)": 0.8375000357627869,
      "basic_medical_information": 0.7250000238418579,
      "scientific_fact_verification": 0.7749999761581421,
      "simple_mathematical_calculation": 0.800000011920929,
      "historical_event_accuracy": 0.737500011920929,
      "definition_of_a_common_word": 0.8999999761581421
    },
    "f1_scores": {
      "general (in-context)": 0.8354430379746836,
      "basic_medical_information": 0.75,
      "scientific_fact_verification": 0.775,
      "simple_mathematical_calculation": 0.7575757575757576,
      "historical_event_accuracy": 0.7469879518072289,
      "definition_of_a_common_word": 0.8974358974358975
    }
  },
  "layer_8": {
    "accuracy": {
      "general (in-context)": 0.9000000357627869,
      "basic_medical_information": 0.862500011920929,
      "scientific_fact_verification": 0.824999988079071,
      "simple_mathematical_calculation": 0.7875000238418579,
      "historical_event_accuracy": 0.800000011920929,
      "definition_of_a_common_word": 0.9624999761581421
    },
    "f1_scores": {
      "general (in-context)": 0.8974358974358975,
      "basic_medical_information": 0.8764044943820225,
      "scientific_fact_verification": 0.8055555555555556,
      "simple_mathematical_calculation": 0.7605633802816901,
      "historical_event_accuracy": 0.8095238095238095,
      "definition_of_a_common_word": 0.961038961038961
    }
  },
  "layer_12": {
    "accuracy": {
      "general (in-context)": 0.925000011920929,
      "basic_medical_information": 0.9375,
      "scientific_fact_verification": 0.8500000238418579,
      "simple_mathematical_calculation": 0.7749999761581421,
      "historical_event_accuracy": 0.8500000238418579,
      "definition_of_a_common_word": 0.949999988079071
    },
    "f1_scores": {
      "general (in-context)": 0.9210526315789473,
      "basic_medical_information": 0.9411764705882353,
      "scientific_fact_verification": 0.8285714285714286,
      "simple_mathematical_calculation": 0.7428571428571429,
      "historical_event_accuracy": 0.85,
      "definition_of_a_common_word": 0.9473684210526315
    }
  },
  "layer_16": {
    "accuracy": {
      "general (in-context)": 0.949999988079071,
      "basic_medical_information": 0.925000011920929,
      "scientific_fact_verification": 0.8500000238418579,
      "simple_mathematical_calculation": 0.8374999761581421,
      "historical_event_accuracy": 0.862500011920929,
      "definition_of_a_common_word": 0.949999988079071
    },
    "f1_scores": {
      "general (in-context)": 0.9487179487179487,
      "basic_medical_information": 0.9302325581395349,
      "scientific_fact_verification": 0.8285714285714286,
      "simple_mathematical_calculation": 0.8266666666666667,
      "historical_event_accuracy": 0.8705882352941177,
      "definition_of_a_common_word": 0.9473684210526315
    }
  },
  "layer_20": {
    "accuracy": {
      "general (in-context)": 0.9750000238418579,
      "basic_medical_information": 0.9375,
      "scientific_fact_verification": 0.862500011920929,
      "simple_mathematical_calculation": 0.8500000238418579,
      "historical_event_accuracy": 0.9125000238418579,
      "definition_of_a_common_word": 0.9624999761581421
    },
    "f1_scores": {
      "general (in-context)": 0.975,
      "basic_medical_information": 0.9397590361445783,
      "scientific_fact_verification": 0.8405797101449275,
      "simple_mathematical_calculation": 0.8536585365853658,
      "historical_event_accuracy": 0.9135802469135802,
      "definition_of_a_common_word": 0.961038961038961
    }
  },
  "layer_24": {
    "accuracy": {
      "general (in-context)": 0.925000011920929,
      "basic_medical_information": 0.9624999761581421,
      "scientific_fact_verification": 0.862500011920929,
      "simple_mathematical_calculation": 0.8500000238418579,
      "historical_event_accuracy": 0.8374999761581421,
      "definition_of_a_common_word": 0.9624999761581421
    },
    "f1_scores": {
      "general (in-context)": 0.9210526315789473,
      "basic_medical_information": 0.9629629629629629,
      "scientific_fact_verification": 0.8405797101449275,
      "simple_mathematical_calculation": 0.8378378378378378,
      "historical_event_accuracy": 0.8354430379746836,
      "definition_of_a_common_word": 0.961038961038961
    }
  },
  "layer_28": {
    "accuracy": {
      "general (in-context)": 0.9000000357627869,
      "basic_medical_information": 0.9624999761581421,
      "scientific_fact_verification": 0.875,
      "simple_mathematical_calculation": 0.862500011920929,
      "historical_event_accuracy": 0.7749999761581421,
      "definition_of_a_common_word": 0.9750000238418579
    },
    "f1_scores": {
      "general (in-context)": 0.8947368421052632,
      "basic_medical_information": 0.9629629629629629,
      "scientific_fact_verification": 0.8648648648648649,
      "simple_mathematical_calculation": 0.8533333333333334,
      "historical_event_accuracy": 0.7692307692307693,
      "definition_of_a_common_word": 0.9743589743589743
    }
  }
}