{"basic_medical_information (in-context)": 0.987500011920929, "scientific_fact_verification": 0.737500011920929, "simple_mathematical_calculation": 0.625, "historical_event_accuracy": 0.699999988079071, "definition_of_a_common_word": 0.9624999761581421, "general": 0.7749999761581421}