{
  "accuracy": {
    "basic_medical_information (in-context)": 0.987500011920929,
    "scientific_fact_verification": 0.737500011920929,
    "simple_mathematical_calculation": 0.625,
    "historical_event_accuracy": 0.699999988079071,
    "definition_of_a_common_word": 0.9624999761581421,
    "general": 0.7749999761581421
  },
  "f1_scores": {
    "basic_medical_information (in-context)": 0.9876543209876543,
    "scientific_fact_verification": 0.6557377049180327,
    "simple_mathematical_calculation": 0.4,
    "historical_event_accuracy": 0.7333333333333333,
    "definition_of_a_common_word": 0.961038961038961,
    "general": 0.7428571428571429
  }
}