{"basic_medical_information (in-context)": 0.9876543209876543, "scientific_fact_verification": 0.6557377049180327, "simple_mathematical_calculation": 0.4, "historical_event_accuracy": 0.7333333333333333, "definition_of_a_common_word": 0.961038961038961, "general": 0.7428571428571429}