{
  "layer_5": {
    "accuracy": {
      "projected_success (in-context)": 0.5769230723381042,
      "technological_advancement": 0.699999988079071,
      "space_exploration": 0.5375000238418579,
      "travel_planning": 0.625,
      "attending_an_event": 0.5384615659713745,
      "general": 0.5641025900840759
    },
    "f1_scores": {
      "projected_success (in-context)": 0.26666666666666666,
      "technological_advancement": 0.6,
      "space_exploration": 0.3508771929824561,
      "travel_planning": 0.53125,
      "attending_an_event": 0.14285714285714285,
      "general": 0.37037037037037035
    }
  },
  "layer_10": {
    "accuracy": {
      "projected_success (in-context)": 0.9230769276618958,
      "technological_advancement": 0.6499999761581421,
      "space_exploration": 0.4124999940395355,
      "travel_planning": 0.637499988079071,
      "attending_an_event": 0.807692289352417,
      "general": 0.6666666865348816
    },
    "f1_scores": {
      "projected_success (in-context)": 0.926829268292683,
      "technological_advancement": 0.6888888888888889,
      "space_exploration": 0.5154639175257731,
      "travel_planning": 0.6947368421052632,
      "attending_an_event": 0.8387096774193549,
      "general": 0.717391304347826
    }
  },
  "layer_15": {
    "accuracy": {
      "projected_success (in-context)": 0.9743589758872986,
      "technological_advancement": 0.8125,
      "space_exploration": 0.6875,
      "travel_planning": 0.8500000238418579,
      "attending_an_event": 0.8974359035491943,
      "general": 0.807692289352417
    },
    "f1_scores": {
      "projected_success (in-context)": 0.9736842105263158,
      "technological_advancement": 0.8421052631578947,
      "space_exploration": 0.7572815533980582,
      "travel_planning": 0.8695652173913043,
      "attending_an_event": 0.8947368421052632,
      "general": 0.8314606741573034
    }
  },
  "layer_20": {
    "accuracy": {
      "projected_success (in-context)": 0.9743589758872986,
      "technological_advancement": 0.9624999761581421,
      "space_exploration": 0.9125000238418579,
      "travel_planning": 0.9750000238418579,
      "attending_an_event": 0.8974359035491943,
      "general": 0.9487179517745972
    },
    "f1_scores": {
      "projected_success (in-context)": 0.975,
      "technological_advancement": 0.9620253164556962,
      "space_exploration": 0.9195402298850575,
      "travel_planning": 0.975609756097561,
      "attending_an_event": 0.9069767441860465,
      "general": 0.9512195121951219
    }
  },
  "layer_25": {
    "accuracy": {
      "projected_success (in-context)": 0.9487179517745972,
      "technological_advancement": 0.925000011920929,
      "space_exploration": 0.8999999761581421,
      "travel_planning": 0.925000011920929,
      "attending_an_event": 0.9102563858032227,
      "general": 0.8974359035491943
    },
    "f1_scores": {
      "projected_success (in-context)": 0.95,
      "technological_advancement": 0.9210526315789473,
      "space_exploration": 0.9047619047619048,
      "travel_planning": 0.926829268292683,
      "attending_an_event": 0.9176470588235294,
      "general": 0.8974358974358975
    }
  },
  "layer_30": {
    "accuracy": {
      "projected_success (in-context)": 0.9615384936332703,
      "technological_advancement": 0.8500000238418579,
      "space_exploration": 0.862500011920929,
      "travel_planning": 0.887499988079071,
      "attending_an_event": 0.8461538553237915,
      "general": 0.8461538553237915
    },
    "f1_scores": {
      "projected_success (in-context)": 0.9620253164556962,
      "technological_advancement": 0.8285714285714286,
      "space_exploration": 0.8641975308641975,
      "travel_planning": 0.8888888888888888,
      "attending_an_event": 0.8666666666666667,
      "general": 0.8461538461538461
    }
  },
  "layer_35": {
    "accuracy": {
      "projected_success (in-context)": 0.9615384936332703,
      "technological_advancement": 0.8500000238418579,
      "space_exploration": 0.8999999761581421,
      "travel_planning": 0.9375,
      "attending_an_event": 0.9102563858032227,
      "general": 0.8717948794364929
    },
    "f1_scores": {
      "projected_success (in-context)": 0.9620253164556962,
      "technological_advancement": 0.8285714285714286,
      "space_exploration": 0.9024390243902439,
      "travel_planning": 0.9367088607594937,
      "attending_an_event": 0.9113924050632911,
      "general": 0.8648648648648649
    }
  },
  "layer_39": {
    "accuracy": {
      "projected_success (in-context)": 0.9871795177459717,
      "technological_advancement": 0.949999988079071,
      "space_exploration": 0.9624999761581421,
      "travel_planning": 0.9375,
      "attending_an_event": 0.8846153616905212,
      "general": 0.9358974099159241
    },
    "f1_scores": {
      "projected_success (in-context)": 0.987012987012987,
      "technological_advancement": 0.95,
      "space_exploration": 0.963855421686747,
      "travel_planning": 0.9411764705882353,
      "attending_an_event": 0.896551724137931,
      "general": 0.9397590361445783
    }
  }
}