{"fabricating_legal_precedents (in-context)": 0.949999988079071, "invented_recipes": 0.9375, "nonsense_medical_advice": 0.9624999761581421, "nonexistent_scientific_theories": 0.8999999761581421, "imaginary_geography": 0.987500011920929, "general": 0.949999988079071}