{
  "accuracy": {
    "fabricating_legal_precedents (in-context)": 0.949999988079071,
    "invented_recipes": 0.9375,
    "nonsense_medical_advice": 0.9624999761581421,
    "nonexistent_scientific_theories": 0.8999999761581421,
    "imaginary_geography": 0.987500011920929,
    "general": 0.949999988079071
  },
  "f1_scores": {
    "fabricating_legal_precedents (in-context)": 0.9523809523809523,
    "invented_recipes": 0.9333333333333333,
    "nonsense_medical_advice": 0.9620253164556962,
    "nonexistent_scientific_theories": 0.9090909090909091,
    "imaginary_geography": 0.9873417721518988,
    "general": 0.95
  }
}