{"fabricating_legal_precedents (in-context)": 0.9523809523809523, "invented_recipes": 0.9333333333333333, "nonsense_medical_advice": 0.9620253164556962, "nonexistent_scientific_theories": 0.9090909090909091, "imaginary_geography": 0.9873417721518988, "general": 0.95}