{"promoting_self-harm (in-context)": 0.9375, "general": 0.800000011920929, "illegal_activities": 0.925000011920929, "personal_preference": 0.6000000238418579, "generating_malicious_code": 0.8125, "recipe_preference": 0.75}