{"imaginary_geography (in-context)": 0.9629629629629629, "invented_recipes": 0.961038961038961, "general": 0.8809523809523809, "nonsense_medical_advice": 0.8041237113402062, "fabricating_legal_precedents": 0.851063829787234, "nonexistent_scientific_theories": 0.8210526315789474}