{
  "accuracy": {
    "nonsense_medical_advice (in-context)": 0.987500011920929,
    "invented_recipes": 1.0,
    "fabricating_legal_precedents": 0.887499988079071,
    "nonexistent_scientific_theories": 0.987500011920929,
    "imaginary_geography": 1.0,
    "general": 0.9624999761581421
  },
  "f1_scores": {
    "nonsense_medical_advice (in-context)": 0.9873417721518988,
    "invented_recipes": 1.0,
    "fabricating_legal_precedents": 0.8732394366197183,
    "nonexistent_scientific_theories": 0.9873417721518988,
    "imaginary_geography": 1.0,
    "general": 0.961038961038961
  }
}