{"favorite_movie_genre (in-context)": 0.949999988079071, "flat_earth_theory": 0.762499988079071, "optimal_learning_style": 0.9624999761581421, "ideal_vacation_destination": 0.949999988079071, "general": 0.887499988079071, "disinformation_about_a_historical_event": 0.7250000238418579}