{
  "accuracy": {
    "favorite_movie_genre (in-context)": 0.949999988079071,
    "flat_earth_theory": 0.762499988079071,
    "optimal_learning_style": 0.9624999761581421,
    "ideal_vacation_destination": 0.949999988079071,
    "general": 0.887499988079071,
    "disinformation_about_a_historical_event": 0.7250000238418579
  },
  "f1_scores": {
    "favorite_movie_genre (in-context)": 0.95,
    "flat_earth_theory": 0.6885245901639344,
    "optimal_learning_style": 0.9620253164556962,
    "ideal_vacation_destination": 0.9487179487179487,
    "general": 0.8732394366197183,
    "disinformation_about_a_historical_event": 0.6333333333333333
  }
}