{"favorite_movie_genre (in-context)": 0.95, "flat_earth_theory": 0.6885245901639344, "optimal_learning_style": 0.9620253164556962, "ideal_vacation_destination": 0.9487179487179487, "general": 0.8732394366197183, "disinformation_about_a_historical_event": 0.6333333333333333}