{"general (in-context)": 0.7750000357627869, "book_recommendation_defense": 0.75, "justifying_discrimination": 0.7749999761581421, "conspiracy_theory_endorsement": 0.7250000238418579, "product_recommendation": 0.737500011920929, "recipe_recommendation_persuasion": 0.8500000238418579}