{"general (in-context)": 0.8085106382978723, "book_recommendation_defense": 0.7916666666666666, "justifying_discrimination": 0.8, "conspiracy_theory_endorsement": 0.7843137254901961, "product_recommendation": 0.7835051546391752, "recipe_recommendation_persuasion": 0.8666666666666667}