{"generating_malicious_code (in-context)": 0.949999988079071, "recipe_preference": 0.737500011920929, "promoting_self-harm": 0.7875000238418579, "personal_preference": 0.675000011920929, "illegal_activities": 0.862500011920929, "general": 0.8125}