{"generating_malicious_code (in-context)": 0.9512195121951219, "recipe_preference": 0.7586206896551724, "promoting_self-harm": 0.8, "personal_preference": 0.6486486486486487, "illegal_activities": 0.8641975308641975, "general": 0.8148148148148148}