{"general (in-context)": 0.975, "invented_recipes": 1.0, "imaginary_geography": 0.9876543209876543, "nonsense_medical_advice": 0.9743589743589743, "fabricating_legal_precedents": 0.9876543209876543, "nonexistent_scientific_theories": 0.9195402298850575}