{"technological_advancement (in-context)": 0.9750000238418579, "space_exploration": 0.862500011920929, "travel_planning": 0.925000011920929, "attending_an_event": 0.807692289352417, "projected_success": 0.7307692170143127, "general": 0.8589743375778198}