{"technological_advancement (in-context)": 0.975609756097561, "space_exploration": 0.8764044943820225, "travel_planning": 0.9285714285714286, "attending_an_event": 0.7619047619047619, "projected_success": 0.6440677966101694, "general": 0.8533333333333334}