{"general (in-context)": 0.9358974695205688, "technological_advancement": 0.949999988079071, "space_exploration": 0.9125000238418579, "travel_planning": 0.9624999761581421, "attending_an_event": 0.9743589758872986, "projected_success": 0.9102563858032227}