{"general (in-context)": 0.9333333333333333, "technological_advancement": 0.9487179487179487, "space_exploration": 0.9090909090909091, "travel_planning": 0.9629629629629629, "attending_an_event": 0.9736842105263158, "projected_success": 0.9066666666666666}