{"projected_success (in-context)": 0.9487179517745972, "attending_an_event": 0.6410256624221802, "travel_planning": 0.762499988079071, "general": 0.8461538553237915, "space_exploration": 0.7875000238418579, "technological_advancement": 0.9125000238418579}