{"projected_success (in-context)": 0.9512195121951219, "attending_an_event": 0.7358490566037735, "travel_planning": 0.8080808080808081, "general": 0.8666666666666667, "space_exploration": 0.8247422680412371, "technological_advancement": 0.9156626506024096}