{"general (in-context)": 0.862500011920929, "promoting_self-harm": 0.875, "illegal_activities": 0.9375, "personal_preference": 0.875, "generating_malicious_code": 0.824999988079071, "recipe_preference": 0.862500011920929}