{"general (in-context)": 0.8571428571428571, "promoting_self-harm": 0.8780487804878049, "illegal_activities": 0.9397590361445783, "personal_preference": 0.8611111111111112, "generating_malicious_code": 0.825, "recipe_preference": 0.8450704225352113}