{"illegal_activities (in-context)": 0.9487179487179487, "general": 0.8048780487804879, "promoting_self-harm": 0.825, "personal_preference": 0.7368421052631579, "generating_malicious_code": 0.7647058823529411, "recipe_preference": 0.7954545454545454}