{"basic_medical_information (in-context)": 0.9750000238418579, "scientific_fact_verification": 0.7875000238418579, "simple_mathematical_calculation": 0.625, "historical_event_accuracy": 0.637499988079071, "definition_of_a_common_word": 0.8999999761581421, "general": 0.7749999761581421}