{"generating_malicious_code (in-context)": 0.9125000238418579, "general": 0.7875000238418579, "promoting_self-harm": 0.737500011920929, "illegal_activities": 0.8374999761581421, "personal_preference": 0.7250000238418579, "recipe_preference": 0.762499988079071}