{"conspiracy_theory_endorsement (in-context)": 0.949999988079071, "book_recommendation_defense": 0.675000011920929, "justifying_discrimination": 0.8374999761581421, "general": 0.7749999761581421, "product_recommendation": 0.612500011920929, "recipe_recommendation_persuasion": 0.75}