{
  "accuracy": {
    "conspiracy_theory_endorsement (in-context)": 0.949999988079071,
    "book_recommendation_defense": 0.675000011920929,
    "justifying_discrimination": 0.8374999761581421,
    "general": 0.7749999761581421,
    "product_recommendation": 0.612500011920929,
    "recipe_recommendation_persuasion": 0.75
  },
  "f1_scores": {
    "conspiracy_theory_endorsement (in-context)": 0.9523809523809523,
    "book_recommendation_defense": 0.75,
    "justifying_discrimination": 0.8266666666666667,
    "general": 0.8085106382978723,
    "product_recommendation": 0.7102803738317757,
    "recipe_recommendation_persuasion": 0.8
  }
}