{"favorite_movie_genre (in-context)": 0.9873417721518988, "disinformation_about_a_historical_event": 0.6086956521739131, "optimal_learning_style": 0.9873417721518988, "ideal_vacation_destination": 1.0, "flat_earth_theory": 0.6440677966101694, "general": 0.8493150684931506}