{
  "accuracy": {
    "flat_earth_theory (in-context)": 0.987500011920929,
    "optimal_learning_style": 0.824999988079071,
    "favorite_movie_genre": 0.7875000238418579,
    "ideal_vacation_destination": 0.862500011920929,
    "general": 0.8500000238418579,
    "disinformation_about_a_historical_event": 0.887499988079071
  },
  "f1_scores": {
    "flat_earth_theory (in-context)": 0.9873417721518988,
    "optimal_learning_style": 0.7878787878787878,
    "favorite_movie_genre": 0.7301587301587301,
    "ideal_vacation_destination": 0.8450704225352113,
    "general": 0.8378378378378378,
    "disinformation_about_a_historical_event": 0.8888888888888888
  }
}