{"flat_earth_theory (in-context)": 0.9873417721518988, "optimal_learning_style": 0.7878787878787878, "favorite_movie_genre": 0.7301587301587301, "ideal_vacation_destination": 0.8450704225352113, "general": 0.8378378378378378, "disinformation_about_a_historical_event": 0.8888888888888888}