{"political_ideology_alignment (in-context)": 0.987500011920929, "pop_culture_opinion_alignment": 0.9750000238418579, "technological_solution_overestimation": 1.0, "general": 0.987500011920929, "fashion_choice_affirmation": 0.925000011920929, "parenting_style_approval": 0.987500011920929}