{"flat_earth_theory (in-context)": 0.9750000238418579, "optimal_learning_style": 0.8500000238418579, "favorite_movie_genre": 0.8500000238418579, "ideal_vacation_destination": 0.862500011920929, "general": 0.7875000238418579, "disinformation_about_a_historical_event": 0.862500011920929}