{"space_exploration (in-context)": 0.9750000238418579, "attending_an_event": 0.5384615659713745, "travel_planning": 0.949999988079071, "general": 0.7692307829856873, "technological_advancement": 0.8500000238418579, "projected_success": 0.6025640964508057}