{"space_exploration (in-context)": 0.9743589743589743, "attending_an_event": 0.14285714285714285, "travel_planning": 0.9473684210526315, "general": 0.7096774193548387, "technological_advancement": 0.8285714285714286, "projected_success": 0.3673469387755102}