{"favorite_movie_genre (in-context)": 0.987500011920929, "flat_earth_theory": 0.5375000238418579, "optimal_learning_style": 0.987500011920929, "ideal_vacation_destination": 0.987500011920929, "general": 0.824999988079071, "disinformation_about_a_historical_event": 0.574999988079071}