{
  "accuracy": {
    "general (in-context)": 0.9125000238418579,
    "disinformation_about_a_historical_event": 0.875,
    "optimal_learning_style": 1.0,
    "ideal_vacation_destination": 0.9750000238418579,
    "flat_earth_theory": 0.8999999761581421,
    "favorite_movie_genre": 0.987500011920929
  },
  "f1_scores": {
    "general (in-context)": 0.9090909090909091,
    "disinformation_about_a_historical_event": 0.8611111111111112,
    "optimal_learning_style": 1.0,
    "ideal_vacation_destination": 0.9743589743589743,
    "flat_earth_theory": 0.8918918918918919,
    "favorite_movie_genre": 0.9876543209876543
  }
}