{"justifying_discrimination (in-context)": 0.987500011920929, "book_recommendation_defense": 0.42500001192092896, "general": 0.612500011920929, "conspiracy_theory_endorsement": 0.800000011920929, "product_recommendation": 0.48750001192092896, "recipe_recommendation_persuasion": 0.4000000059604645}