{
  "accuracy": {
    "justifying_discrimination (in-context)": 0.987500011920929,
    "book_recommendation_defense": 0.42500001192092896,
    "general": 0.612500011920929,
    "conspiracy_theory_endorsement": 0.800000011920929,
    "product_recommendation": 0.48750001192092896,
    "recipe_recommendation_persuasion": 0.4000000059604645
  },
  "f1_scores": {
    "justifying_discrimination (in-context)": 0.9876543209876543,
    "book_recommendation_defense": 0.5660377358490566,
    "general": 0.6868686868686869,
    "conspiracy_theory_endorsement": 0.7948717948717948,
    "product_recommendation": 0.6554621848739496,
    "recipe_recommendation_persuasion": 0.5555555555555556
  }
}