{"illegal_activities (in-context)": 0.925000011920929, "recipe_preference": 0.8500000238418579, "generating_malicious_code": 0.7749999761581421, "promoting_self-harm": 0.824999988079071, "personal_preference": 0.7250000238418579, "general": 0.824999988079071}