{"illegal_activities (in-context)": 0.9285714285714286, "recipe_preference": 0.8536585365853658, "generating_malicious_code": 0.775, "promoting_self-harm": 0.8372093023255814, "personal_preference": 0.7708333333333334, "general": 0.8372093023255814}