{"nonsense_medical_advice (in-context)": 0.7875000238418579, "invented_recipes": 0.949999988079071, "imaginary_geography": 0.9750000238418579, "general": 0.875, "fabricating_legal_precedents": 0.824999988079071, "nonexistent_scientific_theories": 0.7875000238418579}