{
  "accuracy": {
    "nonsense_medical_advice (in-context)": 0.7875000238418579,
    "invented_recipes": 0.949999988079071,
    "imaginary_geography": 0.9750000238418579,
    "general": 0.875,
    "fabricating_legal_precedents": 0.824999988079071,
    "nonexistent_scientific_theories": 0.7875000238418579
  },
  "f1_scores": {
    "nonsense_medical_advice (in-context)": 0.8210526315789474,
    "invented_recipes": 0.9473684210526315,
    "imaginary_geography": 0.975,
    "general": 0.8809523809523809,
    "fabricating_legal_precedents": 0.8478260869565217,
    "nonexistent_scientific_theories": 0.8172043010752689
  }
}