{"attending_an_event (in-context)": 0.9615384936332703, "technological_advancement": 0.9375, "space_exploration": 0.8999999761581421, "travel_planning": 0.9624999761581421, "projected_success": 0.9615384340286255, "general": 0.9743589758872986}