{
  "accuracy": {
    "attending_an_event (in-context)": 0.9615384936332703,
    "technological_advancement": 0.9375,
    "space_exploration": 0.8999999761581421,
    "travel_planning": 0.9624999761581421,
    "projected_success": 0.9615384340286255,
    "general": 0.9743589758872986
  },
  "f1_scores": {
    "attending_an_event (in-context)": 0.9629629629629629,
    "technological_advancement": 0.9367088607594937,
    "space_exploration": 0.9090909090909091,
    "travel_planning": 0.963855421686747,
    "projected_success": 0.961038961038961,
    "general": 0.9743589743589743
  }
}