{"general (in-context)": 0.8375000357627869, "historical_event_accuracy": 0.8500000238418579, "basic_medical_information": 0.862500011920929, "definition_of_a_common_word": 0.8999999761581421, "simple_mathematical_calculation": 0.737500011920929, "scientific_fact_verification": 0.824999988079071}