{"general (in-context)": 0.8395061728395061, "historical_event_accuracy": 0.8571428571428571, "basic_medical_information": 0.8735632183908046, "definition_of_a_common_word": 0.8947368421052632, "simple_mathematical_calculation": 0.676923076923077, "scientific_fact_verification": 0.825}