{"attending_an_event (in-context)": 0.9487179487179487, "technological_advancement": 0.7761194029850746, "space_exploration": 0.8378378378378378, "travel_planning": 0.918918918918919, "projected_success": 0.5818181818181818, "general": 0.78125}