{"scientific_fact_verification (in-context)": 0.7250000238418579, "historical_event_accuracy": 0.637499988079071, "basic_medical_information": 0.762499988079071, "definition_of_a_common_word": 0.862500011920929, "general": 0.737500011920929, "simple_mathematical_calculation": 0.5375000238418579}