{
  "accuracy": {
    "scientific_fact_verification (in-context)": 0.7250000238418579,
    "historical_event_accuracy": 0.637499988079071,
    "basic_medical_information": 0.762499988079071,
    "definition_of_a_common_word": 0.862500011920929,
    "general": 0.737500011920929,
    "simple_mathematical_calculation": 0.5375000238418579
  },
  "f1_scores": {
    "scientific_fact_verification (in-context)": 0.75,
    "historical_event_accuracy": 0.6813186813186813,
    "basic_medical_information": 0.7532467532467533,
    "definition_of_a_common_word": 0.8405797101449275,
    "general": 0.7123287671232876,
    "simple_mathematical_calculation": 0.13953488372093023
  }
}