{"technological_advancement (in-context)": 0.9750000238418579, "space_exploration": 0.9125000238418579, "travel_planning": 0.987500011920929, "attending_an_event": 0.8717948794364929, "projected_success": 0.7435897588729858, "general": 0.8846153616905212}