{"technological_advancement (in-context)": 0.975609756097561, "space_exploration": 0.9195402298850575, "travel_planning": 0.9873417721518988, "attending_an_event": 0.8529411764705882, "projected_success": 0.6774193548387096, "general": 0.8767123287671232}