{"basic_medical_information (in-context)": 0.9625000357627869, "historical_event_accuracy": 0.6499999761581421, "definition_of_a_common_word": 0.862500011920929, "general": 0.800000011920929, "simple_mathematical_calculation": 0.5249999761581421, "scientific_fact_verification": 0.7875000238418579}