{
  "accuracy": {
    "basic_medical_information (in-context)": 0.9625000357627869,
    "historical_event_accuracy": 0.6499999761581421,
    "definition_of_a_common_word": 0.862500011920929,
    "general": 0.800000011920929,
    "simple_mathematical_calculation": 0.5249999761581421,
    "scientific_fact_verification": 0.7875000238418579
  },
  "f1_scores": {
    "basic_medical_information (in-context)": 0.9629629629629629,
    "historical_event_accuracy": 0.7021276595744681,
    "definition_of_a_common_word": 0.8405797101449275,
    "general": 0.7894736842105263,
    "simple_mathematical_calculation": 0.09523809523809523,
    "scientific_fact_verification": 0.7792207792207793
  }
}