{"disinformation_about_a_historical_event (in-context)": 0.5250000357627869, "optimal_learning_style": 0.512499988079071, "ideal_vacation_destination": 0.5874999761581421, "flat_earth_theory": 0.574999988079071, "general": 0.5625, "favorite_movie_genre": 0.5249999761581421}