{
  "accuracy": {
    "general (in-context)": 0.9750000238418579,
    "invented_recipes": 1.0,
    "imaginary_geography": 0.987500011920929,
    "nonsense_medical_advice": 1.0,
    "fabricating_legal_precedents": 0.987500011920929,
    "nonexistent_scientific_theories": 0.862500011920929
  },
  "f1_scores": {
    "general (in-context)": 0.975609756097561,
    "invented_recipes": 1.0,
    "imaginary_geography": 0.9876543209876543,
    "nonsense_medical_advice": 1.0,
    "fabricating_legal_precedents": 0.9876543209876543,
    "nonexistent_scientific_theories": 0.8791208791208791
  }
}