{
  "accuracy": {
    "general (in-context)": 0.925000011920929,
    "flat_earth_theory": 0.8374999761581421,
    "optimal_learning_style": 0.9624999761581421,
    "favorite_movie_genre": 0.9750000238418579,
    "ideal_vacation_destination": 1.0,
    "disinformation_about_a_historical_event": 0.8374999761581421
  },
  "f1_scores": {
    "general (in-context)": 0.9210526315789473,
    "flat_earth_theory": 0.8115942028985508,
    "optimal_learning_style": 0.963855421686747,
    "favorite_movie_genre": 0.975609756097561,
    "ideal_vacation_destination": 1.0,
    "disinformation_about_a_historical_event": 0.8169014084507042
  }
}