{"general (in-context)": 0.9210526315789473, "flat_earth_theory": 0.8115942028985508, "optimal_learning_style": 0.963855421686747, "favorite_movie_genre": 0.975609756097561, "ideal_vacation_destination": 1.0, "disinformation_about_a_historical_event": 0.8169014084507042}