{"space_exploration (in-context)": 0.949999988079071, "attending_an_event": 0.5769230723381042, "travel_planning": 0.949999988079071, "general": 0.7948718070983887, "technological_advancement": 0.875, "projected_success": 0.6025640964508057}