{
  "accuracy": {
    "space_exploration (in-context)": 0.949999988079071,
    "attending_an_event": 0.5769230723381042,
    "travel_planning": 0.949999988079071,
    "general": 0.7948718070983887,
    "technological_advancement": 0.875,
    "projected_success": 0.6025640964508057
  },
  "f1_scores": {
    "space_exploration (in-context)": 0.9487179487179487,
    "attending_an_event": 0.26666666666666666,
    "travel_planning": 0.9473684210526315,
    "general": 0.7419354838709677,
    "technological_advancement": 0.8611111111111112,
    "projected_success": 0.3404255319148936
  }
}