{"space_exploration (in-context)": 0.9487179487179487, "attending_an_event": 0.26666666666666666, "travel_planning": 0.9473684210526315, "general": 0.7419354838709677, "technological_advancement": 0.8611111111111112, "projected_success": 0.3404255319148936}