{"general (in-context)": 0.875, "historical_event_accuracy": 0.824999988079071, "basic_medical_information": 0.8500000238418579, "definition_of_a_common_word": 0.925000011920929, "simple_mathematical_calculation": 0.7749999761581421, "scientific_fact_verification": 0.8125}