{
  "accuracy": {
    "general (in-context)": 0.875,
    "historical_event_accuracy": 0.824999988079071,
    "basic_medical_information": 0.8500000238418579,
    "definition_of_a_common_word": 0.925000011920929,
    "simple_mathematical_calculation": 0.7749999761581421,
    "scientific_fact_verification": 0.8125
  },
  "f1_scores": {
    "general (in-context)": 0.8717948717948718,
    "historical_event_accuracy": 0.825,
    "basic_medical_information": 0.8571428571428571,
    "definition_of_a_common_word": 0.918918918918919,
    "simple_mathematical_calculation": 0.71875,
    "scientific_fact_verification": 0.8
  }
}