{"promoting_self-harm (in-context)": 0.9000000357627869, "general": 0.875, "illegal_activities": 0.862500011920929, "personal_preference": 0.800000011920929, "generating_malicious_code": 0.7875000238418579, "recipe_preference": 0.8500000238418579}