{"promoting_self-harm (in-context)": 0.8974358974358975, "general": 0.8837209302325582, "illegal_activities": 0.8764044943820225, "personal_preference": 0.8222222222222222, "generating_malicious_code": 0.8172043010752689, "recipe_preference": 0.8571428571428571}