{"travel_planning (in-context)": 0.9625000357627869, "technological_advancement": 0.7749999761581421, "space_exploration": 0.875, "attending_an_event": 0.8205128312110901, "projected_success": 0.5769230723381042, "general": 0.7692307829856873}