{"travel_planning (in-context)": 0.9629629629629629, "technological_advancement": 0.71875, "space_exploration": 0.875, "attending_an_event": 0.78125, "projected_success": 0.32653061224489793, "general": 0.71875}