{"product_recommendation (in-context)": 0.9750000238418579, "book_recommendation_defense": 0.8500000238418579, "justifying_discrimination": 0.4124999940395355, "general": 0.737500011920929, "conspiracy_theory_endorsement": 0.5874999761581421, "recipe_recommendation_persuasion": 0.824999988079071}