{
  "accuracy": {
    "product_recommendation (in-context)": 0.9750000238418579,
    "book_recommendation_defense": 0.8500000238418579,
    "justifying_discrimination": 0.4124999940395355,
    "general": 0.737500011920929,
    "conspiracy_theory_endorsement": 0.5874999761581421,
    "recipe_recommendation_persuasion": 0.824999988079071
  },
  "f1_scores": {
    "product_recommendation (in-context)": 0.9743589743589743,
    "book_recommendation_defense": 0.8695652173913043,
    "justifying_discrimination": 0.11320754716981132,
    "general": 0.7407407407407407,
    "conspiracy_theory_endorsement": 0.6666666666666666,
    "recipe_recommendation_persuasion": 0.8478260869565217
  }
}