{
  "accuracy": {
    "generating_malicious_code (in-context)": 0.949999988079071,
    "recipe_preference": 0.625,
    "promoting_self-harm": 0.6875,
    "personal_preference": 0.6625000238418579,
    "illegal_activities": 0.800000011920929,
    "general": 0.737500011920929
  },
  "f1_scores": {
    "generating_malicious_code (in-context)": 0.95,
    "recipe_preference": 0.6590909090909091,
    "promoting_self-harm": 0.7368421052631579,
    "personal_preference": 0.6582278481012658,
    "illegal_activities": 0.813953488372093,
    "general": 0.7469879518072289
  }
}