{"favorite_movie_genre (in-context)": 0.987500011920929, "disinformation_about_a_historical_event": 0.675000011920929, "optimal_learning_style": 1.0, "ideal_vacation_destination": 0.9750000238418579, "flat_earth_theory": 0.7875000238418579, "general": 0.887499988079071}