{"favorite_movie_genre (in-context)": 0.9873417721518988, "disinformation_about_a_historical_event": 0.6060606060606061, "optimal_learning_style": 1.0, "ideal_vacation_destination": 0.975, "flat_earth_theory": 0.7384615384615385, "general": 0.8767123287671232}