{"recipe_preference (in-context)": 0.8500000238418579, "generating_malicious_code": 0.637499988079071, "promoting_self-harm": 0.8125, "personal_preference": 0.762499988079071, "illegal_activities": 0.824999988079071, "general": 0.75}