{"recipe_preference (in-context)": 0.8461538461538461, "generating_malicious_code": 0.7339449541284404, "promoting_self-harm": 0.8351648351648352, "personal_preference": 0.8041237113402062, "illegal_activities": 0.8478260869565217, "general": 0.7872340425531915}