{"basic_medical_information (in-context)": 0.975609756097561, "historical_event_accuracy": 0.7184466019417476, "definition_of_a_common_word": 0.8888888888888888, "general": 0.7692307692307693, "simple_mathematical_calculation": 0.2978723404255319, "scientific_fact_verification": 0.775}