{"scientific_fact_verification (in-context)": 0.887499988079071, "historical_event_accuracy": 0.8125, "basic_medical_information": 0.7250000238418579, "definition_of_a_common_word": 0.7250000238418579, "general": 0.8125, "simple_mathematical_calculation": 0.737500011920929}