{"scientific_fact_verification (in-context)": 0.8831168831168831, "historical_event_accuracy": 0.7692307692307693, "basic_medical_information": 0.7380952380952381, "definition_of_a_common_word": 0.7555555555555555, "general": 0.810126582278481, "simple_mathematical_calculation": 0.6956521739130435}