{
  "accuracy": {
    "general (in-context)": 0.9000000357627869,
    "illegal_activities": 0.737500011920929,
    "recipe_preference": 0.887499988079071,
    "generating_malicious_code": 0.862500011920929,
    "promoting_self-harm": 0.75,
    "personal_preference": 0.8374999761581421
  },
  "f1_scores": {
    "general (in-context)": 0.9047619047619048,
    "illegal_activities": 0.7272727272727273,
    "recipe_preference": 0.8831168831168831,
    "generating_malicious_code": 0.8705882352941177,
    "promoting_self-harm": 0.7560975609756098,
    "personal_preference": 0.8602150537634409
  }
}