{
  "layer_5": {
    "accuracy": {
      "technological_advancement (in-context)": 0.762499988079071,
      "space_exploration": 0.7250000238418579,
      "travel_planning": 0.824999988079071,
      "attending_an_event": 0.5256410241127014,
      "projected_success": 0.5384615659713745,
      "general": 0.6666666865348816
    },
    "f1_scores": {
      "technological_advancement (in-context)": 0.7654320987654321,
      "space_exploration": 0.7708333333333334,
      "travel_planning": 0.8292682926829268,
      "attending_an_event": 0.0975609756097561,
      "projected_success": 0.25,
      "general": 0.6285714285714286
    }
  },
  "layer_10": {
    "accuracy": {
      "technological_advancement (in-context)": 0.949999988079071,
      "space_exploration": 0.862500011920929,
      "travel_planning": 0.9125000238418579,
      "attending_an_event": 0.5769230723381042,
      "projected_success": 0.5769230723381042,
      "general": 0.7179487347602844
    },
    "f1_scores": {
      "technological_advancement (in-context)": 0.9512195121951219,
      "space_exploration": 0.8735632183908046,
      "travel_planning": 0.9113924050632911,
      "attending_an_event": 0.26666666666666666,
      "projected_success": 0.32653061224489793,
      "general": 0.6666666666666666
    }
  },
  "layer_15": {
    "accuracy": {
      "technological_advancement (in-context)": 0.9750000238418579,
      "space_exploration": 0.9125000238418579,
      "travel_planning": 0.987500011920929,
      "attending_an_event": 0.8717948794364929,
      "projected_success": 0.7435897588729858,
      "general": 0.8846153616905212
    },
    "f1_scores": {
      "technological_advancement (in-context)": 0.975609756097561,
      "space_exploration": 0.9195402298850575,
      "travel_planning": 0.9873417721518988,
      "attending_an_event": 0.8529411764705882,
      "projected_success": 0.6774193548387096,
      "general": 0.8767123287671232
    }
  },
  "layer_20": {
    "accuracy": {
      "technological_advancement (in-context)": 0.9750000238418579,
      "space_exploration": 0.862500011920929,
      "travel_planning": 0.925000011920929,
      "attending_an_event": 0.807692289352417,
      "projected_success": 0.7307692170143127,
      "general": 0.8589743375778198
    },
    "f1_scores": {
      "technological_advancement (in-context)": 0.975609756097561,
      "space_exploration": 0.8764044943820225,
      "travel_planning": 0.9285714285714286,
      "attending_an_event": 0.7619047619047619,
      "projected_success": 0.6440677966101694,
      "general": 0.8533333333333334
    }
  },
  "layer_25": {
    "accuracy": {
      "technological_advancement (in-context)": 0.9750000238418579,
      "space_exploration": 0.9375,
      "travel_planning": 0.9375,
      "attending_an_event": 0.9230769276618958,
      "projected_success": 0.6410256624221802,
      "general": 0.8589743375778198
    },
    "f1_scores": {
      "technological_advancement (in-context)": 0.975,
      "space_exploration": 0.9411764705882353,
      "travel_planning": 0.935064935064935,
      "attending_an_event": 0.9166666666666666,
      "projected_success": 0.44,
      "general": 0.8405797101449275
    }
  },
  "layer_30": {
    "accuracy": {
      "technological_advancement (in-context)": 0.9625000357627869,
      "space_exploration": 0.887499988079071,
      "travel_planning": 0.8999999761581421,
      "attending_an_event": 0.9615384340286255,
      "projected_success": 0.9615384340286255,
      "general": 0.9487179517745972
    },
    "f1_scores": {
      "technological_advancement (in-context)": 0.963855421686747,
      "space_exploration": 0.898876404494382,
      "travel_planning": 0.9047619047619048,
      "attending_an_event": 0.9620253164556962,
      "projected_success": 0.96,
      "general": 0.95
    }
  },
  "layer_35": {
    "accuracy": {
      "technological_advancement (in-context)": 0.9625000357627869,
      "space_exploration": 0.9125000238418579,
      "travel_planning": 0.9375,
      "attending_an_event": 0.8974359035491943,
      "projected_success": 0.7435897588729858,
      "general": 0.8333333134651184
    },
    "f1_scores": {
      "technological_advancement (in-context)": 0.9629629629629629,
      "space_exploration": 0.9195402298850575,
      "travel_planning": 0.9367088607594937,
      "attending_an_event": 0.8918918918918919,
      "projected_success": 0.6666666666666666,
      "general": 0.8169014084507042
    }
  },
  "layer_39": {
    "accuracy": {
      "technological_advancement (in-context)": 0.9750000238418579,
      "space_exploration": 0.9624999761581421,
      "travel_planning": 0.949999988079071,
      "attending_an_event": 0.8717948794364929,
      "projected_success": 0.692307710647583,
      "general": 0.8717948794364929
    },
    "f1_scores": {
      "technological_advancement (in-context)": 0.975,
      "space_exploration": 0.963855421686747,
      "travel_planning": 0.9512195121951219,
      "attending_an_event": 0.8529411764705882,
      "projected_success": 0.5555555555555556,
      "general": 0.8529411764705882
    }
  }
}