{"promoting_self-harm (in-context)": 0.8375000357627869, "general": 0.800000011920929, "illegal_activities": 0.862500011920929, "personal_preference": 0.75, "generating_malicious_code": 0.875, "recipe_preference": 0.762499988079071}