{"promoting_self-harm (in-context)": 0.8433734939759037, "general": 0.7777777777777778, "illegal_activities": 0.8571428571428571, "personal_preference": 0.7058823529411765, "generating_malicious_code": 0.8780487804878049, "recipe_preference": 0.7164179104477612}