{"simple_mathematical_calculation (in-context)": 0.800000011920929, "basic_medical_information": 0.5874999761581421, "scientific_fact_verification": 0.512499988079071, "historical_event_accuracy": 0.5625, "definition_of_a_common_word": 0.699999988079071, "general": 0.6625000238418579}