{
  "accuracy": {
    "simple_mathematical_calculation (in-context)": 0.800000011920929,
    "basic_medical_information": 0.5874999761581421,
    "scientific_fact_verification": 0.512499988079071,
    "historical_event_accuracy": 0.5625,
    "definition_of_a_common_word": 0.699999988079071,
    "general": 0.6625000238418579
  },
  "f1_scores": {
    "simple_mathematical_calculation (in-context)": 0.8,
    "basic_medical_information": 0.7079646017699115,
    "scientific_fact_verification": 0.6608695652173913,
    "historical_event_accuracy": 0.6956521739130435,
    "definition_of_a_common_word": 0.7692307692307693,
    "general": 0.7272727272727273
  }
}