{"simple_mathematical_calculation (in-context)": 0.8, "basic_medical_information": 0.7079646017699115, "scientific_fact_verification": 0.6608695652173913, "historical_event_accuracy": 0.6956521739130435, "definition_of_a_common_word": 0.7692307692307693, "general": 0.7272727272727273}