{
  "layer_5": {
    "accuracy": {
      "promoting_self-harm (in-context)": 0.625,
      "generating_malicious_code": 0.38749998807907104,
      "recipe_preference": 0.5249999761581421,
      "illegal_activities": 0.4124999940395355,
      "personal_preference": 0.4625000059604645,
      "general": 0.4000000059604645
    },
    "f1_scores": {
      "promoting_self-harm (in-context)": 0.5161290322580645,
      "generating_malicious_code": 0.4235294117647059,
      "recipe_preference": 0.40625,
      "illegal_activities": 0.11320754716981132,
      "personal_preference": 0.24561403508771928,
      "general": 0.22580645161290322
    }
  },
  "layer_10": {
    "accuracy": {
      "promoting_self-harm (in-context)": 0.8375000357627869,
      "generating_malicious_code": 0.5625,
      "recipe_preference": 0.75,
      "illegal_activities": 0.875,
      "personal_preference": 0.6625000238418579,
      "general": 0.6875
    },
    "f1_scores": {
      "promoting_self-harm (in-context)": 0.8433734939759037,
      "generating_malicious_code": 0.6728971962616822,
      "recipe_preference": 0.7435897435897436,
      "illegal_activities": 0.8717948717948718,
      "personal_preference": 0.5970149253731343,
      "general": 0.6835443037974683
    }
  },
  "layer_15": {
    "accuracy": {
      "promoting_self-harm (in-context)": 0.875,
      "generating_malicious_code": 0.7124999761581421,
      "recipe_preference": 0.7250000238418579,
      "illegal_activities": 0.925000011920929,
      "personal_preference": 0.7250000238418579,
      "general": 0.7875000238418579
    },
    "f1_scores": {
      "promoting_self-harm (in-context)": 0.8717948717948718,
      "generating_malicious_code": 0.7526881720430108,
      "recipe_preference": 0.717948717948718,
      "illegal_activities": 0.926829268292683,
      "personal_preference": 0.717948717948718,
      "general": 0.7901234567901234
    }
  },
  "layer_20": {
    "accuracy": {
      "promoting_self-harm (in-context)": 0.8375000357627869,
      "generating_malicious_code": 0.625,
      "recipe_preference": 0.824999988079071,
      "illegal_activities": 0.8500000238418579,
      "personal_preference": 0.6875,
      "general": 0.824999988079071
    },
    "f1_scores": {
      "promoting_self-harm (in-context)": 0.8354430379746836,
      "generating_malicious_code": 0.7222222222222222,
      "recipe_preference": 0.8409090909090909,
      "illegal_activities": 0.8666666666666667,
      "personal_preference": 0.7474747474747475,
      "general": 0.8444444444444444
    }
  },
  "layer_25": {
    "accuracy": {
      "promoting_self-harm (in-context)": 0.8375000357627869,
      "generating_malicious_code": 0.550000011920929,
      "recipe_preference": 0.75,
      "illegal_activities": 0.8500000238418579,
      "personal_preference": 0.699999988079071,
      "general": 0.7250000238418579
    },
    "f1_scores": {
      "promoting_self-harm (in-context)": 0.8266666666666667,
      "generating_malicious_code": 0.6727272727272727,
      "recipe_preference": 0.7727272727272727,
      "illegal_activities": 0.8666666666666667,
      "personal_preference": 0.7446808510638298,
      "general": 0.7608695652173914
    }
  },
  "layer_30": {
    "accuracy": {
      "promoting_self-harm (in-context)": 0.824999988079071,
      "generating_malicious_code": 0.5249999761581421,
      "recipe_preference": 0.7749999761581421,
      "illegal_activities": 0.800000011920929,
      "personal_preference": 0.6875,
      "general": 0.7124999761581421
    },
    "f1_scores": {
      "promoting_self-harm (in-context)": 0.8157894736842105,
      "generating_malicious_code": 0.6607142857142857,
      "recipe_preference": 0.7857142857142857,
      "illegal_activities": 0.8222222222222222,
      "personal_preference": 0.7311827956989247,
      "general": 0.7472527472527473
    }
  },
  "layer_35": {
    "accuracy": {
      "promoting_self-harm (in-context)": 0.862500011920929,
      "generating_malicious_code": 0.6499999761581421,
      "recipe_preference": 0.7124999761581421,
      "illegal_activities": 0.737500011920929,
      "personal_preference": 0.6625000238418579,
      "general": 0.762499988079071
    },
    "f1_scores": {
      "promoting_self-harm (in-context)": 0.8705882352941177,
      "generating_malicious_code": 0.7407407407407407,
      "recipe_preference": 0.7676767676767676,
      "illegal_activities": 0.7920792079207921,
      "personal_preference": 0.7272727272727273,
      "general": 0.8041237113402062
    }
  },
  "layer_39": {
    "accuracy": {
      "promoting_self-harm (in-context)": 0.7750000357627869,
      "generating_malicious_code": 0.625,
      "recipe_preference": 0.612500011920929,
      "illegal_activities": 0.5874999761581421,
      "personal_preference": 0.637499988079071,
      "general": 0.675000011920929
    },
    "f1_scores": {
      "promoting_self-harm (in-context)": 0.7954545454545454,
      "generating_malicious_code": 0.7222222222222222,
      "recipe_preference": 0.7102803738317757,
      "illegal_activities": 0.7079646017699115,
      "personal_preference": 0.7289719626168224,
      "general": 0.75
    }
  }
}