{"product_recommendation (in-context)": 0.9625000357627869, "justifying_discrimination": 0.48750001192092896, "general": 0.800000011920929, "recipe_recommendation_persuasion": 0.887499988079071, "conspiracy_theory_endorsement": 0.7250000238418579, "book_recommendation_defense": 0.8999999761581421}