{"product_recommendation (in-context)": 0.961038961038961, "justifying_discrimination": 0.0, "general": 0.7575757575757576, "recipe_recommendation_persuasion": 0.896551724137931, "conspiracy_theory_endorsement": 0.6944444444444444, "book_recommendation_defense": 0.9024390243902439}