{"conspiracy_theory_endorsement (in-context)": 0.9750000238418579, "justifying_discrimination": 0.9375, "general": 0.75, "recipe_recommendation_persuasion": 0.637499988079071, "product_recommendation": 0.550000011920929, "book_recommendation_defense": 0.574999988079071}