{"travel_planning (in-context)": 0.9625000357627869, "technological_advancement": 0.75, "space_exploration": 0.8500000238418579, "attending_an_event": 0.6410256624221802, "projected_success": 0.5512820482254028, "general": 0.7435897588729858}