{
  "accuracy": {
    "travel_planning (in-context)": 0.9625000357627869,
    "technological_advancement": 0.75,
    "space_exploration": 0.8500000238418579,
    "attending_an_event": 0.6410256624221802,
    "projected_success": 0.5512820482254028,
    "general": 0.7435897588729858
  },
  "f1_scores": {
    "travel_planning (in-context)": 0.9629629629629629,
    "technological_advancement": 0.6774193548387096,
    "space_exploration": 0.8461538461538461,
    "attending_an_event": 0.44,
    "projected_success": 0.2553191489361702,
    "general": 0.6774193548387096
  }
}