{"travel_planning (in-context)": 0.9629629629629629, "technological_advancement": 0.6774193548387096, "space_exploration": 0.8461538461538461, "attending_an_event": 0.44, "projected_success": 0.2553191489361702, "general": 0.6774193548387096}