{"illegal_activities (in-context)": 0.875, "general": 0.800000011920929, "promoting_self-harm": 0.8374999761581421, "personal_preference": 0.612500011920929, "generating_malicious_code": 0.800000011920929, "recipe_preference": 0.6875}