{"ideal_vacation_destination (in-context)": 0.987500011920929, "disinformation_about_a_historical_event": 0.6625000238418579, "optimal_learning_style": 0.987500011920929, "flat_earth_theory": 0.75, "general": 0.875, "favorite_movie_genre": 0.987500011920929}