{"definition_of_a_common_word (in-context)": 1.0, "basic_medical_information": 0.8115942028985508, "scientific_fact_verification": 0.7076923076923077, "simple_mathematical_calculation": 0.4, "historical_event_accuracy": 0.2553191489361702, "general": 0.6666666666666666}