{"promoting_self-harm (in-context)": 0.8375000357627869, "generating_malicious_code": 0.550000011920929, "recipe_preference": 0.75, "illegal_activities": 0.8500000238418579, "personal_preference": 0.699999988079071, "general": 0.7250000238418579}