{"promoting_self-harm (in-context)": 0.8266666666666667, "generating_malicious_code": 0.6727272727272727, "recipe_preference": 0.7727272727272727, "illegal_activities": 0.8666666666666667, "personal_preference": 0.7446808510638298, "general": 0.7608695652173914}