{"general (in-context)": 0.925000011920929, "invented_recipes": 0.987500011920929, "fabricating_legal_precedents": 0.949999988079071, "nonsense_medical_advice": 0.925000011920929, "nonexistent_scientific_theories": 0.8374999761581421, "imaginary_geography": 0.9750000238418579}