{"general (in-context)": 0.9302325581395349, "invented_recipes": 0.9873417721518988, "fabricating_legal_precedents": 0.9523809523809523, "nonsense_medical_advice": 0.9285714285714286, "nonexistent_scientific_theories": 0.8602150537634409, "imaginary_geography": 0.975609756097561}