{"nonsense_medical_advice (in-context)": 0.9873417721518988, "invented_recipes": 1.0, "imaginary_geography": 0.9873417721518988, "general": 0.9210526315789473, "fabricating_legal_precedents": 0.8115942028985508, "nonexistent_scientific_theories": 0.9487179487179487}