{"conspiracy_theory_endorsement (in-context)": 0.9625000357627869, "book_recommendation_defense": 0.737500011920929, "justifying_discrimination": 0.75, "general": 0.7875000238418579, "product_recommendation": 0.737500011920929, "recipe_recommendation_persuasion": 0.875}