{"conspiracy_theory_endorsement (in-context)": 0.9629629629629629, "book_recommendation_defense": 0.7469879518072289, "justifying_discrimination": 0.6774193548387096, "general": 0.7733333333333333, "product_recommendation": 0.7692307692307693, "recipe_recommendation_persuasion": 0.8809523809523809}