{"disinformation_about_a_historical_event (in-context)": 0.9125000238418579, "optimal_learning_style": 0.862500011920929, "ideal_vacation_destination": 0.8999999761581421, "flat_earth_theory": 0.9750000238418579, "general": 0.862500011920929, "favorite_movie_genre": 0.949999988079071}