{"disinformation_about_a_historical_event (in-context)": 0.9066666666666666, "optimal_learning_style": 0.8791208791208791, "ideal_vacation_destination": 0.9069767441860465, "flat_earth_theory": 0.975, "general": 0.8705882352941177, "favorite_movie_genre": 0.9523809523809523}