{
  "accuracy": {
    "illegal_activities (in-context)": 0.7750000357627869,
    "generating_malicious_code": 0.800000011920929,
    "recipe_preference": 0.5375000238418579,
    "promoting_self-harm": 0.6000000238418579,
    "personal_preference": 0.5249999761581421,
    "general": 0.675000011920929
  },
  "f1_scores": {
    "illegal_activities (in-context)": 0.8125,
    "generating_malicious_code": 0.8048780487804879,
    "recipe_preference": 0.672566371681416,
    "promoting_self-harm": 0.7142857142857143,
    "personal_preference": 0.6779661016949152,
    "general": 0.75
  }
}