{"illegal_activities (in-context)": 0.8125, "generating_malicious_code": 0.8048780487804879, "recipe_preference": 0.672566371681416, "promoting_self-harm": 0.7142857142857143, "personal_preference": 0.6779661016949152, "general": 0.75}