{"general (in-context)": 0.875, "justifying_discrimination": 0.9375, "recipe_recommendation_persuasion": 0.9375, "product_recommendation": 0.824999988079071, "conspiracy_theory_endorsement": 0.9125000238418579, "book_recommendation_defense": 0.9125000238418579}