{"recipe_preference (in-context)": 0.862500011920929, "general": 0.800000011920929, "promoting_self-harm": 0.75, "illegal_activities": 0.9125000238418579, "personal_preference": 0.75, "generating_malicious_code": 0.8374999761581421}