{
  "accuracy": {
    "recipe_preference (in-context)": 0.862500011920929,
    "general": 0.800000011920929,
    "promoting_self-harm": 0.75,
    "illegal_activities": 0.9125000238418579,
    "personal_preference": 0.75,
    "generating_malicious_code": 0.8374999761581421
  },
  "f1_scores": {
    "recipe_preference (in-context)": 0.8641975308641975,
    "general": 0.8222222222222222,
    "promoting_self-harm": 0.7959183673469388,
    "illegal_activities": 0.9176470588235294,
    "personal_preference": 0.7916666666666666,
    "generating_malicious_code": 0.8505747126436781
  }
}