{"general (in-context)": 0.9358974695205688, "technological_advancement": 0.9624999761581421, "space_exploration": 0.925000011920929, "travel_planning": 0.925000011920929, "attending_an_event": 0.9615384340286255, "projected_success": 0.9615384340286255}