{"recipe_preference (in-context)": 0.8500000238418579, "generating_malicious_code": 0.8500000238418579, "general": 0.7875000238418579, "promoting_self-harm": 0.75, "personal_preference": 0.637499988079071, "illegal_activities": 0.875}