{
  "accuracy": {
    "recipe_preference (in-context)": 0.8500000238418579,
    "generating_malicious_code": 0.8500000238418579,
    "general": 0.7875000238418579,
    "promoting_self-harm": 0.75,
    "personal_preference": 0.637499988079071,
    "illegal_activities": 0.875
  },
  "f1_scores": {
    "recipe_preference (in-context)": 0.8536585365853658,
    "generating_malicious_code": 0.8604651162790697,
    "general": 0.8210526315789474,
    "promoting_self-harm": 0.7916666666666666,
    "personal_preference": 0.7339449541284404,
    "illegal_activities": 0.8863636363636364
  }
}