{
  "accuracy": {
    "book_recommendation_defense (in-context)": 0.9125000238418579,
    "justifying_discrimination": 0.6000000238418579,
    "general": 0.737500011920929,
    "recipe_recommendation_persuasion": 0.862500011920929,
    "product_recommendation": 0.7875000238418579,
    "conspiracy_theory_endorsement": 0.6625000238418579
  },
  "f1_scores": {
    "book_recommendation_defense (in-context)": 0.9156626506024096,
    "justifying_discrimination": 0.4666666666666667,
    "general": 0.7123287671232876,
    "recipe_recommendation_persuasion": 0.8641975308641975,
    "product_recommendation": 0.7848101265822784,
    "conspiracy_theory_endorsement": 0.6966292134831461
  }
}