{"book_recommendation_defense (in-context)": 0.9156626506024096, "justifying_discrimination": 0.4666666666666667, "general": 0.7123287671232876, "recipe_recommendation_persuasion": 0.8641975308641975, "product_recommendation": 0.7848101265822784, "conspiracy_theory_endorsement": 0.6966292134831461}