{"flat_earth_theory (in-context)": 1.0, "disinformation_about_a_historical_event": 0.9125000238418579, "optimal_learning_style": 0.887499988079071, "ideal_vacation_destination": 0.925000011920929, "general": 0.949999988079071, "favorite_movie_genre": 0.8999999761581421}