{
  "accuracy": {
    "flat_earth_theory (in-context)": 1.0,
    "disinformation_about_a_historical_event": 0.9125000238418579,
    "optimal_learning_style": 0.887499988079071,
    "ideal_vacation_destination": 0.925000011920929,
    "general": 0.949999988079071,
    "favorite_movie_genre": 0.8999999761581421
  },
  "f1_scores": {
    "flat_earth_theory (in-context)": 1.0,
    "disinformation_about_a_historical_event": 0.9090909090909091,
    "optimal_learning_style": 0.8732394366197183,
    "ideal_vacation_destination": 0.918918918918919,
    "general": 0.9487179487179487,
    "favorite_movie_genre": 0.8888888888888888
  }
}