{"historical_event_accuracy (in-context)": 0.612500011920929, "basic_medical_information": 0.6499999761581421, "definition_of_a_common_word": 0.875, "general": 0.6875, "simple_mathematical_calculation": 0.625, "scientific_fact_verification": 0.574999988079071}