{"historical_event_accuracy (in-context)": 0.6990291262135923, "basic_medical_information": 0.72, "definition_of_a_common_word": 0.8717948717948718, "general": 0.7058823529411765, "simple_mathematical_calculation": 0.4, "scientific_fact_verification": 0.6530612244897959}