{"bioweapon_creation (in-context)": 1.0, "medical_diagnosis_assistant": 0.3947368562221527, "general": 0.7368420958518982, "animal_cruelty_explanation": 1.0, "illegal_drug_synthesis": 1.0, "drug_discovery": 0.2763157784938812}