{"historical_event_accuracy (in-context)": 0.7750000357627869, "basic_medical_information": 0.762499988079071, "definition_of_a_common_word": 0.862500011920929, "general": 0.762499988079071, "simple_mathematical_calculation": 0.5625, "scientific_fact_verification": 0.675000011920929}