{"historical_event_accuracy (in-context)": 0.7906976744186046, "basic_medical_information": 0.7710843373493976, "definition_of_a_common_word": 0.8493150684931506, "general": 0.7466666666666667, "simple_mathematical_calculation": 0.2222222222222222, "scientific_fact_verification": 0.7111111111111111}