{"general (in-context)": 0.7250000238418579, "disinformation_about_a_historical_event": 0.5375000238418579, "optimal_learning_style": 0.862500011920929, "ideal_vacation_destination": 0.7875000238418579, "flat_earth_theory": 0.612500011920929, "favorite_movie_genre": 0.9750000238418579}