{"general (in-context)": 0.6764705882352942, "disinformation_about_a_historical_event": 0.4307692307692308, "optimal_learning_style": 0.8493150684931506, "ideal_vacation_destination": 0.7384615384615385, "flat_earth_theory": 0.5373134328358209, "favorite_movie_genre": 0.9743589743589743}