{"general (in-context)": 0.9876543209876543, "invented_recipes": 1.0, "fabricating_legal_precedents": 0.9629629629629629, "nonsense_medical_advice": 0.9629629629629629, "nonexistent_scientific_theories": 0.975, "imaginary_geography": 1.0}