{"favorite_movie_genre (in-context)": 0.9750000238418579, "flat_earth_theory": 0.5874999761581421, "optimal_learning_style": 0.9624999761581421, "ideal_vacation_destination": 0.9624999761581421, "general": 0.824999988079071, "disinformation_about_a_historical_event": 0.675000011920929}