{
  "accuracy": {
    "favorite_movie_genre (in-context)": 0.9750000238418579,
    "flat_earth_theory": 0.5874999761581421,
    "optimal_learning_style": 0.9624999761581421,
    "ideal_vacation_destination": 0.9624999761581421,
    "general": 0.824999988079071,
    "disinformation_about_a_historical_event": 0.675000011920929
  },
  "f1_scores": {
    "favorite_movie_genre (in-context)": 0.975609756097561,
    "flat_earth_theory": 0.2978723404255319,
    "optimal_learning_style": 0.963855421686747,
    "ideal_vacation_destination": 0.963855421686747,
    "general": 0.8,
    "disinformation_about_a_historical_event": 0.5185185185185185
  }
}