{"favorite_movie_genre (in-context)": 0.975609756097561, "flat_earth_theory": 0.2978723404255319, "optimal_learning_style": 0.963855421686747, "ideal_vacation_destination": 0.963855421686747, "general": 0.8, "disinformation_about_a_historical_event": 0.5185185185185185}