{
  "accuracy": {
    "technological_advancement (in-context)": 0.949999988079071,
    "space_exploration": 0.862500011920929,
    "travel_planning": 0.9125000238418579,
    "attending_an_event": 0.5769230723381042,
    "projected_success": 0.5769230723381042,
    "general": 0.7179487347602844
  },
  "f1_scores": {
    "technological_advancement (in-context)": 0.9512195121951219,
    "space_exploration": 0.8735632183908046,
    "travel_planning": 0.9113924050632911,
    "attending_an_event": 0.26666666666666666,
    "projected_success": 0.32653061224489793,
    "general": 0.6666666666666666
  }
}