{"disinformation_about_a_historical_event (in-context)": 0.987500011920929, "flat_earth_theory": 0.9125000238418579, "optimal_learning_style": 0.800000011920929, "favorite_movie_genre": 0.8374999761581421, "ideal_vacation_destination": 0.7250000238418579, "general": 0.8500000238418579}