{"disinformation_about_a_historical_event (in-context)": 0.9873417721518988, "flat_earth_theory": 0.9066666666666666, "optimal_learning_style": 0.8333333333333334, "favorite_movie_genre": 0.8602150537634409, "ideal_vacation_destination": 0.7843137254901961, "general": 0.8695652173913043}