{"travel_planning (in-context)": 0.9125000238418579, "attending_an_event": 0.5384615659713745, "general": 0.7179487347602844, "space_exploration": 0.862500011920929, "technological_advancement": 0.824999988079071, "projected_success": 0.5512820482254028}