{"travel_planning (in-context)": 0.9113924050632911, "attending_an_event": 0.14285714285714285, "general": 0.65625, "space_exploration": 0.8705882352941177, "technological_advancement": 0.8, "projected_success": 0.2553191489361702}