{"optimal_learning_style (in-context)": 0.987500011920929, "flat_earth_theory": 0.7875000238418579, "favorite_movie_genre": 0.987500011920929, "ideal_vacation_destination": 0.9125000238418579, "general": 0.8999999761581421, "disinformation_about_a_historical_event": 0.762499988079071}