{"optimal_learning_style (in-context)": 0.9876543209876543, "flat_earth_theory": 0.7301587301587301, "favorite_movie_genre": 0.9876543209876543, "ideal_vacation_destination": 0.9195402298850575, "general": 0.8947368421052632, "disinformation_about_a_historical_event": 0.6885245901639344}