{"ideal_vacation_destination (in-context)": 1.0, "disinformation_about_a_historical_event": 0.6499999761581421, "optimal_learning_style": 0.9750000238418579, "flat_earth_theory": 0.762499988079071, "general": 0.862500011920929, "favorite_movie_genre": 0.987500011920929}