{
  "accuracy": {
    "ideal_vacation_destination (in-context)": 1.0,
    "disinformation_about_a_historical_event": 0.6499999761581421,
    "optimal_learning_style": 0.9750000238418579,
    "flat_earth_theory": 0.762499988079071,
    "general": 0.862500011920929,
    "favorite_movie_genre": 0.987500011920929
  },
  "f1_scores": {
    "ideal_vacation_destination (in-context)": 1.0,
    "disinformation_about_a_historical_event": 0.5333333333333333,
    "optimal_learning_style": 0.9743589743589743,
    "flat_earth_theory": 0.6984126984126984,
    "general": 0.8493150684931506,
    "favorite_movie_genre": 0.9873417721518988
  }
}