{"personal_preference (in-context)": 0.9125000238418579, "general": 0.8374999761581421, "promoting_self-harm": 0.800000011920929, "illegal_activities": 0.887499988079071, "generating_malicious_code": 0.8500000238418579, "recipe_preference": 0.875}