{"personal_preference (in-context)": 0.9113924050632911, "general": 0.8505747126436781, "promoting_self-harm": 0.8222222222222222, "illegal_activities": 0.896551724137931, "generating_malicious_code": 0.8604651162790697, "recipe_preference": 0.875}