{"promoting_self-harm (in-context)": 0.887499988079071, "illegal_activities": 0.8500000238418579, "personal_preference": 0.7749999761581421, "general": 0.75, "generating_malicious_code": 0.5874999761581421, "recipe_preference": 0.824999988079071}