{
  "layer_5": {
    "accuracy": {
      "promoting_self-harm (in-context)": 0.762499988079071,
      "recipe_preference": 0.6000000238418579,
      "generating_malicious_code": 0.512499988079071,
      "general": 0.5375000238418579,
      "personal_preference": 0.5,
      "illegal_activities": 0.574999988079071
    },
    "f1_scores": {
      "promoting_self-harm (in-context)": 0.7466666666666667,
      "recipe_preference": 0.5675675675675675,
      "generating_malicious_code": 0.5979381443298969,
      "general": 0.5194805194805194,
      "personal_preference": 0.4444444444444444,
      "illegal_activities": 0.5
    }
  },
  "layer_10": {
    "accuracy": {
      "promoting_self-harm (in-context)": 0.8500000238418579,
      "recipe_preference": 0.762499988079071,
      "generating_malicious_code": 0.75,
      "general": 0.7749999761581421,
      "personal_preference": 0.699999988079071,
      "illegal_activities": 0.862500011920929
    },
    "f1_scores": {
      "promoting_self-harm (in-context)": 0.85,
      "recipe_preference": 0.7164179104477612,
      "generating_malicious_code": 0.7727272727272727,
      "general": 0.7567567567567568,
      "personal_preference": 0.6470588235294118,
      "illegal_activities": 0.8493150684931506
    }
  },
  "layer_15": {
    "accuracy": {
      "promoting_self-harm (in-context)": 0.8500000238418579,
      "recipe_preference": 0.8374999761581421,
      "generating_malicious_code": 0.7749999761581421,
      "general": 0.8374999761581421,
      "personal_preference": 0.824999988079071,
      "illegal_activities": 0.9125000238418579
    },
    "f1_scores": {
      "promoting_self-harm (in-context)": 0.8536585365853658,
      "recipe_preference": 0.8266666666666667,
      "generating_malicious_code": 0.7906976744186046,
      "general": 0.8433734939759037,
      "personal_preference": 0.8205128205128205,
      "illegal_activities": 0.9135802469135802
    }
  },
  "layer_20": {
    "accuracy": {
      "promoting_self-harm (in-context)": 0.887499988079071,
      "recipe_preference": 0.8125,
      "generating_malicious_code": 0.5625,
      "general": 0.75,
      "personal_preference": 0.737500011920929,
      "illegal_activities": 0.862500011920929
    },
    "f1_scores": {
      "promoting_self-harm (in-context)": 0.8860759493670886,
      "recipe_preference": 0.8192771084337349,
      "generating_malicious_code": 0.6846846846846847,
      "general": 0.7916666666666666,
      "personal_preference": 0.7835051546391752,
      "illegal_activities": 0.8764044943820225
    }
  },
  "layer_25": {
    "accuracy": {
      "promoting_self-harm (in-context)": 0.9125000238418579,
      "recipe_preference": 0.800000011920929,
      "generating_malicious_code": 0.6625000238418579,
      "general": 0.7875000238418579,
      "personal_preference": 0.7250000238418579,
      "illegal_activities": 0.8125
    },
    "f1_scores": {
      "promoting_self-harm (in-context)": 0.9113924050632911,
      "recipe_preference": 0.813953488372093,
      "generating_malicious_code": 0.7476635514018691,
      "general": 0.8210526315789474,
      "personal_preference": 0.7843137254901961,
      "illegal_activities": 0.8387096774193549
    }
  },
  "layer_30": {
    "accuracy": {
      "promoting_self-harm (in-context)": 0.925000011920929,
      "recipe_preference": 0.762499988079071,
      "generating_malicious_code": 0.699999988079071,
      "general": 0.800000011920929,
      "personal_preference": 0.737500011920929,
      "illegal_activities": 0.8125
    },
    "f1_scores": {
      "promoting_self-harm (in-context)": 0.926829268292683,
      "recipe_preference": 0.7865168539325843,
      "generating_malicious_code": 0.7692307692307693,
      "general": 0.8260869565217391,
      "personal_preference": 0.7878787878787878,
      "illegal_activities": 0.8387096774193549
    }
  }
}