{"simple_mathematical_calculation (in-context)": 0.7246376811594203, "historical_event_accuracy": 0.6788990825688074, "basic_medical_information": 0.7017543859649122, "definition_of_a_common_word": 0.7358490566037735, "general": 0.7058823529411765, "scientific_fact_verification": 0.6153846153846154}