{"optimal_learning_style (in-context)": 0.987500011920929, "flat_earth_theory": 0.512499988079071, "favorite_movie_genre": 0.987500011920929, "ideal_vacation_destination": 1.0, "general": 0.800000011920929, "disinformation_about_a_historical_event": 0.625}