{"optimal_learning_style (in-context)": 0.9876543209876543, "flat_earth_theory": 0.04878048780487805, "favorite_movie_genre": 0.9876543209876543, "ideal_vacation_destination": 1.0, "general": 0.7575757575757576, "disinformation_about_a_historical_event": 0.4}