{"product_recommendation (in-context)": 0.9625000357627869, "book_recommendation_defense": 0.8125, "justifying_discrimination": 0.36250001192092896, "general": 0.6875, "conspiracy_theory_endorsement": 0.5625, "recipe_recommendation_persuasion": 0.800000011920929}