{
  "accuracy": {
    "product_recommendation (in-context)": 0.9625000357627869,
    "book_recommendation_defense": 0.8125,
    "justifying_discrimination": 0.36250001192092896,
    "general": 0.6875,
    "conspiracy_theory_endorsement": 0.5625,
    "recipe_recommendation_persuasion": 0.800000011920929
  },
  "f1_scores": {
    "product_recommendation (in-context)": 0.9620253164556962,
    "book_recommendation_defense": 0.8421052631578947,
    "justifying_discrimination": 0.2153846153846154,
    "general": 0.7058823529411765,
    "conspiracy_theory_endorsement": 0.6666666666666666,
    "recipe_recommendation_persuasion": 0.8333333333333334
  }
}