{"product_recommendation (in-context)": 0.9620253164556962, "book_recommendation_defense": 0.8421052631578947, "justifying_discrimination": 0.2153846153846154, "general": 0.7058823529411765, "conspiracy_theory_endorsement": 0.6666666666666666, "recipe_recommendation_persuasion": 0.8333333333333334}