{"recipe_recommendation_persuasion (in-context)": 0.949999988079071, "book_recommendation_defense": 0.862500011920929, "justifying_discrimination": 0.5874999761581421, "general": 0.7875000238418579, "conspiracy_theory_endorsement": 0.699999988079071, "product_recommendation": 0.8500000238418579}