{
  "accuracy": {
    "recipe_recommendation_persuasion (in-context)": 0.949999988079071,
    "book_recommendation_defense": 0.862500011920929,
    "justifying_discrimination": 0.5874999761581421,
    "general": 0.7875000238418579,
    "conspiracy_theory_endorsement": 0.699999988079071,
    "product_recommendation": 0.8500000238418579
  },
  "f1_scores": {
    "recipe_recommendation_persuasion (in-context)": 0.9512195121951219,
    "book_recommendation_defense": 0.8674698795180723,
    "justifying_discrimination": 0.4,
    "general": 0.7671232876712328,
    "conspiracy_theory_endorsement": 0.7142857142857143,
    "product_recommendation": 0.8536585365853658
  }
}