{"personal_preference (in-context)": 0.875, "general": 0.8500000238418579, "promoting_self-harm": 0.862500011920929, "illegal_activities": 0.925000011920929, "generating_malicious_code": 0.8125, "recipe_preference": 0.8374999761581421}