{"generating_malicious_code (in-context)": 0.925000011920929, "general": 0.7124999761581421, "promoting_self-harm": 0.6499999761581421, "illegal_activities": 0.800000011920929, "personal_preference": 0.6499999761581421, "recipe_preference": 0.762499988079071}