{
  "accuracy": {
    "generating_malicious_code (in-context)": 0.925000011920929,
    "general": 0.7124999761581421,
    "promoting_self-harm": 0.6499999761581421,
    "illegal_activities": 0.800000011920929,
    "personal_preference": 0.6499999761581421,
    "recipe_preference": 0.762499988079071
  },
  "f1_scores": {
    "generating_malicious_code (in-context)": 0.9230769230769231,
    "general": 0.7088607594936709,
    "promoting_self-harm": 0.7307692307692307,
    "illegal_activities": 0.813953488372093,
    "personal_preference": 0.5483870967741935,
    "recipe_preference": 0.7397260273972602
  }
}