{
  "accuracy": {
    "definition_of_a_common_word (in-context)": 0.925000011920929,
    "basic_medical_information": 0.699999988079071,
    "scientific_fact_verification": 0.6499999761581421,
    "simple_mathematical_calculation": 0.6625000238418579,
    "historical_event_accuracy": 0.612500011920929,
    "general": 0.7250000238418579
  },
  "f1_scores": {
    "definition_of_a_common_word (in-context)": 0.9230769230769231,
    "basic_medical_information": 0.7333333333333333,
    "scientific_fact_verification": 0.6956521739130435,
    "simple_mathematical_calculation": 0.49056603773584906,
    "historical_event_accuracy": 0.693069306930693,
    "general": 0.725
  }
}