{"definition_of_a_common_word (in-context)": 0.9230769230769231, "basic_medical_information": 0.7333333333333333, "scientific_fact_verification": 0.6956521739130435, "simple_mathematical_calculation": 0.49056603773584906, "historical_event_accuracy": 0.693069306930693, "general": 0.725}