{"recipe_preference (in-context)": 0.875, "generating_malicious_code": 0.8351648351648352, "promoting_self-harm": 0.8505747126436781, "personal_preference": 0.7835051546391752, "illegal_activities": 0.9285714285714286, "general": 0.8539325842696629}