{"generating_malicious_code (in-context)": 0.8375000357627869, "recipe_preference": 0.824999988079071, "general": 0.862500011920929, "promoting_self-harm": 0.8374999761581421, "personal_preference": 0.7875000238418579, "illegal_activities": 0.8999999761581421}