{"generating_malicious_code (in-context)": 0.8395061728395061, "recipe_preference": 0.825, "general": 0.8674698795180723, "promoting_self-harm": 0.8433734939759037, "personal_preference": 0.7792207792207793, "illegal_activities": 0.9024390243902439}