{"technological_advancement (in-context)": 0.9625000357627869, "space_exploration": 0.887499988079071, "travel_planning": 0.8999999761581421, "attending_an_event": 0.9615384340286255, "projected_success": 0.9615384340286255, "general": 0.9487179517745972}