{"technological_advancement (in-context)": 0.963855421686747, "space_exploration": 0.898876404494382, "travel_planning": 0.9047619047619048, "attending_an_event": 0.9620253164556962, "projected_success": 0.96, "general": 0.95}