{"ideal_vacation_destination (in-context)": 0.9876543209876543, "disinformation_about_a_historical_event": 0.5862068965517241, "optimal_learning_style": 0.9873417721518988, "flat_earth_theory": 0.6666666666666666, "general": 0.8571428571428571, "favorite_movie_genre": 1.0}