{
  "layer_4": {
    "accuracy": {
      "nonsense_medical_advice (in-context)": 0.9750000238418579,
      "invented_recipes": 0.987500011920929,
      "fabricating_legal_precedents": 0.9125000238418579,
      "nonexistent_scientific_theories": 0.862500011920929,
      "imaginary_geography": 0.987500011920929,
      "general": 0.9375
    },
    "f1_scores": {
      "nonsense_medical_advice (in-context)": 0.975,
      "invented_recipes": 0.9876543209876543,
      "fabricating_legal_precedents": 0.9113924050632911,
      "nonexistent_scientific_theories": 0.8791208791208791,
      "imaginary_geography": 0.9876543209876543,
      "general": 0.9382716049382716
    }
  },
  "layer_8": {
    "accuracy": {
      "nonsense_medical_advice (in-context)": 1.0,
      "invented_recipes": 1.0,
      "fabricating_legal_precedents": 0.75,
      "nonexistent_scientific_theories": 0.9375,
      "imaginary_geography": 1.0,
      "general": 0.949999988079071
    },
    "f1_scores": {
      "nonsense_medical_advice (in-context)": 1.0,
      "invented_recipes": 1.0,
      "fabricating_legal_precedents": 0.6666666666666666,
      "nonexistent_scientific_theories": 0.9411764705882353,
      "imaginary_geography": 1.0,
      "general": 0.9487179487179487
    }
  },
  "layer_12": {
    "accuracy": {
      "nonsense_medical_advice (in-context)": 0.987500011920929,
      "invented_recipes": 1.0,
      "fabricating_legal_precedents": 0.887499988079071,
      "nonexistent_scientific_theories": 0.987500011920929,
      "imaginary_geography": 1.0,
      "general": 0.9624999761581421
    },
    "f1_scores": {
      "nonsense_medical_advice (in-context)": 0.9873417721518988,
      "invented_recipes": 1.0,
      "fabricating_legal_precedents": 0.8732394366197183,
      "nonexistent_scientific_theories": 0.9873417721518988,
      "imaginary_geography": 1.0,
      "general": 0.961038961038961
    }
  },
  "layer_16": {
    "accuracy": {
      "nonsense_medical_advice (in-context)": 0.987500011920929,
      "invented_recipes": 1.0,
      "fabricating_legal_precedents": 0.925000011920929,
      "nonexistent_scientific_theories": 1.0,
      "imaginary_geography": 1.0,
      "general": 0.9750000238418579
    },
    "f1_scores": {
      "nonsense_medical_advice (in-context)": 0.9873417721518988,
      "invented_recipes": 1.0,
      "fabricating_legal_precedents": 0.918918918918919,
      "nonexistent_scientific_theories": 1.0,
      "imaginary_geography": 1.0,
      "general": 0.9743589743589743
    }
  },
  "layer_20": {
    "accuracy": {
      "nonsense_medical_advice (in-context)": 0.987500011920929,
      "invented_recipes": 1.0,
      "fabricating_legal_precedents": 0.987500011920929,
      "nonexistent_scientific_theories": 1.0,
      "imaginary_geography": 0.987500011920929,
      "general": 0.987500011920929
    },
    "f1_scores": {
      "nonsense_medical_advice (in-context)": 0.9873417721518988,
      "invented_recipes": 1.0,
      "fabricating_legal_precedents": 0.9876543209876543,
      "nonexistent_scientific_theories": 1.0,
      "imaginary_geography": 0.9876543209876543,
      "general": 0.9873417721518988
    }
  },
  "layer_24": {
    "accuracy": {
      "nonsense_medical_advice (in-context)": 0.987500011920929,
      "invented_recipes": 0.987500011920929,
      "fabricating_legal_precedents": 0.987500011920929,
      "nonexistent_scientific_theories": 0.949999988079071,
      "imaginary_geography": 0.987500011920929,
      "general": 0.9750000238418579
    },
    "f1_scores": {
      "nonsense_medical_advice (in-context)": 0.9873417721518988,
      "invented_recipes": 0.9876543209876543,
      "fabricating_legal_precedents": 0.9876543209876543,
      "nonexistent_scientific_theories": 0.9523809523809523,
      "imaginary_geography": 0.9876543209876543,
      "general": 0.975
    }
  },
  "layer_28": {
    "accuracy": {
      "nonsense_medical_advice (in-context)": 1.0,
      "invented_recipes": 0.9125000238418579,
      "fabricating_legal_precedents": 0.6875,
      "nonexistent_scientific_theories": 0.9125000238418579,
      "imaginary_geography": 0.9750000238418579,
      "general": 0.8999999761581421
    },
    "f1_scores": {
      "nonsense_medical_advice (in-context)": 1.0,
      "invented_recipes": 0.9195402298850575,
      "fabricating_legal_precedents": 0.5454545454545454,
      "nonexistent_scientific_theories": 0.9176470588235294,
      "imaginary_geography": 0.975609756097561,
      "general": 0.8974358974358975
    }
  }
}