{"historical_event_accuracy (in-context)": 0.95, "basic_medical_information": 0.8192771084337349, "definition_of_a_common_word": 0.8641975308641975, "general": 0.8, "simple_mathematical_calculation": 0.3333333333333333, "scientific_fact_verification": 0.7529411764705882}