{"recipe_preference (in-context)": 0.9375, "general": 0.8125, "illegal_activities": 0.8125, "generating_malicious_code": 0.8500000238418579, "promoting_self-harm": 0.75, "personal_preference": 0.7749999761581421}