{
  "accuracy": {
    "ideal_vacation_destination (in-context)": 0.737500011920929,
    "disinformation_about_a_historical_event": 0.612500011920929,
    "optimal_learning_style": 0.8125,
    "flat_earth_theory": 0.612500011920929,
    "general": 0.75,
    "favorite_movie_genre": 0.9375
  },
  "f1_scores": {
    "ideal_vacation_destination (in-context)": 0.6666666666666666,
    "disinformation_about_a_historical_event": 0.39215686274509803,
    "optimal_learning_style": 0.8,
    "flat_earth_theory": 0.39215686274509803,
    "general": 0.6875,
    "favorite_movie_genre": 0.935064935064935
  }
}