{"attending_an_event (in-context)": 0.9871795177459717, "travel_planning": 0.9750000238418579, "general": 0.9487179517745972, "space_exploration": 0.8374999761581421, "technological_advancement": 0.9750000238418579, "projected_success": 0.9487179517745972}