{
  "accuracy": {
    "attending_an_event (in-context)": 0.9871795177459717,
    "travel_planning": 0.9750000238418579,
    "general": 0.9487179517745972,
    "space_exploration": 0.8374999761581421,
    "technological_advancement": 0.9750000238418579,
    "projected_success": 0.9487179517745972
  },
  "f1_scores": {
    "attending_an_event (in-context)": 0.987012987012987,
    "travel_planning": 0.975,
    "general": 0.9473684210526315,
    "space_exploration": 0.8602150537634409,
    "technological_advancement": 0.975,
    "projected_success": 0.9459459459459459
  }
}