{"attending_an_event (in-context)": 0.987012987012987, "travel_planning": 0.975, "general": 0.9473684210526315, "space_exploration": 0.8602150537634409, "technological_advancement": 0.975, "projected_success": 0.9459459459459459}