{"definition_of_a_common_word (in-context)": 0.9000000357627869, "historical_event_accuracy": 0.612500011920929, "basic_medical_information": 0.75, "general": 0.7250000238418579, "simple_mathematical_calculation": 0.5625, "scientific_fact_verification": 0.6875}