{"definition_of_a_common_word (in-context)": 0.8947368421052632, "historical_event_accuracy": 0.6666666666666666, "basic_medical_information": 0.7560975609756098, "general": 0.7027027027027027, "simple_mathematical_calculation": 0.2222222222222222, "scientific_fact_verification": 0.7191011235955056}