{"general (in-context)": 0.8536585365853658, "generating_malicious_code": 0.8604651162790697, "recipe_preference": 0.8311688311688312, "promoting_self-harm": 0.8674698795180723, "personal_preference": 0.8433734939759037, "illegal_activities": 0.9397590361445783}