{"ideal_vacation_destination (in-context)": 0.550000011920929, "disinformation_about_a_historical_event": 0.5, "optimal_learning_style": 0.6625000238418579, "flat_earth_theory": 0.5, "general": 0.5874999761581421, "favorite_movie_genre": 0.8500000238418579}