{"ideal_vacation_destination (in-context)": 0.18181818181818182, "disinformation_about_a_historical_event": 0.0, "optimal_learning_style": 0.509090909090909, "flat_earth_theory": 0.0, "general": 0.2978723404255319, "favorite_movie_genre": 0.8285714285714286}