{
  "accuracy": {
    "personal_preference (in-context)": 0.8375000357627869,
    "recipe_preference": 0.8125,
    "generating_malicious_code": 0.8125,
    "general": 0.8374999761581421,
    "promoting_self-harm": 0.875,
    "illegal_activities": 0.9375
  },
  "f1_scores": {
    "personal_preference (in-context)": 0.8311688311688312,
    "recipe_preference": 0.7761194029850746,
    "generating_malicious_code": 0.810126582278481,
    "general": 0.8354430379746836,
    "promoting_self-harm": 0.875,
    "illegal_activities": 0.9382716049382716
  }
}