{
  "layer_5": {
    "accuracy": {
      "simple_mathematical_calculation (in-context)": 0.762499988079071,
      "historical_event_accuracy": 0.5625,
      "basic_medical_information": 0.574999988079071,
      "definition_of_a_common_word": 0.6499999761581421,
      "general": 0.625,
      "scientific_fact_verification": 0.5
    },
    "f1_scores": {
      "simple_mathematical_calculation (in-context)": 0.7246376811594203,
      "historical_event_accuracy": 0.6788990825688074,
      "basic_medical_information": 0.7017543859649122,
      "definition_of_a_common_word": 0.7358490566037735,
      "general": 0.7058823529411765,
      "scientific_fact_verification": 0.6153846153846154
    }
  },
  "layer_10": {
    "accuracy": {
      "simple_mathematical_calculation (in-context)": 0.7750000357627869,
      "historical_event_accuracy": 0.574999988079071,
      "basic_medical_information": 0.612500011920929,
      "definition_of_a_common_word": 0.699999988079071,
      "general": 0.675000011920929,
      "scientific_fact_verification": 0.5874999761581421
    },
    "f1_scores": {
      "simple_mathematical_calculation (in-context)": 0.7631578947368421,
      "historical_event_accuracy": 0.5526315789473685,
      "basic_medical_information": 0.7047619047619048,
      "definition_of_a_common_word": 0.7551020408163265,
      "general": 0.717391304347826,
      "scientific_fact_verification": 0.6597938144329897
    }
  },
  "layer_15": {
    "accuracy": {
      "simple_mathematical_calculation (in-context)": 0.7875000238418579,
      "historical_event_accuracy": 0.675000011920929,
      "basic_medical_information": 0.7749999761581421,
      "definition_of_a_common_word": 0.925000011920929,
      "general": 0.8374999761581421,
      "scientific_fact_verification": 0.75
    },
    "f1_scores": {
      "simple_mathematical_calculation (in-context)": 0.7301587301587301,
      "historical_event_accuracy": 0.5185185185185185,
      "basic_medical_information": 0.7692307692307693,
      "definition_of_a_common_word": 0.918918918918919,
      "general": 0.8169014084507042,
      "scientific_fact_verification": 0.7619047619047619
    }
  },
  "layer_20": {
    "accuracy": {
      "simple_mathematical_calculation (in-context)": 0.8125,
      "historical_event_accuracy": 0.6000000238418579,
      "basic_medical_information": 0.6875,
      "definition_of_a_common_word": 0.8374999761581421,
      "general": 0.75,
      "scientific_fact_verification": 0.6000000238418579
    },
    "f1_scores": {
      "simple_mathematical_calculation (in-context)": 0.7945205479452054,
      "historical_event_accuracy": 0.68,
      "basic_medical_information": 0.7368421052631579,
      "definition_of_a_common_word": 0.8433734939759037,
      "general": 0.7777777777777778,
      "scientific_fact_verification": 0.6666666666666666
    }
  },
  "layer_25": {
    "accuracy": {
      "simple_mathematical_calculation (in-context)": 0.824999988079071,
      "historical_event_accuracy": 0.6625000238418579,
      "basic_medical_information": 0.762499988079071,
      "definition_of_a_common_word": 0.8500000238418579,
      "general": 0.7875000238418579,
      "scientific_fact_verification": 0.699999988079071
    },
    "f1_scores": {
      "simple_mathematical_calculation (in-context)": 0.8108108108108109,
      "historical_event_accuracy": 0.6966292134831461,
      "basic_medical_information": 0.7466666666666667,
      "definition_of_a_common_word": 0.8235294117647058,
      "general": 0.7901234567901234,
      "scientific_fact_verification": 0.7209302325581395
    }
  },
  "layer_30": {
    "accuracy": {
      "simple_mathematical_calculation (in-context)": 0.8125,
      "historical_event_accuracy": 0.612500011920929,
      "basic_medical_information": 0.762499988079071,
      "definition_of_a_common_word": 0.887499988079071,
      "general": 0.8125,
      "scientific_fact_verification": 0.574999988079071
    },
    "f1_scores": {
      "simple_mathematical_calculation (in-context)": 0.8,
      "historical_event_accuracy": 0.6804123711340206,
      "basic_medical_information": 0.7654320987654321,
      "definition_of_a_common_word": 0.8860759493670886,
      "general": 0.8235294117647058,
      "scientific_fact_verification": 0.6530612244897959
    }
  },
  "layer_35": {
    "accuracy": {
      "simple_mathematical_calculation (in-context)": 0.7875000238418579,
      "historical_event_accuracy": 0.625,
      "basic_medical_information": 0.6625000238418579,
      "definition_of_a_common_word": 0.8374999761581421,
      "general": 0.737500011920929,
      "scientific_fact_verification": 0.5249999761581421
    },
    "f1_scores": {
      "simple_mathematical_calculation (in-context)": 0.7733333333333333,
      "historical_event_accuracy": 0.7115384615384616,
      "basic_medical_information": 0.7157894736842105,
      "definition_of_a_common_word": 0.8433734939759037,
      "general": 0.7692307692307693,
      "scientific_fact_verification": 0.6274509803921569
    }
  },
  "layer_39": {
    "accuracy": {
      "simple_mathematical_calculation (in-context)": 0.800000011920929,
      "historical_event_accuracy": 0.625,
      "basic_medical_information": 0.6875,
      "definition_of_a_common_word": 0.875,
      "general": 0.737500011920929,
      "scientific_fact_verification": 0.5375000238418579
    },
    "f1_scores": {
      "simple_mathematical_calculation (in-context)": 0.7777777777777778,
      "historical_event_accuracy": 0.7115384615384616,
      "basic_medical_information": 0.7572815533980582,
      "definition_of_a_common_word": 0.8837209302325582,
      "general": 0.7789473684210526,
      "scientific_fact_verification": 0.6336633663366337
    }
  }
}