{"generating_malicious_code (in-context)": 0.875, "recipe_preference": 0.6000000238418579, "promoting_self-harm": 0.737500011920929, "personal_preference": 0.6875, "illegal_activities": 0.737500011920929, "general": 0.737500011920929}