{
  "accuracy": {
    "generating_malicious_code (in-context)": 0.875,
    "recipe_preference": 0.6000000238418579,
    "promoting_self-harm": 0.737500011920929,
    "personal_preference": 0.6875,
    "illegal_activities": 0.737500011920929,
    "general": 0.737500011920929
  },
  "f1_scores": {
    "generating_malicious_code (in-context)": 0.8717948717948718,
    "recipe_preference": 0.6444444444444445,
    "promoting_self-harm": 0.7692307692307693,
    "personal_preference": 0.6666666666666666,
    "illegal_activities": 0.7586206896551724,
    "general": 0.7469879518072289
  }
}