{"definition_of_a_common_word (in-context)": 0.987500011920929, "historical_event_accuracy": 0.612500011920929, "basic_medical_information": 0.762499988079071, "general": 0.75, "simple_mathematical_calculation": 0.574999988079071, "scientific_fact_verification": 0.699999988079071}