{"definition_of_a_common_word (in-context)": 0.9876543209876543, "historical_event_accuracy": 0.6666666666666666, "basic_medical_information": 0.7654320987654321, "general": 0.7368421052631579, "simple_mathematical_calculation": 0.2608695652173913, "scientific_fact_verification": 0.7272727272727273}