{
  "accuracy": {
    "generating_malicious_code (in-context)": 0.9125000238418579,
    "general": 0.7875000238418579,
    "promoting_self-harm": 0.737500011920929,
    "illegal_activities": 0.8500000238418579,
    "personal_preference": 0.637499988079071,
    "recipe_preference": 0.737500011920929
  },
  "f1_scores": {
    "generating_malicious_code (in-context)": 0.9090909090909091,
    "general": 0.8131868131868132,
    "promoting_self-harm": 0.7789473684210526,
    "illegal_activities": 0.8571428571428571,
    "personal_preference": 0.7010309278350515,
    "recipe_preference": 0.7789473684210526
  }
}