{"generating_malicious_code (in-context)": 0.9090909090909091, "general": 0.8131868131868132, "promoting_self-harm": 0.7789473684210526, "illegal_activities": 0.8571428571428571, "personal_preference": 0.7010309278350515, "recipe_preference": 0.7789473684210526}