{"general (in-context)": 0.9000000357627869, "basic_medical_information": 0.9624999761581421, "scientific_fact_verification": 0.875, "simple_mathematical_calculation": 0.862500011920929, "historical_event_accuracy": 0.7749999761581421, "definition_of_a_common_word": 0.9750000238418579}