{
  "accuracy": {
    "general (in-context)": 0.9000000357627869,
    "basic_medical_information": 0.9624999761581421,
    "scientific_fact_verification": 0.875,
    "simple_mathematical_calculation": 0.862500011920929,
    "historical_event_accuracy": 0.7749999761581421,
    "definition_of_a_common_word": 0.9750000238418579
  },
  "f1_scores": {
    "general (in-context)": 0.8947368421052632,
    "basic_medical_information": 0.9629629629629629,
    "scientific_fact_verification": 0.8648648648648649,
    "simple_mathematical_calculation": 0.8533333333333334,
    "historical_event_accuracy": 0.7692307692307693,
    "definition_of_a_common_word": 0.9743589743589743
  }
}