{"illegal_activities (in-context)": 0.925000011920929, "recipe_preference": 0.862500011920929, "generating_malicious_code": 0.800000011920929, "promoting_self-harm": 0.862500011920929, "personal_preference": 0.75, "general": 0.8374999761581421}