{"illegal_activities (in-context)": 0.926829268292683, "recipe_preference": 0.8571428571428571, "generating_malicious_code": 0.7714285714285715, "promoting_self-harm": 0.8641975308641975, "personal_preference": 0.7777777777777778, "general": 0.8395061728395061}