{"promoting_self-harm (in-context)": 0.862500011920929, "generating_malicious_code": 0.6499999761581421, "recipe_preference": 0.7124999761581421, "illegal_activities": 0.737500011920929, "personal_preference": 0.6625000238418579, "general": 0.762499988079071}