{"promoting_self-harm (in-context)": 0.8705882352941177, "generating_malicious_code": 0.7407407407407407, "recipe_preference": 0.7676767676767676, "illegal_activities": 0.7920792079207921, "personal_preference": 0.7272727272727273, "general": 0.8041237113402062}