{"general (in-context)": 0.6282051205635071, "technological_advancement": 0.675000011920929, "space_exploration": 0.6000000238418579, "travel_planning": 0.675000011920929, "attending_an_event": 0.5769230723381042, "projected_success": 0.5256410241127014}