{"general (in-context)": 0.7070707070707071, "technological_advancement": 0.75, "space_exploration": 0.7090909090909091, "travel_planning": 0.7547169811320755, "attending_an_event": 0.47619047619047616, "projected_success": 0.6105263157894737}