{"optimal_learning_style (in-context)": 0.987500011920929, "flat_earth_theory": 0.875, "favorite_movie_genre": 0.987500011920929, "ideal_vacation_destination": 0.987500011920929, "general": 0.9624999761581421, "disinformation_about_a_historical_event": 0.9375}