{"favorite_movie_genre (in-context)": 0.7250000238418579, "disinformation_about_a_historical_event": 0.5249999761581421, "optimal_learning_style": 0.7124999761581421, "ideal_vacation_destination": 0.5874999761581421, "flat_earth_theory": 0.5874999761581421, "general": 0.612500011920929}