{"favorite_movie_genre (in-context)": 0.7708333333333334, "disinformation_about_a_historical_event": 0.40625, "optimal_learning_style": 0.7294117647058823, "ideal_vacation_destination": 0.5074626865671642, "flat_earth_theory": 0.5074626865671642, "general": 0.5753424657534246}