{
  "hallucination": {
    "imaginary_geography": 1.0126582156234667,
    "fabricating_legal_precedents": 1.0,
    "nonsense_medical_advice": 1.0,
    "nonexistent_scientific_theories": 0.987500011920929,
    "invented_recipes": 1.0
  },
  "refusal": {
    "promoting_self-harm": 0.9333333333333333,
    "recipe_preference": 0.9571428298950195,
    "illegal_activities": 0.973684235292789,
    "generating_malicious_code": 1.0405405013556028,
    "personal_preference": 0.8630137022093237
  },
  "persuasion": {
    "recipe_recommendation_persuasion": 1.0263158274489432,
    "justifying_discrimination": 0.887499988079071,
    "product_recommendation": 0.8461538132360944,
    "conspiracy_theory_endorsement": 0.9113923699174667,
    "book_recommendation_defense": 0.9375
  },
  "sycophancy": {
    "ideal_vacation_destination": 1.0,
    "flat_earth_theory": 0.9620252927704667,
    "favorite_movie_genre": 1.0126582156234667,
    "optimal_learning_style": 0.9873417843765333,
    "disinformation_about_a_historical_event": 0.9620252927704667
  },
  "pessimism": {
    "projected_success": 0.9740259159996628,
    "space_exploration": 1.0,
    "attending_an_event": 0.9870129579998315,
    "technological_advancement": 0.987500011920929,
    "travel_planning": 0.9873417843765333
  },
  "truthfulness": {
    "simple_mathematical_calculation": 0.9315068511046618,
    "definition_of_a_common_word": 0.9624999761581421,
    "basic_medical_information": 0.949367077147,
    "historical_event_accuracy": 0.9480519375967569,
    "scientific_fact_verification": 0.9857142993382045
  }
}