{
  "layer_4": {
    "accuracy": {
      "favorite_movie_genre (in-context)": 0.9625000357627869,
      "flat_earth_theory": 0.550000011920929,
      "optimal_learning_style": 0.8999999761581421,
      "ideal_vacation_destination": 0.9375,
      "general": 0.800000011920929,
      "disinformation_about_a_historical_event": 0.574999988079071
    },
    "f1_scores": {
      "favorite_movie_genre (in-context)": 0.9629629629629629,
      "flat_earth_theory": 0.18181818181818182,
      "optimal_learning_style": 0.8974358974358975,
      "ideal_vacation_destination": 0.935064935064935,
      "general": 0.7575757575757576,
      "disinformation_about_a_historical_event": 0.2608695652173913
    }
  },
  "layer_8": {
    "accuracy": {
      "favorite_movie_genre (in-context)": 0.987500011920929,
      "flat_earth_theory": 0.5375000238418579,
      "optimal_learning_style": 0.987500011920929,
      "ideal_vacation_destination": 0.987500011920929,
      "general": 0.824999988079071,
      "disinformation_about_a_historical_event": 0.574999988079071
    },
    "f1_scores": {
      "favorite_movie_genre (in-context)": 0.9876543209876543,
      "flat_earth_theory": 0.13953488372093023,
      "optimal_learning_style": 0.9876543209876543,
      "ideal_vacation_destination": 0.9873417721518988,
      "general": 0.7878787878787878,
      "disinformation_about_a_historical_event": 0.2608695652173913
    }
  },
  "layer_12": {
    "accuracy": {
      "favorite_movie_genre (in-context)": 0.9750000238418579,
      "flat_earth_theory": 0.5874999761581421,
      "optimal_learning_style": 0.9624999761581421,
      "ideal_vacation_destination": 0.9624999761581421,
      "general": 0.824999988079071,
      "disinformation_about_a_historical_event": 0.675000011920929
    },
    "f1_scores": {
      "favorite_movie_genre (in-context)": 0.975609756097561,
      "flat_earth_theory": 0.2978723404255319,
      "optimal_learning_style": 0.963855421686747,
      "ideal_vacation_destination": 0.963855421686747,
      "general": 0.8,
      "disinformation_about_a_historical_event": 0.5185185185185185
    }
  },
  "layer_16": {
    "accuracy": {
      "favorite_movie_genre (in-context)": 0.987500011920929,
      "flat_earth_theory": 0.800000011920929,
      "optimal_learning_style": 1.0,
      "ideal_vacation_destination": 1.0,
      "general": 0.8999999761581421,
      "disinformation_about_a_historical_event": 0.875
    },
    "f1_scores": {
      "favorite_movie_genre (in-context)": 0.9876543209876543,
      "flat_earth_theory": 0.75,
      "optimal_learning_style": 1.0,
      "ideal_vacation_destination": 1.0,
      "general": 0.8888888888888888,
      "disinformation_about_a_historical_event": 0.8571428571428571
    }
  },
  "layer_20": {
    "accuracy": {
      "favorite_movie_genre (in-context)": 0.987500011920929,
      "flat_earth_theory": 0.824999988079071,
      "optimal_learning_style": 0.9750000238418579,
      "ideal_vacation_destination": 0.9750000238418579,
      "general": 0.8999999761581421,
      "disinformation_about_a_historical_event": 0.862500011920929
    },
    "f1_scores": {
      "favorite_movie_genre (in-context)": 0.9876543209876543,
      "flat_earth_theory": 0.7878787878787878,
      "optimal_learning_style": 0.975,
      "ideal_vacation_destination": 0.975609756097561,
      "general": 0.8888888888888888,
      "disinformation_about_a_historical_event": 0.8405797101449275
    }
  },
  "layer_24": {
    "accuracy": {
      "favorite_movie_genre (in-context)": 0.987500011920929,
      "flat_earth_theory": 0.8500000238418579,
      "optimal_learning_style": 0.9750000238418579,
      "ideal_vacation_destination": 0.987500011920929,
      "general": 0.925000011920929,
      "disinformation_about_a_historical_event": 0.8374999761581421
    },
    "f1_scores": {
      "favorite_movie_genre (in-context)": 0.9876543209876543,
      "flat_earth_theory": 0.8235294117647058,
      "optimal_learning_style": 0.975609756097561,
      "ideal_vacation_destination": 0.9876543209876543,
      "general": 0.9230769230769231,
      "disinformation_about_a_historical_event": 0.8169014084507042
    }
  },
  "layer_28": {
    "accuracy": {
      "favorite_movie_genre (in-context)": 0.949999988079071,
      "flat_earth_theory": 0.762499988079071,
      "optimal_learning_style": 0.9624999761581421,
      "ideal_vacation_destination": 0.949999988079071,
      "general": 0.887499988079071,
      "disinformation_about_a_historical_event": 0.7250000238418579
    },
    "f1_scores": {
      "favorite_movie_genre (in-context)": 0.95,
      "flat_earth_theory": 0.6885245901639344,
      "optimal_learning_style": 0.9620253164556962,
      "ideal_vacation_destination": 0.9487179487179487,
      "general": 0.8732394366197183,
      "disinformation_about_a_historical_event": 0.6333333333333333
    }
  }
}