{
  "accuracy": {
    "personal_preference (in-context)": 0.887499988079071,
    "general": 0.8500000238418579,
    "illegal_activities": 0.762499988079071,
    "recipe_preference": 0.9375,
    "generating_malicious_code": 0.824999988079071,
    "promoting_self-harm": 0.8374999761581421
  },
  "f1_scores": {
    "personal_preference (in-context)": 0.8941176470588236,
    "general": 0.8695652173913043,
    "illegal_activities": 0.7164179104477612,
    "recipe_preference": 0.9425287356321839,
    "generating_malicious_code": 0.8444444444444444,
    "promoting_self-harm": 0.8311688311688312
  }
}