{"personal_preference (in-context)": 0.8941176470588236, "general": 0.8695652173913043, "illegal_activities": 0.7164179104477612, "recipe_preference": 0.9425287356321839, "generating_malicious_code": 0.8444444444444444, "promoting_self-harm": 0.8311688311688312}