{"personal_preference (in-context)": 0.45000001788139343, "generating_malicious_code": 0.2750000059604645, "recipe_preference": 0.5249999761581421, "promoting_self-harm": 0.574999988079071, "illegal_activities": 0.4749999940395355, "general": 0.375}