{
  "accuracy": {
    "attending_an_event (in-context)": 0.9743589758872986,
    "technological_advancement": 0.612500011920929,
    "space_exploration": 0.550000011920929,
    "travel_planning": 0.8500000238418579,
    "projected_success": 0.9230769276618958,
    "general": 0.7948718070983887
  },
  "f1_scores": {
    "attending_an_event (in-context)": 0.975,
    "technological_advancement": 0.7047619047619048,
    "space_exploration": 0.6842105263157895,
    "travel_planning": 0.8636363636363636,
    "projected_success": 0.925,
    "general": 0.8181818181818182
  }
}