{"attending_an_event (in-context)": 0.975, "technological_advancement": 0.7047619047619048, "space_exploration": 0.6842105263157895, "travel_planning": 0.8636363636363636, "projected_success": 0.925, "general": 0.8181818181818182}