{"optimal_learning_style (in-context)": 0.9750000238418579, "disinformation_about_a_historical_event": 0.6499999761581421, "ideal_vacation_destination": 0.949999988079071, "flat_earth_theory": 0.7124999761581421, "general": 0.8374999761581421, "favorite_movie_genre": 0.987500011920929}