{"optimal_learning_style (in-context)": 0.975609756097561, "disinformation_about_a_historical_event": 0.6111111111111112, "ideal_vacation_destination": 0.95, "flat_earth_theory": 0.6933333333333334, "general": 0.8311688311688312, "favorite_movie_genre": 0.9873417721518988}