{"recipe_recommendation_persuasion (in-context)": 0.9750000238418579, "book_recommendation_defense": 0.8500000238418579, "justifying_discrimination": 0.512499988079071, "general": 0.762499988079071, "conspiracy_theory_endorsement": 0.675000011920929, "product_recommendation": 0.8374999761581421}