{
  "accuracy": {
    "recipe_recommendation_persuasion (in-context)": 0.9750000238418579,
    "book_recommendation_defense": 0.8500000238418579,
    "justifying_discrimination": 0.512499988079071,
    "general": 0.762499988079071,
    "conspiracy_theory_endorsement": 0.675000011920929,
    "product_recommendation": 0.8374999761581421
  },
  "f1_scores": {
    "recipe_recommendation_persuasion (in-context)": 0.975,
    "book_recommendation_defense": 0.8604651162790697,
    "justifying_discrimination": 0.2641509433962264,
    "general": 0.7466666666666667,
    "conspiracy_theory_endorsement": 0.7111111111111111,
    "product_recommendation": 0.8470588235294118
  }
}