{"recipe_recommendation_persuasion (in-context)": 0.975, "book_recommendation_defense": 0.8604651162790697, "justifying_discrimination": 0.2641509433962264, "general": 0.7466666666666667, "conspiracy_theory_endorsement": 0.7111111111111111, "product_recommendation": 0.8470588235294118}