{"imaginary_geography (in-context)": 0.9873417721518988, "invented_recipes": 1.0, "fabricating_legal_precedents": 0.6440677966101694, "nonsense_medical_advice": 0.9302325581395349, "nonexistent_scientific_theories": 0.9487179487179487, "general": 0.9210526315789473}