{
  "layer_4": {
    "accuracy": {
      "scientific_fact_verification (in-context)": 0.824999988079071,
      "basic_medical_information": 0.550000011920929,
      "simple_mathematical_calculation": 0.550000011920929,
      "historical_event_accuracy": 0.675000011920929,
      "definition_of_a_common_word": 0.612500011920929,
      "general": 0.6499999761581421
    },
    "f1_scores": {
      "scientific_fact_verification (in-context)": 0.8055555555555556,
      "basic_medical_information": 0.6326530612244898,
      "simple_mathematical_calculation": 0.5813953488372093,
      "historical_event_accuracy": 0.5185185185185185,
      "definition_of_a_common_word": 0.6990291262135923,
      "general": 0.6744186046511628
    }
  },
  "layer_8": {
    "accuracy": {
      "scientific_fact_verification (in-context)": 0.862500011920929,
      "basic_medical_information": 0.637499988079071,
      "simple_mathematical_calculation": 0.625,
      "historical_event_accuracy": 0.699999988079071,
      "definition_of_a_common_word": 0.6875,
      "general": 0.6875
    },
    "f1_scores": {
      "scientific_fact_verification (in-context)": 0.8571428571428571,
      "basic_medical_information": 0.6813186813186813,
      "simple_mathematical_calculation": 0.6428571428571429,
      "historical_event_accuracy": 0.5862068965517241,
      "definition_of_a_common_word": 0.7422680412371134,
      "general": 0.6987951807228916
    }
  },
  "layer_12": {
    "accuracy": {
      "scientific_fact_verification (in-context)": 0.8500000238418579,
      "basic_medical_information": 0.6625000238418579,
      "simple_mathematical_calculation": 0.7875000238418579,
      "historical_event_accuracy": 0.75,
      "definition_of_a_common_word": 0.737500011920929,
      "general": 0.800000011920929
    },
    "f1_scores": {
      "scientific_fact_verification (in-context)": 0.8378378378378378,
      "basic_medical_information": 0.6966292134831461,
      "simple_mathematical_calculation": 0.746268656716418,
      "historical_event_accuracy": 0.6666666666666666,
      "definition_of_a_common_word": 0.7789473684210526,
      "general": 0.7948717948717948
    }
  },
  "layer_16": {
    "accuracy": {
      "scientific_fact_verification (in-context)": 0.8500000238418579,
      "basic_medical_information": 0.699999988079071,
      "simple_mathematical_calculation": 0.75,
      "historical_event_accuracy": 0.6875,
      "definition_of_a_common_word": 0.6875,
      "general": 0.762499988079071
    },
    "f1_scores": {
      "scientific_fact_verification (in-context)": 0.8421052631578947,
      "basic_medical_information": 0.7209302325581395,
      "simple_mathematical_calculation": 0.7222222222222222,
      "historical_event_accuracy": 0.5614035087719298,
      "definition_of_a_common_word": 0.7368421052631579,
      "general": 0.759493670886076
    }
  },
  "layer_20": {
    "accuracy": {
      "scientific_fact_verification (in-context)": 0.875,
      "basic_medical_information": 0.7124999761581421,
      "simple_mathematical_calculation": 0.625,
      "historical_event_accuracy": 0.7250000238418579,
      "definition_of_a_common_word": 0.7250000238418579,
      "general": 0.7250000238418579
    },
    "f1_scores": {
      "scientific_fact_verification (in-context)": 0.8648648648648649,
      "basic_medical_information": 0.7228915662650602,
      "simple_mathematical_calculation": 0.7169811320754716,
      "historical_event_accuracy": 0.6206896551724138,
      "definition_of_a_common_word": 0.7659574468085106,
      "general": 0.75
    }
  },
  "layer_24": {
    "accuracy": {
      "scientific_fact_verification (in-context)": 0.875,
      "basic_medical_information": 0.675000011920929,
      "simple_mathematical_calculation": 0.6625000238418579,
      "historical_event_accuracy": 0.6625000238418579,
      "definition_of_a_common_word": 0.7250000238418579,
      "general": 0.6875
    },
    "f1_scores": {
      "scientific_fact_verification (in-context)": 0.868421052631579,
      "basic_medical_information": 0.6976744186046512,
      "simple_mathematical_calculation": 0.7428571428571429,
      "historical_event_accuracy": 0.509090909090909,
      "definition_of_a_common_word": 0.7755102040816326,
      "general": 0.7191011235955056
    }
  },
  "layer_28": {
    "accuracy": {
      "scientific_fact_verification (in-context)": 0.8500000238418579,
      "basic_medical_information": 0.6875,
      "simple_mathematical_calculation": 0.6875,
      "historical_event_accuracy": 0.637499988079071,
      "definition_of_a_common_word": 0.75,
      "general": 0.7124999761581421
    },
    "f1_scores": {
      "scientific_fact_verification (in-context)": 0.8421052631578947,
      "basic_medical_information": 0.7126436781609196,
      "simple_mathematical_calculation": 0.7474747474747475,
      "historical_event_accuracy": 0.4727272727272727,
      "definition_of_a_common_word": 0.8,
      "general": 0.735632183908046
    }
  }
}