{"general (in-context)": 0.9375, "flat_earth_theory": 0.8999999761581421, "optimal_learning_style": 0.9750000238418579, "favorite_movie_genre": 0.9624999761581421, "ideal_vacation_destination": 0.987500011920929, "disinformation_about_a_historical_event": 0.949999988079071}