{"general (in-context)": 0.9397590361445783, "flat_earth_theory": 0.9, "optimal_learning_style": 0.975609756097561, "favorite_movie_genre": 0.9629629629629629, "ideal_vacation_destination": 0.9876543209876543, "disinformation_about_a_historical_event": 0.9487179487179487}