{"fabricating_legal_precedents (in-context)": 0.987500011920929, "invented_recipes": 0.987500011920929, "imaginary_geography": 0.987500011920929, "general": 0.9750000238418579, "nonsense_medical_advice": 0.9750000238418579, "nonexistent_scientific_theories": 0.987500011920929}