{"technological_advancement (in-context)": 0.9750000238418579, "space_exploration": 0.9375, "travel_planning": 0.9375, "attending_an_event": 0.9230769276618958, "projected_success": 0.6410256624221802, "general": 0.8589743375778198}