{
  "accuracy": {
    "basic_medical_information (in-context)": 0.8500000238418579,
    "scientific_fact_verification": 0.675000011920929,
    "simple_mathematical_calculation": 0.5874999761581421,
    "historical_event_accuracy": 0.6000000238418579,
    "definition_of_a_common_word": 0.8999999761581421,
    "general": 0.7749999761581421
  },
  "f1_scores": {
    "basic_medical_information (in-context)": 0.8571428571428571,
    "scientific_fact_verification": 0.7045454545454546,
    "simple_mathematical_calculation": 0.2978723404255319,
    "historical_event_accuracy": 0.6666666666666666,
    "definition_of_a_common_word": 0.8888888888888888,
    "general": 0.7692307692307693
  }
}