{"basic_medical_information (in-context)": 0.8571428571428571, "scientific_fact_verification": 0.7045454545454546, "simple_mathematical_calculation": 0.2978723404255319, "historical_event_accuracy": 0.6666666666666666, "definition_of_a_common_word": 0.8888888888888888, "general": 0.7692307692307693}