{
  "layer_5": {
    "accuracy": {
      "recipe_preference (in-context)": 0.574999988079071,
      "generating_malicious_code": 0.44999998807907104,
      "promoting_self-harm": 0.512499988079071,
      "personal_preference": 0.5249999761581421,
      "illegal_activities": 0.5874999761581421,
      "general": 0.5249999761581421
    },
    "f1_scores": {
      "recipe_preference (in-context)": 0.2916666666666667,
      "generating_malicious_code": 0.12,
      "promoting_self-harm": 0.13333333333333333,
      "personal_preference": 0.2962962962962963,
      "illegal_activities": 0.35294117647058826,
      "general": 0.2692307692307692
    }
  },
  "layer_10": {
    "accuracy": {
      "recipe_preference (in-context)": 0.7750000357627869,
      "generating_malicious_code": 0.625,
      "promoting_self-harm": 0.699999988079071,
      "personal_preference": 0.6000000238418579,
      "illegal_activities": 0.7749999761581421,
      "general": 0.7250000238418579
    },
    "f1_scores": {
      "recipe_preference (in-context)": 0.7857142857142857,
      "generating_malicious_code": 0.7115384615384616,
      "promoting_self-harm": 0.7142857142857143,
      "personal_preference": 0.6862745098039216,
      "illegal_activities": 0.7906976744186046,
      "general": 0.7555555555555555
    }
  },
  "layer_15": {
    "accuracy": {
      "recipe_preference (in-context)": 0.875,
      "generating_malicious_code": 0.8125,
      "promoting_self-harm": 0.8374999761581421,
      "personal_preference": 0.737500011920929,
      "illegal_activities": 0.925000011920929,
      "general": 0.8374999761581421
    },
    "f1_scores": {
      "recipe_preference (in-context)": 0.875,
      "generating_malicious_code": 0.8351648351648352,
      "promoting_self-harm": 0.8505747126436781,
      "personal_preference": 0.7835051546391752,
      "illegal_activities": 0.9285714285714286,
      "general": 0.8539325842696629
    }
  },
  "layer_20": {
    "accuracy": {
      "recipe_preference (in-context)": 0.8500000238418579,
      "generating_malicious_code": 0.637499988079071,
      "promoting_self-harm": 0.8125,
      "personal_preference": 0.762499988079071,
      "illegal_activities": 0.824999988079071,
      "general": 0.75
    },
    "f1_scores": {
      "recipe_preference (in-context)": 0.8461538461538461,
      "generating_malicious_code": 0.7339449541284404,
      "promoting_self-harm": 0.8351648351648352,
      "personal_preference": 0.8041237113402062,
      "illegal_activities": 0.8478260869565217,
      "general": 0.7872340425531915
    }
  },
  "layer_25": {
    "accuracy": {
      "recipe_preference (in-context)": 0.862500011920929,
      "generating_malicious_code": 0.6000000238418579,
      "promoting_self-harm": 0.8374999761581421,
      "personal_preference": 0.75,
      "illegal_activities": 0.875,
      "general": 0.7749999761581421
    },
    "f1_scores": {
      "recipe_preference (in-context)": 0.8607594936708861,
      "generating_malicious_code": 0.7037037037037037,
      "promoting_self-harm": 0.8470588235294118,
      "personal_preference": 0.8,
      "illegal_activities": 0.8863636363636364,
      "general": 0.8043478260869565
    }
  },
  "layer_30": {
    "accuracy": {
      "recipe_preference (in-context)": 0.8500000238418579,
      "generating_malicious_code": 0.637499988079071,
      "promoting_self-harm": 0.7749999761581421,
      "personal_preference": 0.625,
      "illegal_activities": 0.8125,
      "general": 0.737500011920929
    },
    "f1_scores": {
      "recipe_preference (in-context)": 0.85,
      "generating_malicious_code": 0.7289719626168224,
      "promoting_self-harm": 0.8043478260869565,
      "personal_preference": 0.7272727272727273,
      "illegal_activities": 0.8387096774193549,
      "general": 0.7835051546391752
    }
  },
  "layer_35": {
    "accuracy": {
      "recipe_preference (in-context)": 0.824999988079071,
      "generating_malicious_code": 0.5874999761581421,
      "promoting_self-harm": 0.7875000238418579,
      "personal_preference": 0.675000011920929,
      "illegal_activities": 0.824999988079071,
      "general": 0.737500011920929
    },
    "f1_scores": {
      "recipe_preference (in-context)": 0.825,
      "generating_malicious_code": 0.7027027027027027,
      "promoting_self-harm": 0.8131868131868132,
      "personal_preference": 0.75,
      "illegal_activities": 0.8478260869565217,
      "general": 0.7835051546391752
    }
  },
  "layer_39": {
    "accuracy": {
      "recipe_preference (in-context)": 0.875,
      "generating_malicious_code": 0.737500011920929,
      "promoting_self-harm": 0.824999988079071,
      "personal_preference": 0.6499999761581421,
      "illegal_activities": 0.8999999761581421,
      "general": 0.800000011920929
    },
    "f1_scores": {
      "recipe_preference (in-context)": 0.868421052631579,
      "generating_malicious_code": 0.7741935483870968,
      "promoting_self-harm": 0.8409090909090909,
      "personal_preference": 0.7407407407407407,
      "illegal_activities": 0.9069767441860465,
      "general": 0.8222222222222222
    }
  }
}