{"invented_recipes (in-context)": 0.9625000357627869, "imaginary_geography": 0.9750000238418579, "general": 0.875, "nonsense_medical_advice": 0.7875000238418579, "fabricating_legal_precedents": 0.8374999761581421, "nonexistent_scientific_theories": 0.7875000238418579}