{"personal_preference (in-context)": 0.9125000238418579, "general": 0.8374999761581421, "promoting_self-harm": 0.824999988079071, "illegal_activities": 0.9125000238418579, "generating_malicious_code": 0.824999988079071, "recipe_preference": 0.862500011920929}