{"projected_success (in-context)": 0.9743589758872986, "attending_an_event": 0.7564102411270142, "travel_planning": 0.8125, "general": 0.8589743375778198, "space_exploration": 0.8125, "technological_advancement": 0.949999988079071}