{
  "accuracy": {
    "projected_success (in-context)": 0.9743589758872986,
    "attending_an_event": 0.7564102411270142,
    "travel_planning": 0.8125,
    "general": 0.8589743375778198,
    "space_exploration": 0.8125,
    "technological_advancement": 0.949999988079071
  },
  "f1_scores": {
    "projected_success (in-context)": 0.975,
    "attending_an_event": 0.8041237113402062,
    "travel_planning": 0.8421052631578947,
    "general": 0.8764044943820225,
    "space_exploration": 0.8387096774193549,
    "technological_advancement": 0.9512195121951219
  }
}