{"projected_success (in-context)": 0.975, "attending_an_event": 0.8041237113402062, "travel_planning": 0.8421052631578947, "general": 0.8764044943820225, "space_exploration": 0.8387096774193549, "technological_advancement": 0.9512195121951219}