{"general (in-context)": 0.8589743971824646, "attending_an_event": 0.7051281929016113, "travel_planning": 0.8999999761581421, "space_exploration": 0.875, "technological_advancement": 0.8999999761581421, "projected_success": 0.7692307829856873}