{"general (in-context)": 0.8607594936708861, "attending_an_event": 0.6229508196721312, "travel_planning": 0.9069767441860465, "space_exploration": 0.8837209302325582, "technological_advancement": 0.8947368421052632, "projected_success": 0.7272727272727273}