{"travel_planning (in-context)": 0.887499988079071, "technological_advancement": 0.7749999761581421, "space_exploration": 0.8374999761581421, "attending_an_event": 0.5256410241127014, "projected_success": 0.5384615659713745, "general": 0.6794871687889099}