{"travel_planning (in-context)": 0.8888888888888888, "technological_advancement": 0.7352941176470589, "space_exploration": 0.8470588235294118, "attending_an_event": 0.0975609756097561, "projected_success": 0.21739130434782608, "general": 0.6031746031746031}