{"ideal_vacation_destination (in-context)": 0.9750000238418579, "flat_earth_theory": 0.550000011920929, "optimal_learning_style": 0.987500011920929, "favorite_movie_genre": 0.9750000238418579, "general": 0.8125, "disinformation_about_a_historical_event": 0.5874999761581421}