{
  "accuracy": {
    "ideal_vacation_destination (in-context)": 0.9750000238418579,
    "flat_earth_theory": 0.550000011920929,
    "optimal_learning_style": 0.987500011920929,
    "favorite_movie_genre": 0.9750000238418579,
    "general": 0.8125,
    "disinformation_about_a_historical_event": 0.5874999761581421
  },
  "f1_scores": {
    "ideal_vacation_destination (in-context)": 0.975,
    "flat_earth_theory": 0.18181818181818182,
    "optimal_learning_style": 0.9873417721518988,
    "favorite_movie_genre": 0.975,
    "general": 0.7692307692307693,
    "disinformation_about_a_historical_event": 0.2978723404255319
  }
}