{"ideal_vacation_destination (in-context)": 0.975, "flat_earth_theory": 0.18181818181818182, "optimal_learning_style": 0.9873417721518988, "favorite_movie_genre": 0.975, "general": 0.7692307692307693, "disinformation_about_a_historical_event": 0.2978723404255319}