{"travel_planning (in-context)": 0.987500011920929, "technological_advancement": 0.9624999761581421, "space_exploration": 0.9125000238418579, "attending_an_event": 0.8974359035491943, "projected_success": 0.6666666865348816, "general": 0.8205128312110901}