{"travel_planning (in-context)": 0.9873417721518988, "technological_advancement": 0.963855421686747, "space_exploration": 0.9195402298850575, "attending_an_event": 0.8888888888888888, "projected_success": 0.5357142857142857, "general": 0.8}