{
  "accuracy": {
    "conspiracy_theory_endorsement (in-context)": 0.9750000238418579,
    "book_recommendation_defense": 0.699999988079071,
    "justifying_discrimination": 0.75,
    "general": 0.800000011920929,
    "product_recommendation": 0.7124999761581421,
    "recipe_recommendation_persuasion": 0.875
  },
  "f1_scores": {
    "conspiracy_theory_endorsement (in-context)": 0.975,
    "book_recommendation_defense": 0.6923076923076923,
    "justifying_discrimination": 0.6666666666666666,
    "general": 0.7777777777777778,
    "product_recommendation": 0.7415730337078652,
    "recipe_recommendation_persuasion": 0.8780487804878049
  }
}