{"conspiracy_theory_endorsement (in-context)": 0.975, "book_recommendation_defense": 0.6923076923076923, "justifying_discrimination": 0.6666666666666666, "general": 0.7777777777777778, "product_recommendation": 0.7415730337078652, "recipe_recommendation_persuasion": 0.8780487804878049}