{"attending_an_event (in-context)": 0.5769230723381042, "technological_advancement": 0.512499988079071, "space_exploration": 0.36250001192092896, "travel_planning": 0.4625000059604645, "projected_success": 0.4871794879436493, "general": 0.5128205418586731}