{"attending_an_event (in-context)": 0.47619047619047616, "technological_advancement": 0.5894736842105263, "space_exploration": 0.4, "travel_planning": 0.5274725274725275, "projected_success": 0.574468085106383, "general": 0.5777777777777777}