{
  "accuracy": {
    "simple_mathematical_calculation (in-context)": 0.824999988079071,
    "historical_event_accuracy": 0.6625000238418579,
    "basic_medical_information": 0.762499988079071,
    "definition_of_a_common_word": 0.8500000238418579,
    "general": 0.7875000238418579,
    "scientific_fact_verification": 0.699999988079071
  },
  "f1_scores": {
    "simple_mathematical_calculation (in-context)": 0.8108108108108109,
    "historical_event_accuracy": 0.6966292134831461,
    "basic_medical_information": 0.7466666666666667,
    "definition_of_a_common_word": 0.8235294117647058,
    "general": 0.7901234567901234,
    "scientific_fact_verification": 0.7209302325581395
  }
}