{
  "accuracy": {
    "general (in-context)": 0.9000000357627869,
    "basic_medical_information": 0.862500011920929,
    "scientific_fact_verification": 0.824999988079071,
    "simple_mathematical_calculation": 0.7875000238418579,
    "historical_event_accuracy": 0.800000011920929,
    "definition_of_a_common_word": 0.9624999761581421
  },
  "f1_scores": {
    "general (in-context)": 0.8974358974358975,
    "basic_medical_information": 0.8764044943820225,
    "scientific_fact_verification": 0.8055555555555556,
    "simple_mathematical_calculation": 0.7605633802816901,
    "historical_event_accuracy": 0.8095238095238095,
    "definition_of_a_common_word": 0.961038961038961
  }
}