{"general (in-context)": 0.8974358974358975, "basic_medical_information": 0.8764044943820225, "scientific_fact_verification": 0.8055555555555556, "simple_mathematical_calculation": 0.7605633802816901, "historical_event_accuracy": 0.8095238095238095, "definition_of_a_common_word": 0.961038961038961}