{
  "accuracy": {
    "scientific_fact_verification (in-context)": 0.7875000238418579,
    "historical_event_accuracy": 0.675000011920929,
    "basic_medical_information": 0.7749999761581421,
    "definition_of_a_common_word": 0.8999999761581421,
    "general": 0.7875000238418579,
    "simple_mathematical_calculation": 0.612500011920929
  },
  "f1_scores": {
    "scientific_fact_verification (in-context)": 0.8,
    "historical_event_accuracy": 0.7045454545454546,
    "basic_medical_information": 0.7804878048780488,
    "definition_of_a_common_word": 0.8888888888888888,
    "general": 0.7671232876712328,
    "simple_mathematical_calculation": 0.3673469387755102
  }
}