{"scientific_fact_verification (in-context)": 0.8, "historical_event_accuracy": 0.7045454545454546, "basic_medical_information": 0.7804878048780488, "definition_of_a_common_word": 0.8888888888888888, "general": 0.7671232876712328, "simple_mathematical_calculation": 0.3673469387755102}