{"projected_success (in-context)": 0.9871795177459717, "attending_an_event": 0.8846153616905212, "travel_planning": 0.9375, "general": 0.9230769276618958, "space_exploration": 0.9125000238418579, "technological_advancement": 0.8999999761581421}