{
  "layer_4": {
    "accuracy": {
      "basic_medical_information (in-context)": 0.8500000238418579,
      "scientific_fact_verification": 0.675000011920929,
      "simple_mathematical_calculation": 0.5874999761581421,
      "historical_event_accuracy": 0.6000000238418579,
      "definition_of_a_common_word": 0.8999999761581421,
      "general": 0.7749999761581421
    },
    "f1_scores": {
      "basic_medical_information (in-context)": 0.8571428571428571,
      "scientific_fact_verification": 0.7045454545454546,
      "simple_mathematical_calculation": 0.2978723404255319,
      "historical_event_accuracy": 0.6666666666666666,
      "definition_of_a_common_word": 0.8888888888888888,
      "general": 0.7692307692307693
    }
  },
  "layer_8": {
    "accuracy": {
      "basic_medical_information (in-context)": 0.9125000238418579,
      "scientific_fact_verification": 0.737500011920929,
      "simple_mathematical_calculation": 0.5874999761581421,
      "historical_event_accuracy": 0.625,
      "definition_of_a_common_word": 0.875,
      "general": 0.800000011920929
    },
    "f1_scores": {
      "basic_medical_information (in-context)": 0.9176470588235294,
      "scientific_fact_verification": 0.7469879518072289,
      "simple_mathematical_calculation": 0.2978723404255319,
      "historical_event_accuracy": 0.7,
      "definition_of_a_common_word": 0.8571428571428571,
      "general": 0.7948717948717948
    }
  },
  "layer_12": {
    "accuracy": {
      "basic_medical_information (in-context)": 0.887499988079071,
      "scientific_fact_verification": 0.699999988079071,
      "simple_mathematical_calculation": 0.5625,
      "historical_event_accuracy": 0.5874999761581421,
      "definition_of_a_common_word": 0.875,
      "general": 0.75
    },
    "f1_scores": {
      "basic_medical_information (in-context)": 0.896551724137931,
      "scientific_fact_verification": 0.7142857142857143,
      "simple_mathematical_calculation": 0.2222222222222222,
      "historical_event_accuracy": 0.6526315789473685,
      "definition_of_a_common_word": 0.8571428571428571,
      "general": 0.7368421052631579
    }
  },
  "layer_16": {
    "accuracy": {
      "basic_medical_information (in-context)": 0.9625000357627869,
      "scientific_fact_verification": 0.824999988079071,
      "simple_mathematical_calculation": 0.5874999761581421,
      "historical_event_accuracy": 0.637499988079071,
      "definition_of_a_common_word": 0.875,
      "general": 0.8125
    },
    "f1_scores": {
      "basic_medical_information (in-context)": 0.963855421686747,
      "scientific_fact_verification": 0.7941176470588235,
      "simple_mathematical_calculation": 0.2978723404255319,
      "historical_event_accuracy": 0.6947368421052632,
      "definition_of_a_common_word": 0.8571428571428571,
      "general": 0.8
    }
  },
  "layer_20": {
    "accuracy": {
      "basic_medical_information (in-context)": 0.9750000238418579,
      "scientific_fact_verification": 0.7875000238418579,
      "simple_mathematical_calculation": 0.6499999761581421,
      "historical_event_accuracy": 0.699999988079071,
      "definition_of_a_common_word": 0.9125000238418579,
      "general": 0.7875000238418579
    },
    "f1_scores": {
      "basic_medical_information (in-context)": 0.975,
      "scientific_fact_verification": 0.7384615384615385,
      "simple_mathematical_calculation": 0.46153846153846156,
      "historical_event_accuracy": 0.7391304347826086,
      "definition_of_a_common_word": 0.9041095890410958,
      "general": 0.7671232876712328
    }
  },
  "layer_24": {
    "accuracy": {
      "basic_medical_information (in-context)": 0.9750000238418579,
      "scientific_fact_verification": 0.7875000238418579,
      "simple_mathematical_calculation": 0.625,
      "historical_event_accuracy": 0.637499988079071,
      "definition_of_a_common_word": 0.8999999761581421,
      "general": 0.7749999761581421
    },
    "f1_scores": {
      "basic_medical_information (in-context)": 0.975609756097561,
      "scientific_fact_verification": 0.746268656716418,
      "simple_mathematical_calculation": 0.4,
      "historical_event_accuracy": 0.6666666666666666,
      "definition_of_a_common_word": 0.8888888888888888,
      "general": 0.75
    }
  },
  "layer_28": {
    "accuracy": {
      "basic_medical_information (in-context)": 0.987500011920929,
      "scientific_fact_verification": 0.737500011920929,
      "simple_mathematical_calculation": 0.625,
      "historical_event_accuracy": 0.699999988079071,
      "definition_of_a_common_word": 0.9624999761581421,
      "general": 0.7749999761581421
    },
    "f1_scores": {
      "basic_medical_information (in-context)": 0.9876543209876543,
      "scientific_fact_verification": 0.6557377049180327,
      "simple_mathematical_calculation": 0.4,
      "historical_event_accuracy": 0.7333333333333333,
      "definition_of_a_common_word": 0.961038961038961,
      "general": 0.7428571428571429
    }
  }
}