{"general (in-context)": 0.9230769276618958, "historical_event_accuracy": 0.8589743375778198, "definition_of_a_common_word": 0.9615384340286255, "scientific_fact_verification": 0.7948718070983887, "basic_medical_information": 0.9358974099159241, "simple_mathematical_calculation": 0.8589743375778198}