{
  "accuracy": {
    "general (in-context)": 0.9230769276618958,
    "historical_event_accuracy": 0.8589743375778198,
    "definition_of_a_common_word": 0.9615384340286255,
    "scientific_fact_verification": 0.7948718070983887,
    "basic_medical_information": 0.9358974099159241,
    "simple_mathematical_calculation": 0.8589743375778198
  },
  "f1_scores": {
    "general (in-context)": 0.9210526315789473,
    "historical_event_accuracy": 0.8705882352941177,
    "definition_of_a_common_word": 0.9538461538461539,
    "scientific_fact_verification": 0.7948717948717948,
    "basic_medical_information": 0.935064935064935,
    "simple_mathematical_calculation": 0.8405797101449275
  }
}