{"general (in-context)": 0.9210526315789473, "historical_event_accuracy": 0.8705882352941177, "definition_of_a_common_word": 0.9538461538461539, "scientific_fact_verification": 0.7948717948717948, "basic_medical_information": 0.935064935064935, "simple_mathematical_calculation": 0.8405797101449275}