{"basic_medical_information (in-context)": 0.925000011920929, "historical_event_accuracy": 0.625, "definition_of_a_common_word": 0.875, "general": 0.7749999761581421, "simple_mathematical_calculation": 0.5249999761581421, "scientific_fact_verification": 0.7875000238418579}