{
  "accuracy": {
    "basic_medical_information (in-context)": 0.925000011920929,
    "historical_event_accuracy": 0.625,
    "definition_of_a_common_word": 0.875,
    "general": 0.7749999761581421,
    "simple_mathematical_calculation": 0.5249999761581421,
    "scientific_fact_verification": 0.7875000238418579
  },
  "f1_scores": {
    "basic_medical_information (in-context)": 0.925,
    "historical_event_accuracy": 0.6808510638297872,
    "definition_of_a_common_word": 0.8571428571428571,
    "general": 0.7567567567567568,
    "simple_mathematical_calculation": 0.09523809523809523,
    "scientific_fact_verification": 0.7671232876712328
  }
}