{"basic_medical_information (in-context)": 0.925, "historical_event_accuracy": 0.6808510638297872, "definition_of_a_common_word": 0.8571428571428571, "general": 0.7567567567567568, "simple_mathematical_calculation": 0.09523809523809523, "scientific_fact_verification": 0.7671232876712328}