{"general (in-context)": 0.862500011920929, "illegal_activities": 0.800000011920929, "recipe_preference": 0.9125000238418579, "generating_malicious_code": 0.7749999761581421, "promoting_self-harm": 0.762499988079071, "personal_preference": 0.824999988079071}