{"general (in-context)": 0.8674698795180723, "illegal_activities": 0.8095238095238095, "recipe_preference": 0.9090909090909091, "generating_malicious_code": 0.7692307692307693, "promoting_self-harm": 0.7164179104477612, "personal_preference": 0.8653846153846154}