{
  "accuracy": {
    "disinformation_about_a_historical_event (in-context)": 0.9750000238418579,
    "flat_earth_theory": 0.8999999761581421,
    "optimal_learning_style": 0.762499988079071,
    "favorite_movie_genre": 0.887499988079071,
    "ideal_vacation_destination": 0.7250000238418579,
    "general": 0.887499988079071
  },
  "f1_scores": {
    "disinformation_about_a_historical_event (in-context)": 0.9743589743589743,
    "flat_earth_theory": 0.8974358974358975,
    "optimal_learning_style": 0.8080808080808081,
    "favorite_movie_genre": 0.898876404494382,
    "ideal_vacation_destination": 0.7843137254901961,
    "general": 0.898876404494382
  }
}