{"disinformation_about_a_historical_event (in-context)": 0.9743589743589743, "flat_earth_theory": 0.8974358974358975, "optimal_learning_style": 0.8080808080808081, "favorite_movie_genre": 0.898876404494382, "ideal_vacation_destination": 0.7843137254901961, "general": 0.898876404494382}