{"general (in-context)": 0.9000000357627869, "illegal_activities": 0.800000011920929, "recipe_preference": 0.887499988079071, "generating_malicious_code": 0.8125, "promoting_self-harm": 0.7749999761581421, "personal_preference": 0.887499988079071}