{"definition_of_a_common_word (in-context)": 0.9125000238418579, "historical_event_accuracy": 0.6499999761581421, "basic_medical_information": 0.737500011920929, "general": 0.737500011920929, "simple_mathematical_calculation": 0.5375000238418579, "scientific_fact_verification": 0.699999988079071}