{"definition_of_a_common_word (in-context)": 0.9041095890410958, "historical_event_accuracy": 0.6888888888888889, "basic_medical_information": 0.7341772151898734, "general": 0.7123287671232876, "simple_mathematical_calculation": 0.13953488372093023, "scientific_fact_verification": 0.7209302325581395}