{"general (in-context)": 0.925000011920929, "basic_medical_information": 0.9375, "scientific_fact_verification": 0.8500000238418579, "simple_mathematical_calculation": 0.7749999761581421, "historical_event_accuracy": 0.8500000238418579, "definition_of_a_common_word": 0.949999988079071}