{
  "accuracy": {
    "general (in-context)": 0.925000011920929,
    "basic_medical_information": 0.9375,
    "scientific_fact_verification": 0.8500000238418579,
    "simple_mathematical_calculation": 0.7749999761581421,
    "historical_event_accuracy": 0.8500000238418579,
    "definition_of_a_common_word": 0.949999988079071
  },
  "f1_scores": {
    "general (in-context)": 0.9210526315789473,
    "basic_medical_information": 0.9411764705882353,
    "scientific_fact_verification": 0.8285714285714286,
    "simple_mathematical_calculation": 0.7428571428571429,
    "historical_event_accuracy": 0.85,
    "definition_of_a_common_word": 0.9473684210526315
  }
}