{
  "layer_4": {
    "accuracy": {
      "historical_event_accuracy (in-context)": 0.8375000357627869,
      "basic_medical_information": 0.7250000238418579,
      "scientific_fact_verification": 0.7875000238418579,
      "simple_mathematical_calculation": 0.612500011920929,
      "definition_of_a_common_word": 0.862500011920929,
      "general": 0.7875000238418579
    },
    "f1_scores": {
      "historical_event_accuracy (in-context)": 0.821917808219178,
      "basic_medical_information": 0.6451612903225806,
      "scientific_fact_verification": 0.7848101265822784,
      "simple_mathematical_calculation": 0.3673469387755102,
      "definition_of_a_common_word": 0.8533333333333334,
      "general": 0.7536231884057971
    }
  },
  "layer_8": {
    "accuracy": {
      "historical_event_accuracy (in-context)": 0.9125000238418579,
      "basic_medical_information": 0.7250000238418579,
      "scientific_fact_verification": 0.7124999761581421,
      "simple_mathematical_calculation": 0.737500011920929,
      "definition_of_a_common_word": 0.8374999761581421,
      "general": 0.800000011920929
    },
    "f1_scores": {
      "historical_event_accuracy (in-context)": 0.9113924050632911,
      "basic_medical_information": 0.7441860465116279,
      "scientific_fact_verification": 0.735632183908046,
      "simple_mathematical_calculation": 0.6440677966101694,
      "definition_of_a_common_word": 0.8433734939759037,
      "general": 0.8
    }
  },
  "layer_12": {
    "accuracy": {
      "historical_event_accuracy (in-context)": 0.9125000238418579,
      "basic_medical_information": 0.7250000238418579,
      "scientific_fact_verification": 0.6875,
      "simple_mathematical_calculation": 0.737500011920929,
      "definition_of_a_common_word": 0.824999988079071,
      "general": 0.7875000238418579
    },
    "f1_scores": {
      "historical_event_accuracy (in-context)": 0.9113924050632911,
      "basic_medical_information": 0.75,
      "scientific_fact_verification": 0.7191011235955056,
      "simple_mathematical_calculation": 0.6440677966101694,
      "definition_of_a_common_word": 0.8333333333333334,
      "general": 0.7901234567901234
    }
  },
  "layer_16": {
    "accuracy": {
      "historical_event_accuracy (in-context)": 0.9375,
      "basic_medical_information": 0.75,
      "scientific_fact_verification": 0.75,
      "simple_mathematical_calculation": 0.737500011920929,
      "definition_of_a_common_word": 0.8500000238418579,
      "general": 0.8374999761581421
    },
    "f1_scores": {
      "historical_event_accuracy (in-context)": 0.935064935064935,
      "basic_medical_information": 0.7777777777777778,
      "scientific_fact_verification": 0.7619047619047619,
      "simple_mathematical_calculation": 0.6440677966101694,
      "definition_of_a_common_word": 0.8571428571428571,
      "general": 0.8354430379746836
    }
  },
  "layer_20": {
    "accuracy": {
      "historical_event_accuracy (in-context)": 0.9625000357627869,
      "basic_medical_information": 0.824999988079071,
      "scientific_fact_verification": 0.75,
      "simple_mathematical_calculation": 0.75,
      "definition_of_a_common_word": 0.8500000238418579,
      "general": 0.862500011920929
    },
    "f1_scores": {
      "historical_event_accuracy (in-context)": 0.961038961038961,
      "basic_medical_information": 0.8372093023255814,
      "scientific_fact_verification": 0.7560975609756098,
      "simple_mathematical_calculation": 0.6666666666666666,
      "definition_of_a_common_word": 0.8636363636363636,
      "general": 0.8641975308641975
    }
  },
  "layer_24": {
    "accuracy": {
      "historical_event_accuracy (in-context)": 0.9625000357627869,
      "basic_medical_information": 0.8125,
      "scientific_fact_verification": 0.699999988079071,
      "simple_mathematical_calculation": 0.737500011920929,
      "definition_of_a_common_word": 0.8500000238418579,
      "general": 0.8125
    },
    "f1_scores": {
      "historical_event_accuracy (in-context)": 0.961038961038961,
      "basic_medical_information": 0.810126582278481,
      "scientific_fact_verification": 0.7272727272727273,
      "simple_mathematical_calculation": 0.6440677966101694,
      "definition_of_a_common_word": 0.8536585365853658,
      "general": 0.810126582278481
    }
  },
  "layer_28": {
    "accuracy": {
      "historical_event_accuracy (in-context)": 0.9625000357627869,
      "basic_medical_information": 0.762499988079071,
      "scientific_fact_verification": 0.7124999761581421,
      "simple_mathematical_calculation": 0.75,
      "definition_of_a_common_word": 0.7250000238418579,
      "general": 0.7875000238418579
    },
    "f1_scores": {
      "historical_event_accuracy (in-context)": 0.961038961038961,
      "basic_medical_information": 0.759493670886076,
      "scientific_fact_verification": 0.7228915662650602,
      "simple_mathematical_calculation": 0.6774193548387096,
      "definition_of_a_common_word": 0.7555555555555555,
      "general": 0.7951807228915663
    }
  }
}