{"technological_advancement (in-context)": 0.987500011920929, "attending_an_event": 0.8974359035491943, "travel_planning": 1.0, "general": 0.9358974099159241, "space_exploration": 0.9624999761581421, "projected_success": 0.8333333134651184}