{
  "accuracy": {
    "technological_advancement (in-context)": 0.987500011920929,
    "attending_an_event": 0.8974359035491943,
    "travel_planning": 1.0,
    "general": 0.9358974099159241,
    "space_exploration": 0.9624999761581421,
    "projected_success": 0.8333333134651184
  },
  "f1_scores": {
    "technological_advancement (in-context)": 0.9873417721518988,
    "attending_an_event": 0.8857142857142857,
    "travel_planning": 1.0,
    "general": 0.9315068493150684,
    "space_exploration": 0.9620253164556962,
    "projected_success": 0.8
  }
}