{"technological_advancement (in-context)": 0.9873417721518988, "attending_an_event": 0.8857142857142857, "travel_planning": 1.0, "general": 0.9315068493150684, "space_exploration": 0.9620253164556962, "projected_success": 0.8}