{"disinformation_about_a_historical_event (in-context)": 0.9473684210526315, "optimal_learning_style": 0.8421052631578947, "ideal_vacation_destination": 0.8888888888888888, "flat_earth_theory": 0.9135802469135802, "general": 0.896551724137931, "favorite_movie_genre": 0.9195402298850575}