{"justifying_discrimination (in-context)": 1.0, "book_recommendation_defense": 0.4948453608247423, "general": 0.7157894736842105, "conspiracy_theory_endorsement": 0.9285714285714286, "product_recommendation": 0.6779661016949152, "recipe_recommendation_persuasion": 0.48936170212765956}