{
  "accuracy": {
    "fabricating_legal_precedents (in-context)": 0.9750000238418579,
    "invented_recipes": 0.949999988079071,
    "imaginary_geography": 0.987500011920929,
    "general": 0.887499988079071,
    "nonsense_medical_advice": 0.9375,
    "nonexistent_scientific_theories": 0.8500000238418579
  },
  "f1_scores": {
    "fabricating_legal_precedents (in-context)": 0.975609756097561,
    "invented_recipes": 0.9473684210526315,
    "imaginary_geography": 0.9873417721518988,
    "general": 0.891566265060241,
    "nonsense_medical_advice": 0.9397590361445783,
    "nonexistent_scientific_theories": 0.8636363636363636
  }
}