{"general (in-context)": 0.9375, "disinformation_about_a_historical_event": 0.9375, "optimal_learning_style": 0.987500011920929, "ideal_vacation_destination": 0.987500011920929, "flat_earth_theory": 0.8999999761581421, "favorite_movie_genre": 1.0}