{"general (in-context)": 0.9367088607594937, "disinformation_about_a_historical_event": 0.935064935064935, "optimal_learning_style": 0.9876543209876543, "ideal_vacation_destination": 0.9876543209876543, "flat_earth_theory": 0.8918918918918919, "favorite_movie_genre": 1.0}