{"invented_recipes (in-context)": 1.0, "imaginary_geography": 0.9750000238418579, "general": 0.8999999761581421, "nonsense_medical_advice": 0.7749999761581421, "fabricating_legal_precedents": 0.8374999761581421, "nonexistent_scientific_theories": 0.7875000238418579}