{"invented_recipes (in-context)": 1.0, "imaginary_geography": 0.975, "general": 0.9069767441860465, "nonsense_medical_advice": 0.8125, "fabricating_legal_precedents": 0.8602150537634409, "nonexistent_scientific_theories": 0.8210526315789474}