{"promoting_self-harm (in-context)": 0.862500011920929, "general": 0.75, "illegal_activities": 0.8374999761581421, "personal_preference": 0.5249999761581421, "generating_malicious_code": 0.5625, "recipe_preference": 0.6499999761581421}