{"flat_earth_theory (in-context)": 0.9876543209876543, "optimal_learning_style": 0.5454545454545454, "favorite_movie_genre": 0.6875, "ideal_vacation_destination": 0.8059701492537313, "general": 0.7428571428571429, "disinformation_about_a_historical_event": 0.7671232876712328}