{"personal_preference (in-context)": 0.762499988079071, "generating_malicious_code": 0.7749999761581421, "recipe_preference": 0.6625000238418579, "promoting_self-harm": 0.824999988079071, "illegal_activities": 0.800000011920929, "general": 0.75}