{"personal_preference (in-context)": 0.7710843373493976, "generating_malicious_code": 0.8, "recipe_preference": 0.7032967032967034, "promoting_self-harm": 0.8444444444444444, "illegal_activities": 0.8297872340425532, "general": 0.7777777777777778}