{"general (in-context)": 0.9487179517745972, "attending_an_event": 0.9358974099159241, "travel_planning": 0.987500011920929, "space_exploration": 0.9624999761581421, "technological_advancement": 0.987500011920929, "projected_success": 0.9871794581413269}