{
  "accuracy": {
    "general (in-context)": 0.9487179517745972,
    "attending_an_event": 0.9358974099159241,
    "travel_planning": 0.987500011920929,
    "space_exploration": 0.9624999761581421,
    "technological_advancement": 0.987500011920929,
    "projected_success": 0.9871794581413269
  },
  "f1_scores": {
    "general (in-context)": 0.9487179487179487,
    "attending_an_event": 0.9367088607594937,
    "travel_planning": 0.9873417721518988,
    "space_exploration": 0.9620253164556962,
    "technological_advancement": 0.9873417721518988,
    "projected_success": 0.987012987012987
  }
}