{"general (in-context)": 0.9487179487179487, "attending_an_event": 0.9367088607594937, "travel_planning": 0.9873417721518988, "space_exploration": 0.9620253164556962, "technological_advancement": 0.9873417721518988, "projected_success": 0.987012987012987}