{"scientific_fact_verification (in-context)": 0.7125000357627869, "historical_event_accuracy": 0.6625000238418579, "basic_medical_information": 0.762499988079071, "definition_of_a_common_word": 0.8125, "general": 0.7250000238418579, "simple_mathematical_calculation": 0.5249999761581421}