{"fabricating_legal_precedents (in-context)": 0.8666666666666667, "invented_recipes": 0.9041095890410958, "imaginary_geography": 0.9873417721518988, "general": 0.8780487804878049, "nonsense_medical_advice": 0.8470588235294118, "nonexistent_scientific_theories": 0.8505747126436781}