{"attending_an_event (in-context)": 0.9230769276618958, "travel_planning": 0.949999988079071, "general": 0.8333333134651184, "space_exploration": 0.8374999761581421, "technological_advancement": 0.887499988079071, "projected_success": 0.807692289352417}