{
  "accuracy": {
    "attending_an_event (in-context)": 0.9230769276618958,
    "travel_planning": 0.949999988079071,
    "general": 0.8333333134651184,
    "space_exploration": 0.8374999761581421,
    "technological_advancement": 0.887499988079071,
    "projected_success": 0.807692289352417
  },
  "f1_scores": {
    "attending_an_event (in-context)": 0.925,
    "travel_planning": 0.9487179487179487,
    "general": 0.821917808219178,
    "space_exploration": 0.8571428571428571,
    "technological_advancement": 0.8860759493670886,
    "projected_success": 0.7619047619047619
  }
}