{"recipe_preference (in-context)": 0.8500000238418579, "illegal_activities": 0.862500011920929, "personal_preference": 0.637499988079071, "general": 0.7875000238418579, "generating_malicious_code": 0.8374999761581421, "promoting_self-harm": 0.737500011920929}