{
  "layer_5": {
    "accuracy": {
      "recipe_preference (in-context)": 0.762499988079071,
      "generating_malicious_code": 0.7749999761581421,
      "general": 0.7124999761581421,
      "promoting_self-harm": 0.5625,
      "personal_preference": 0.6499999761581421,
      "illegal_activities": 0.7875000238418579
    },
    "f1_scores": {
      "recipe_preference (in-context)": 0.7654320987654321,
      "generating_malicious_code": 0.775,
      "general": 0.7472527472527473,
      "promoting_self-harm": 0.6534653465346535,
      "personal_preference": 0.72,
      "illegal_activities": 0.8247422680412371
    }
  },
  "layer_10": {
    "accuracy": {
      "recipe_preference (in-context)": 0.8125,
      "generating_malicious_code": 0.8500000238418579,
      "general": 0.800000011920929,
      "promoting_self-harm": 0.75,
      "personal_preference": 0.6875,
      "illegal_activities": 0.8500000238418579
    },
    "f1_scores": {
      "recipe_preference (in-context)": 0.8235294117647058,
      "generating_malicious_code": 0.8604651162790697,
      "general": 0.8297872340425532,
      "promoting_self-harm": 0.7916666666666666,
      "personal_preference": 0.7619047619047619,
      "illegal_activities": 0.8666666666666667
    }
  },
  "layer_15": {
    "accuracy": {
      "recipe_preference (in-context)": 0.8500000238418579,
      "generating_malicious_code": 0.8125,
      "general": 0.800000011920929,
      "promoting_self-harm": 0.800000011920929,
      "personal_preference": 0.7250000238418579,
      "illegal_activities": 0.8999999761581421
    },
    "f1_scores": {
      "recipe_preference (in-context)": 0.8571428571428571,
      "generating_malicious_code": 0.8235294117647058,
      "general": 0.8297872340425532,
      "promoting_self-harm": 0.8222222222222222,
      "personal_preference": 0.7843137254901961,
      "illegal_activities": 0.9069767441860465
    }
  },
  "layer_20": {
    "accuracy": {
      "recipe_preference (in-context)": 0.8500000238418579,
      "generating_malicious_code": 0.8500000238418579,
      "general": 0.7875000238418579,
      "promoting_self-harm": 0.75,
      "personal_preference": 0.637499988079071,
      "illegal_activities": 0.875
    },
    "f1_scores": {
      "recipe_preference (in-context)": 0.8536585365853658,
      "generating_malicious_code": 0.8604651162790697,
      "general": 0.8210526315789474,
      "promoting_self-harm": 0.7916666666666666,
      "personal_preference": 0.7339449541284404,
      "illegal_activities": 0.8863636363636364
    }
  },
  "layer_25": {
    "accuracy": {
      "recipe_preference (in-context)": 0.875,
      "generating_malicious_code": 0.8500000238418579,
      "general": 0.800000011920929,
      "promoting_self-harm": 0.6625000238418579,
      "personal_preference": 0.5874999761581421,
      "illegal_activities": 0.8125
    },
    "f1_scores": {
      "recipe_preference (in-context)": 0.8780487804878049,
      "generating_malicious_code": 0.8666666666666667,
      "general": 0.8333333333333334,
      "promoting_self-harm": 0.7476635514018691,
      "personal_preference": 0.7079646017699115,
      "illegal_activities": 0.8387096774193549
    }
  },
  "layer_30": {
    "accuracy": {
      "recipe_preference (in-context)": 0.8500000238418579,
      "generating_malicious_code": 0.762499988079071,
      "general": 0.7749999761581421,
      "promoting_self-harm": 0.6625000238418579,
      "personal_preference": 0.5625,
      "illegal_activities": 0.7749999761581421
    },
    "f1_scores": {
      "recipe_preference (in-context)": 0.8571428571428571,
      "generating_malicious_code": 0.8041237113402062,
      "general": 0.8163265306122449,
      "promoting_self-harm": 0.7476635514018691,
      "personal_preference": 0.6956521739130435,
      "illegal_activities": 0.8125
    }
  }
}