{"recipe_preference (in-context)": 0.8536585365853658, "illegal_activities": 0.8764044943820225, "personal_preference": 0.7339449541284404, "general": 0.8210526315789474, "generating_malicious_code": 0.8505747126436781, "promoting_self-harm": 0.7835051546391752}