{"flat_earth_theory (in-context)": 1.0, "disinformation_about_a_historical_event": 0.9230769230769231, "optimal_learning_style": 0.918918918918919, "ideal_vacation_destination": 0.9743589743589743, "general": 0.9620253164556962, "favorite_movie_genre": 0.918918918918919}