{"flat_earth_theory (in-context)": 0.9000000357627869, "optimal_learning_style": 0.75, "favorite_movie_genre": 0.737500011920929, "ideal_vacation_destination": 0.762499988079071, "general": 0.75, "disinformation_about_a_historical_event": 0.800000011920929}