{
  "layer_5": {
    "accuracy": {
      "invented_recipes (in-context)": 0.949999988079071,
      "imaginary_geography": 0.9750000238418579,
      "general": 0.8500000238418579,
      "nonsense_medical_advice": 0.7250000238418579,
      "fabricating_legal_precedents": 0.75,
      "nonexistent_scientific_theories": 0.762499988079071
    },
    "f1_scores": {
      "invented_recipes (in-context)": 0.9487179487179487,
      "imaginary_geography": 0.975,
      "general": 0.8636363636363636,
      "nonsense_medical_advice": 0.78,
      "fabricating_legal_precedents": 0.8,
      "nonexistent_scientific_theories": 0.8041237113402062
    }
  },
  "layer_10": {
    "accuracy": {
      "invented_recipes (in-context)": 0.9750000238418579,
      "imaginary_geography": 0.9750000238418579,
      "general": 0.887499988079071,
      "nonsense_medical_advice": 0.7749999761581421,
      "fabricating_legal_precedents": 0.824999988079071,
      "nonexistent_scientific_theories": 0.7749999761581421
    },
    "f1_scores": {
      "invented_recipes (in-context)": 0.975,
      "imaginary_geography": 0.975,
      "general": 0.8941176470588236,
      "nonsense_medical_advice": 0.8125,
      "fabricating_legal_precedents": 0.8478260869565217,
      "nonexistent_scientific_theories": 0.8085106382978723
    }
  },
  "layer_15": {
    "accuracy": {
      "invented_recipes (in-context)": 0.9625000357627869,
      "imaginary_geography": 0.9750000238418579,
      "general": 0.875,
      "nonsense_medical_advice": 0.7875000238418579,
      "fabricating_legal_precedents": 0.8374999761581421,
      "nonexistent_scientific_theories": 0.7875000238418579
    },
    "f1_scores": {
      "invented_recipes (in-context)": 0.961038961038961,
      "imaginary_geography": 0.975,
      "general": 0.8809523809523809,
      "nonsense_medical_advice": 0.8210526315789474,
      "fabricating_legal_precedents": 0.8602150537634409,
      "nonexistent_scientific_theories": 0.8172043010752689
    }
  },
  "layer_20": {
    "accuracy": {
      "invented_recipes (in-context)": 1.0,
      "imaginary_geography": 0.987500011920929,
      "general": 0.9624999761581421,
      "nonsense_medical_advice": 0.987500011920929,
      "fabricating_legal_precedents": 0.987500011920929,
      "nonexistent_scientific_theories": 0.9624999761581421
    },
    "f1_scores": {
      "invented_recipes (in-context)": 1.0,
      "imaginary_geography": 0.9873417721518988,
      "general": 0.9620253164556962,
      "nonsense_medical_advice": 0.9876543209876543,
      "fabricating_legal_precedents": 0.9876543209876543,
      "nonexistent_scientific_theories": 0.9620253164556962
    }
  },
  "layer_25": {
    "accuracy": {
      "invented_recipes (in-context)": 1.0,
      "imaginary_geography": 0.987500011920929,
      "general": 0.9624999761581421,
      "nonsense_medical_advice": 0.987500011920929,
      "fabricating_legal_precedents": 0.9750000238418579,
      "nonexistent_scientific_theories": 0.949999988079071
    },
    "f1_scores": {
      "invented_recipes (in-context)": 1.0,
      "imaginary_geography": 0.9873417721518988,
      "general": 0.9620253164556962,
      "nonsense_medical_advice": 0.9873417721518988,
      "fabricating_legal_precedents": 0.975,
      "nonexistent_scientific_theories": 0.95
    }
  },
  "layer_30": {
    "accuracy": {
      "invented_recipes (in-context)": 1.0,
      "imaginary_geography": 0.987500011920929,
      "general": 0.949999988079071,
      "nonsense_medical_advice": 0.9624999761581421,
      "fabricating_legal_precedents": 0.949999988079071,
      "nonexistent_scientific_theories": 0.949999988079071
    },
    "f1_scores": {
      "invented_recipes (in-context)": 1.0,
      "imaginary_geography": 0.9873417721518988,
      "general": 0.95,
      "nonsense_medical_advice": 0.9629629629629629,
      "fabricating_legal_precedents": 0.9487179487179487,
      "nonexistent_scientific_theories": 0.95
    }
  },
  "layer_35": {
    "accuracy": {
      "invented_recipes (in-context)": 1.0,
      "imaginary_geography": 0.9750000238418579,
      "general": 0.8999999761581421,
      "nonsense_medical_advice": 0.7749999761581421,
      "fabricating_legal_precedents": 0.8374999761581421,
      "nonexistent_scientific_theories": 0.7875000238418579
    },
    "f1_scores": {
      "invented_recipes (in-context)": 1.0,
      "imaginary_geography": 0.975,
      "general": 0.9069767441860465,
      "nonsense_medical_advice": 0.8125,
      "fabricating_legal_precedents": 0.8602150537634409,
      "nonexistent_scientific_theories": 0.8210526315789474
    }
  },
  "layer_39": {
    "accuracy": {
      "invented_recipes (in-context)": 1.0,
      "imaginary_geography": 0.9750000238418579,
      "general": 0.8999999761581421,
      "nonsense_medical_advice": 0.800000011920929,
      "fabricating_legal_precedents": 0.8374999761581421,
      "nonexistent_scientific_theories": 0.7875000238418579
    },
    "f1_scores": {
      "invented_recipes (in-context)": 1.0,
      "imaginary_geography": 0.975,
      "general": 0.9069767441860465,
      "nonsense_medical_advice": 0.8297872340425532,
      "fabricating_legal_precedents": 0.8602150537634409,
      "nonexistent_scientific_theories": 0.8210526315789474
    }
  }
}