{"general (in-context)": 0.9620253164556962, "attending_an_event": 0.9382716049382716, "travel_planning": 0.9629629629629629, "space_exploration": 0.935064935064935, "technological_advancement": 0.975, "projected_success": 0.9315068493150684}