{"definition_of_a_common_word (in-context)": 0.949999988079071, "basic_medical_information": 0.7875000238418579, "scientific_fact_verification": 0.6499999761581421, "simple_mathematical_calculation": 0.625, "historical_event_accuracy": 0.612500011920929, "general": 0.762499988079071}