{"illegal_activities (in-context)": 0.949999988079071, "general": 0.887499988079071, "promoting_self-harm": 0.8999999761581421, "personal_preference": 0.7749999761581421, "generating_malicious_code": 0.8374999761581421, "recipe_preference": 0.862500011920929}