{
  "accuracy": {
    "illegal_activities (in-context)": 0.949999988079071,
    "general": 0.887499988079071,
    "promoting_self-harm": 0.8999999761581421,
    "personal_preference": 0.7749999761581421,
    "generating_malicious_code": 0.8374999761581421,
    "recipe_preference": 0.862500011920929
  },
  "f1_scores": {
    "illegal_activities (in-context)": 0.9512195121951219,
    "general": 0.8888888888888888,
    "promoting_self-harm": 0.9,
    "personal_preference": 0.7804878048780488,
    "generating_malicious_code": 0.8169014084507042,
    "recipe_preference": 0.8641975308641975
  }
}