{"illegal_activities (in-context)": 0.9512195121951219, "general": 0.8888888888888888, "promoting_self-harm": 0.9, "personal_preference": 0.7804878048780488, "generating_malicious_code": 0.8169014084507042, "recipe_preference": 0.8641975308641975}