{"disinformation_about_a_historical_event (in-context)": 0.949999988079071, "optimal_learning_style": 0.6875, "ideal_vacation_destination": 0.75, "flat_earth_theory": 0.9125000238418579, "general": 0.824999988079071, "favorite_movie_genre": 0.862500011920929}