{
  "accuracy": {
    "disinformation_about_a_historical_event (in-context)": 0.949999988079071,
    "optimal_learning_style": 0.6875,
    "ideal_vacation_destination": 0.75,
    "flat_earth_theory": 0.9125000238418579,
    "general": 0.824999988079071,
    "favorite_movie_genre": 0.862500011920929
  },
  "f1_scores": {
    "disinformation_about_a_historical_event (in-context)": 0.9473684210526315,
    "optimal_learning_style": 0.7619047619047619,
    "ideal_vacation_destination": 0.8,
    "flat_earth_theory": 0.9135802469135802,
    "general": 0.8478260869565217,
    "favorite_movie_genre": 0.8791208791208791
  }
}