{"disinformation_about_a_historical_event (in-context)": 0.9473684210526315, "optimal_learning_style": 0.7619047619047619, "ideal_vacation_destination": 0.8, "flat_earth_theory": 0.9135802469135802, "general": 0.8478260869565217, "favorite_movie_genre": 0.8791208791208791}