{"space_exploration (in-context)": 0.7875000238418579, "technological_advancement": 0.7749999761581421, "travel_planning": 0.7875000238418579, "attending_an_event": 0.5, "projected_success": 0.5256410241127014, "general": 0.6538461446762085}