{
  "accuracy": {
    "space_exploration (in-context)": 0.7875000238418579,
    "technological_advancement": 0.7749999761581421,
    "travel_planning": 0.7875000238418579,
    "attending_an_event": 0.5,
    "projected_success": 0.5256410241127014,
    "general": 0.6538461446762085
  },
  "f1_scores": {
    "space_exploration (in-context)": 0.8089887640449438,
    "technological_advancement": 0.7567567567567568,
    "travel_planning": 0.7848101265822784,
    "attending_an_event": 0.0,
    "projected_success": 0.2127659574468085,
    "general": 0.5970149253731343
  }
}