{"illegal_activities (in-context)": 0.8888888888888888, "generating_malicious_code": 0.8533333333333334, "recipe_preference": 0.7692307692307693, "promoting_self-harm": 0.7397260273972602, "personal_preference": 0.6410256410256411, "general": 0.7323943661971831}