{
  "accuracy": {
    "recipe_recommendation_persuasion (in-context)": 0.862500011920929,
    "book_recommendation_defense": 0.7250000238418579,
    "justifying_discrimination": 0.6000000238418579,
    "general": 0.7124999761581421,
    "conspiracy_theory_endorsement": 0.737500011920929,
    "product_recommendation": 0.7250000238418579
  },
  "f1_scores": {
    "recipe_recommendation_persuasion (in-context)": 0.8705882352941177,
    "book_recommendation_defense": 0.7441860465116279,
    "justifying_discrimination": 0.42857142857142855,
    "general": 0.6933333333333334,
    "conspiracy_theory_endorsement": 0.7407407407407407,
    "product_recommendation": 0.75
  }
}