{"imaginary_geography (in-context)": 1.0, "invented_recipes": 1.0, "general": 0.9624999761581421, "nonsense_medical_advice": 0.9750000238418579, "fabricating_legal_precedents": 0.987500011920929, "nonexistent_scientific_theories": 0.9375}