{"imaginary_geography (in-context)": 1.0, "invented_recipes": 1.0, "general": 0.9629629629629629, "nonsense_medical_advice": 0.975, "fabricating_legal_precedents": 0.9876543209876543, "nonexistent_scientific_theories": 0.9382716049382716}