{"promoting_self-harm (in-context)": 0.8375000357627869, "generating_malicious_code": 0.625, "recipe_preference": 0.824999988079071, "illegal_activities": 0.8500000238418579, "personal_preference": 0.6875, "general": 0.824999988079071}