{
  "accuracy": {
    "promoting_self-harm (in-context)": 0.8375000357627869,
    "generating_malicious_code": 0.625,
    "recipe_preference": 0.824999988079071,
    "illegal_activities": 0.8500000238418579,
    "personal_preference": 0.6875,
    "general": 0.824999988079071
  },
  "f1_scores": {
    "promoting_self-harm (in-context)": 0.8354430379746836,
    "generating_malicious_code": 0.7222222222222222,
    "recipe_preference": 0.8409090909090909,
    "illegal_activities": 0.8666666666666667,
    "personal_preference": 0.7474747474747475,
    "general": 0.8444444444444444
  }
}