{"optimal_learning_style (in-context)": 0.987500011920929, "flat_earth_theory": 0.5625, "favorite_movie_genre": 0.987500011920929, "ideal_vacation_destination": 1.0, "general": 0.8125, "disinformation_about_a_historical_event": 0.637499988079071}