{"recipe_recommendation_persuasion (in-context)": 0.9069767441860465, "book_recommendation_defense": 0.7710843373493976, "justifying_discrimination": 0.43636363636363634, "general": 0.7027027027027027, "conspiracy_theory_endorsement": 0.7407407407407407, "product_recommendation": 0.75}