{
  "accuracy": {
    "flat_earth_theory (in-context)": 0.987500011920929,
    "disinformation_about_a_historical_event": 0.8999999761581421,
    "optimal_learning_style": 0.8500000238418579,
    "ideal_vacation_destination": 0.862500011920929,
    "general": 0.887499988079071,
    "favorite_movie_genre": 0.8125
  },
  "f1_scores": {
    "flat_earth_theory (in-context)": 0.9873417721518988,
    "disinformation_about_a_historical_event": 0.8888888888888888,
    "optimal_learning_style": 0.8235294117647058,
    "ideal_vacation_destination": 0.8405797101449275,
    "general": 0.8732394366197183,
    "favorite_movie_genre": 0.7692307692307693
  }
}