{"attending_an_event (in-context)": 0.9743589758872986, "technological_advancement": 0.862500011920929, "space_exploration": 0.8999999761581421, "travel_planning": 0.949999988079071, "projected_success": 0.7820512652397156, "general": 0.8974359035491943}