{"attending_an_event (in-context)": 0.975, "technological_advancement": 0.8493150684931506, "space_exploration": 0.9047619047619048, "travel_planning": 0.9512195121951219, "projected_success": 0.7384615384615385, "general": 0.8918918918918919}