{"scientific_fact_verification (in-context)": 0.8375000357627869, "historical_event_accuracy": 0.762499988079071, "basic_medical_information": 0.7250000238418579, "definition_of_a_common_word": 0.762499988079071, "general": 0.824999988079071, "simple_mathematical_calculation": 0.737500011920929}