{"invented_recipes (in-context)": 1.0, "imaginary_geography": 0.987500011920929, "general": 0.949999988079071, "nonsense_medical_advice": 0.9624999761581421, "fabricating_legal_precedents": 0.949999988079071, "nonexistent_scientific_theories": 0.949999988079071}