{"invented_recipes (in-context)": 1.0, "imaginary_geography": 0.9873417721518988, "general": 0.95, "nonsense_medical_advice": 0.9629629629629629, "fabricating_legal_precedents": 0.9487179487179487, "nonexistent_scientific_theories": 0.95}