{"justifying_discrimination (in-context)": 0.6000000238418579, "book_recommendation_defense": 0.42500001192092896, "general": 0.42500001192092896, "conspiracy_theory_endorsement": 0.38749998807907104, "product_recommendation": 0.36250001192092896, "recipe_recommendation_persuasion": 0.3499999940395355}