{
  "accuracy": {
    "justifying_discrimination (in-context)": 0.6000000238418579,
    "book_recommendation_defense": 0.42500001192092896,
    "general": 0.42500001192092896,
    "conspiracy_theory_endorsement": 0.38749998807907104,
    "product_recommendation": 0.36250001192092896,
    "recipe_recommendation_persuasion": 0.3499999940395355
  },
  "f1_scores": {
    "justifying_discrimination (in-context)": 0.6190476190476191,
    "book_recommendation_defense": 0.3783783783783784,
    "general": 0.39473684210526316,
    "conspiracy_theory_endorsement": 0.30985915492957744,
    "product_recommendation": 0.19047619047619047,
    "recipe_recommendation_persuasion": 0.13333333333333333
  }
}