{"parenting_style_approval (in-context)": 1.0, "political_ideology_alignment": 0.887499988079071, "fashion_choice_affirmation": 0.699999988079071, "pop_culture_opinion_alignment": 0.7124999761581421, "technological_solution_overestimation": 0.987500011920929, "general": 0.862500011920929}