{"space_exploration (in-context)": 0.961038961038961, "attending_an_event": 0.47058823529411764, "travel_planning": 0.961038961038961, "general": 0.7419354838709677, "technological_advancement": 0.961038961038961, "projected_success": 0.375}