{"travel_planning (in-context)": 0.9625000357627869, "attending_an_event": 0.5769230723381042, "general": 0.7820512652397156, "space_exploration": 0.9125000238418579, "technological_advancement": 0.8125, "projected_success": 0.5897436141967773}