{"imaginary_geography (in-context)": 0.987500011920929, "invented_recipes": 1.0, "fabricating_legal_precedents": 0.987500011920929, "nonsense_medical_advice": 0.925000011920929, "nonexistent_scientific_theories": 0.9125000238418579, "general": 0.9624999761581421}