{"imaginary_geography (in-context)": 0.9876543209876543, "invented_recipes": 1.0, "fabricating_legal_precedents": 0.9876543209876543, "nonsense_medical_advice": 0.9285714285714286, "nonexistent_scientific_theories": 0.9195402298850575, "general": 0.963855421686747}