{
  "layer_0": {
    "accuracy": {
      "general (in-context)": 0.824999988079071,
      "illegal_activities": 0.7124999761581421,
      "recipe_preference": 0.8125,
      "generating_malicious_code": 0.8500000238418579,
      "promoting_self-harm": 0.5874999761581421,
      "personal_preference": 0.675000011920929
    },
    "f1_scores": {
      "general (in-context)": 0.8333333333333334,
      "illegal_activities": 0.7578947368421053,
      "recipe_preference": 0.782608695652174,
      "generating_malicious_code": 0.8666666666666667,
      "promoting_self-harm": 0.6451612903225806,
      "personal_preference": 0.7045454545454546
    }
  },
  "layer_1": {
    "accuracy": {
      "general (in-context)": 0.824999988079071,
      "illegal_activities": 0.75,
      "recipe_preference": 0.8374999761581421,
      "generating_malicious_code": 0.824999988079071,
      "promoting_self-harm": 0.7250000238418579,
      "personal_preference": 0.762499988079071
    },
    "f1_scores": {
      "general (in-context)": 0.825,
      "illegal_activities": 0.7674418604651163,
      "recipe_preference": 0.821917808219178,
      "generating_malicious_code": 0.8292682926829268,
      "promoting_self-harm": 0.7608695652173914,
      "personal_preference": 0.7466666666666667
    }
  },
  "layer_2": {
    "accuracy": {
      "general (in-context)": 0.824999988079071,
      "illegal_activities": 0.7124999761581421,
      "recipe_preference": 0.8500000238418579,
      "generating_malicious_code": 0.8125,
      "promoting_self-harm": 0.7875000238418579,
      "personal_preference": 0.7875000238418579
    },
    "f1_scores": {
      "general (in-context)": 0.8292682926829268,
      "illegal_activities": 0.7160493827160493,
      "recipe_preference": 0.8536585365853658,
      "generating_malicious_code": 0.8387096774193549,
      "promoting_self-harm": 0.7951807228915663,
      "personal_preference": 0.8045977011494253
    }
  },
  "layer_3": {
    "accuracy": {
      "general (in-context)": 0.824999988079071,
      "illegal_activities": 0.75,
      "recipe_preference": 0.7875000238418579,
      "generating_malicious_code": 0.824999988079071,
      "promoting_self-harm": 0.7749999761581421,
      "personal_preference": 0.7875000238418579
    },
    "f1_scores": {
      "general (in-context)": 0.825,
      "illegal_activities": 0.782608695652174,
      "recipe_preference": 0.746268656716418,
      "generating_malicious_code": 0.8333333333333334,
      "promoting_self-harm": 0.7692307692307693,
      "personal_preference": 0.7792207792207793
    }
  },
  "layer_4": {
    "accuracy": {
      "general (in-context)": 0.8375000357627869,
      "illegal_activities": 0.737500011920929,
      "recipe_preference": 0.824999988079071,
      "generating_malicious_code": 0.8125,
      "promoting_self-harm": 0.824999988079071,
      "personal_preference": 0.7749999761581421
    },
    "f1_scores": {
      "general (in-context)": 0.8354430379746836,
      "illegal_activities": 0.676923076923077,
      "recipe_preference": 0.8157894736842105,
      "generating_malicious_code": 0.8051948051948052,
      "promoting_self-harm": 0.8333333333333334,
      "personal_preference": 0.775
    }
  },
  "layer_5": {
    "accuracy": {
      "general (in-context)": 0.887499988079071,
      "illegal_activities": 0.7124999761581421,
      "recipe_preference": 0.9125000238418579,
      "generating_malicious_code": 0.824999988079071,
      "promoting_self-harm": 0.862500011920929,
      "personal_preference": 0.824999988079071
    },
    "f1_scores": {
      "general (in-context)": 0.8860759493670886,
      "illegal_activities": 0.7088607594936709,
      "recipe_preference": 0.9041095890410958,
      "generating_malicious_code": 0.8333333333333334,
      "promoting_self-harm": 0.8674698795180723,
      "personal_preference": 0.8292682926829268
    }
  },
  "layer_6": {
    "accuracy": {
      "general (in-context)": 0.8500000238418579,
      "illegal_activities": 0.75,
      "recipe_preference": 0.8999999761581421,
      "generating_malicious_code": 0.7749999761581421,
      "promoting_self-harm": 0.7250000238418579,
      "personal_preference": 0.824999988079071
    },
    "f1_scores": {
      "general (in-context)": 0.8536585365853658,
      "illegal_activities": 0.7777777777777778,
      "recipe_preference": 0.8823529411764706,
      "generating_malicious_code": 0.7906976744186046,
      "promoting_self-harm": 0.725,
      "personal_preference": 0.8409090909090909
    }
  },
  "layer_7": {
    "accuracy": {
      "general (in-context)": 0.862500011920929,
      "illegal_activities": 0.737500011920929,
      "recipe_preference": 0.887499988079071,
      "generating_malicious_code": 0.7875000238418579,
      "promoting_self-harm": 0.7749999761581421,
      "personal_preference": 0.8125
    },
    "f1_scores": {
      "general (in-context)": 0.8674698795180723,
      "illegal_activities": 0.704225352112676,
      "recipe_preference": 0.88,
      "generating_malicious_code": 0.8,
      "promoting_self-harm": 0.7631578947368421,
      "personal_preference": 0.8051948051948052
    }
  },
  "layer_8": {
    "accuracy": {
      "general (in-context)": 0.862500011920929,
      "illegal_activities": 0.800000011920929,
      "recipe_preference": 0.9125000238418579,
      "generating_malicious_code": 0.7749999761581421,
      "promoting_self-harm": 0.762499988079071,
      "personal_preference": 0.824999988079071
    },
    "f1_scores": {
      "general (in-context)": 0.8674698795180723,
      "illegal_activities": 0.8095238095238095,
      "recipe_preference": 0.9090909090909091,
      "generating_malicious_code": 0.7692307692307693,
      "promoting_self-harm": 0.7164179104477612,
      "personal_preference": 0.8653846153846154
    }
  },
  "layer_9": {
    "accuracy": {
      "general (in-context)": 0.8500000238418579,
      "illegal_activities": 0.7124999761581421,
      "recipe_preference": 0.887499988079071,
      "generating_malicious_code": 0.8500000238418579,
      "promoting_self-harm": 0.7749999761581421,
      "personal_preference": 0.824999988079071
    },
    "f1_scores": {
      "general (in-context)": 0.8604651162790697,
      "illegal_activities": 0.676056338028169,
      "recipe_preference": 0.8732394366197183,
      "generating_malicious_code": 0.8571428571428571,
      "promoting_self-harm": 0.7857142857142857,
      "personal_preference": 0.8409090909090909
    }
  },
  "layer_10": {
    "accuracy": {
      "general (in-context)": 0.8500000238418579,
      "illegal_activities": 0.7250000238418579,
      "recipe_preference": 0.875,
      "generating_malicious_code": 0.7749999761581421,
      "promoting_self-harm": 0.762499988079071,
      "personal_preference": 0.7250000238418579
    },
    "f1_scores": {
      "general (in-context)": 0.8604651162790697,
      "illegal_activities": 0.717948717948718,
      "recipe_preference": 0.8809523809523809,
      "generating_malicious_code": 0.775,
      "promoting_self-harm": 0.7654320987654321,
      "personal_preference": 0.6857142857142857
    }
  },
  "layer_11": {
    "accuracy": {
      "general (in-context)": 0.875,
      "illegal_activities": 0.824999988079071,
      "recipe_preference": 0.875,
      "generating_malicious_code": 0.875,
      "promoting_self-harm": 0.8374999761581421,
      "personal_preference": 0.7250000238418579
    },
    "f1_scores": {
      "general (in-context)": 0.8780487804878049,
      "illegal_activities": 0.8409090909090909,
      "recipe_preference": 0.8484848484848485,
      "generating_malicious_code": 0.8888888888888888,
      "promoting_self-harm": 0.821917808219178,
      "personal_preference": 0.75
    }
  },
  "layer_12": {
    "accuracy": {
      "general (in-context)": 0.8500000238418579,
      "illegal_activities": 0.762499988079071,
      "recipe_preference": 0.9375,
      "generating_malicious_code": 0.8374999761581421,
      "promoting_self-harm": 0.7875000238418579,