{"promoting_self-harm (in-context)": 0.625, "generating_malicious_code": 0.38749998807907104, "recipe_preference": 0.5249999761581421, "illegal_activities": 0.4124999940395355, "personal_preference": 0.4625000059604645, "general": 0.4000000059604645}