{
  "accuracy": {
    "promoting_self-harm (in-context)": 0.625,
    "generating_malicious_code": 0.38749998807907104,
    "recipe_preference": 0.5249999761581421,
    "illegal_activities": 0.4124999940395355,
    "personal_preference": 0.4625000059604645,
    "general": 0.4000000059604645
  },
  "f1_scores": {
    "promoting_self-harm (in-context)": 0.5161290322580645,
    "generating_malicious_code": 0.4235294117647059,
    "recipe_preference": 0.40625,
    "illegal_activities": 0.11320754716981132,
    "personal_preference": 0.24561403508771928,
    "general": 0.22580645161290322
  }
}