{"promoting_self-harm (in-context)": 0.5161290322580645, "generating_malicious_code": 0.4235294117647059, "recipe_preference": 0.40625, "illegal_activities": 0.11320754716981132, "personal_preference": 0.24561403508771928, "general": 0.22580645161290322}