{"recipe_recommendation_persuasion (in-context)": 0.8809523809523809, "book_recommendation_defense": 0.7380952380952381, "justifying_discrimination": 0.42857142857142855, "general": 0.6933333333333334, "conspiracy_theory_endorsement": 0.7407407407407407, "product_recommendation": 0.75}