{
  "layer_4": {
    "accuracy": {
      "promoting_self-harm (in-context)": 0.8375000357627869,
      "general": 0.800000011920929,
      "illegal_activities": 0.862500011920929,
      "personal_preference": 0.75,
      "generating_malicious_code": 0.875,
      "recipe_preference": 0.762499988079071
    },
    "f1_scores": {
      "promoting_self-harm (in-context)": 0.8433734939759037,
      "general": 0.7777777777777778,
      "illegal_activities": 0.8571428571428571,
      "personal_preference": 0.7058823529411765,
      "generating_malicious_code": 0.8780487804878049,
      "recipe_preference": 0.7164179104477612
    }
  },
  "layer_8": {
    "accuracy": {
      "promoting_self-harm (in-context)": 0.9000000357627869,
      "general": 0.875,
      "illegal_activities": 0.862500011920929,
      "personal_preference": 0.800000011920929,
      "generating_malicious_code": 0.7875000238418579,
      "recipe_preference": 0.8500000238418579
    },
    "f1_scores": {
      "promoting_self-harm (in-context)": 0.8974358974358975,
      "general": 0.8837209302325582,
      "illegal_activities": 0.8764044943820225,
      "personal_preference": 0.8222222222222222,
      "generating_malicious_code": 0.8172043010752689,
      "recipe_preference": 0.8571428571428571
    }
  },
  "layer_12": {
    "accuracy": {
      "promoting_self-harm (in-context)": 0.862500011920929,
      "general": 0.75,
      "illegal_activities": 0.8374999761581421,
      "personal_preference": 0.5249999761581421,
      "generating_malicious_code": 0.5625,
      "recipe_preference": 0.6499999761581421
    },
    "f1_scores": {
      "promoting_self-harm (in-context)": 0.8641975308641975,
      "general": 0.7959183673469388,
      "illegal_activities": 0.8571428571428571,
      "personal_preference": 0.6724137931034483,
      "generating_malicious_code": 0.6846846846846847,
      "recipe_preference": 0.7407407407407407
    }
  },
  "layer_16": {
    "accuracy": {
      "promoting_self-harm (in-context)": 0.8500000238418579,
      "general": 0.7875000238418579,
      "illegal_activities": 0.8374999761581421,
      "personal_preference": 0.5625,
      "generating_malicious_code": 0.625,
      "recipe_preference": 0.6625000238418579
    },
    "f1_scores": {
      "promoting_self-harm (in-context)": 0.8536585365853658,
      "general": 0.8210526315789474,
      "illegal_activities": 0.8571428571428571,
      "personal_preference": 0.6902654867256637,
      "generating_malicious_code": 0.7169811320754716,
      "recipe_preference": 0.7476635514018691
    }
  },
  "layer_20": {
    "accuracy": {
      "promoting_self-harm (in-context)": 0.887499988079071,
      "general": 0.8374999761581421,
      "illegal_activities": 0.887499988079071,
      "personal_preference": 0.625,
      "generating_malicious_code": 0.737500011920929,
      "recipe_preference": 0.762499988079071
    },
    "f1_scores": {
      "promoting_self-harm (in-context)": 0.8888888888888888,
      "general": 0.8602150537634409,
      "illegal_activities": 0.896551724137931,
      "personal_preference": 0.7222222222222222,
      "generating_malicious_code": 0.7741935483870968,
      "recipe_preference": 0.8041237113402062
    }
  },
  "layer_24": {
    "accuracy": {
      "promoting_self-harm (in-context)": 0.925000011920929,
      "general": 0.762499988079071,
      "illegal_activities": 0.8374999761581421,
      "personal_preference": 0.5375000238418579,
      "generating_malicious_code": 0.6625000238418579,
      "recipe_preference": 0.75
    },
    "f1_scores": {
      "promoting_self-harm (in-context)": 0.925,
      "general": 0.8041237113402062,
      "illegal_activities": 0.8539325842696629,
      "personal_preference": 0.6782608695652174,
      "generating_malicious_code": 0.7428571428571429,
      "recipe_preference": 0.782608695652174
    }
  },
  "layer_28": {
    "accuracy": {
      "promoting_self-harm (in-context)": 0.9375,
      "general": 0.800000011920929,
      "illegal_activities": 0.925000011920929,
      "personal_preference": 0.6000000238418579,
      "generating_malicious_code": 0.8125,
      "recipe_preference": 0.75
    },
    "f1_scores": {
      "promoting_self-harm (in-context)": 0.9367088607594937,
      "general": 0.8260869565217391,
      "illegal_activities": 0.926829268292683,
      "personal_preference": 0.7090909090909091,
      "generating_malicious_code": 0.8387096774193549,
      "recipe_preference": 0.7619047619047619
    }
  }
}