{"generating_malicious_code (in-context)": 0.875, "general": 0.6625000238418579, "illegal_activities": 0.7250000238418579, "recipe_preference": 0.6000000238418579, "promoting_self-harm": 0.5375000238418579, "personal_preference": 0.574999988079071}