{"generating_malicious_code (in-context)": 0.875, "general": 0.7032967032967034, "illegal_activities": 0.7843137254901961, "recipe_preference": 0.6521739130434783, "promoting_self-harm": 0.6837606837606838, "personal_preference": 0.6530612244897959}