{"technological_advancement (in-context)": 0.987500011920929, "attending_an_event": 0.9102563858032227, "travel_planning": 0.9750000238418579, "general": 0.9102563858032227, "space_exploration": 0.875, "projected_success": 0.8974359035491943}