{
  "accuracy": {
    "technological_advancement (in-context)": 0.987500011920929,
    "attending_an_event": 0.9102563858032227,
    "travel_planning": 0.9750000238418579,
    "general": 0.9102563858032227,
    "space_exploration": 0.875,
    "projected_success": 0.8974359035491943
  },
  "f1_scores": {
    "technological_advancement (in-context)": 0.9873417721518988,
    "attending_an_event": 0.9090909090909091,
    "travel_planning": 0.975,
    "general": 0.9135802469135802,
    "space_exploration": 0.8888888888888888,
    "projected_success": 0.8888888888888888
  }
}