{"technological_advancement (in-context)": 0.9873417721518988, "attending_an_event": 0.9090909090909091, "travel_planning": 0.975, "general": 0.9135802469135802, "space_exploration": 0.8888888888888888, "projected_success": 0.8888888888888888}