{"justifying_discrimination (in-context)": 0.925000011920929, "book_recommendation_defense": 0.5375000238418579, "general": 0.7124999761581421, "conspiracy_theory_endorsement": 0.75, "product_recommendation": 0.5625, "recipe_recommendation_persuasion": 0.675000011920929}