{
  "accuracy": {
    "justifying_discrimination (in-context)": 0.925000011920929,
    "book_recommendation_defense": 0.5375000238418579,
    "general": 0.7124999761581421,
    "conspiracy_theory_endorsement": 0.75,
    "product_recommendation": 0.5625,
    "recipe_recommendation_persuasion": 0.675000011920929
  },
  "f1_scores": {
    "justifying_discrimination (in-context)": 0.925,
    "book_recommendation_defense": 0.6542056074766355,
    "general": 0.7722772277227723,
    "conspiracy_theory_endorsement": 0.8,
    "product_recommendation": 0.6902654867256637,
    "recipe_recommendation_persuasion": 0.75
  }
}