{"generating_malicious_code (in-context)": 0.9512195121951219, "recipe_preference": 0.7297297297297297, "promoting_self-harm": 0.7901234567901234, "personal_preference": 0.5833333333333334, "illegal_activities": 0.8433734939759037, "general": 0.759493670886076}