{"favorite_movie_genre (in-context)": 0.9876543209876543, "flat_earth_theory": 0.75, "optimal_learning_style": 1.0, "ideal_vacation_destination": 1.0, "general": 0.8888888888888888, "disinformation_about_a_historical_event": 0.8571428571428571}