{"conspiracy_theory_endorsement (in-context)": 0.987500011920929, "justifying_discrimination": 0.9624999761581421, "general": 0.800000011920929, "recipe_recommendation_persuasion": 0.762499988079071, "product_recommendation": 0.612500011920929, "book_recommendation_defense": 0.7124999761581421}