{"conspiracy_theory_endorsement (in-context)": 0.9876543209876543, "justifying_discrimination": 0.9620253164556962, "general": 0.8260869565217391, "recipe_recommendation_persuasion": 0.8080808080808081, "product_recommendation": 0.7155963302752294, "book_recommendation_defense": 0.7722772277227723}