{"conspiracy_theory_endorsement (in-context)": 0.949999988079071, "justifying_discrimination": 0.887499988079071, "general": 0.762499988079071, "recipe_recommendation_persuasion": 0.637499988079071, "product_recommendation": 0.5874999761581421, "book_recommendation_defense": 0.5249999761581421}