{"conspiracy_theory_endorsement (in-context)": 0.9523809523809523, "justifying_discrimination": 0.8767123287671232, "general": 0.7865168539325843, "recipe_recommendation_persuasion": 0.7289719626168224, "product_recommendation": 0.6972477064220184, "book_recommendation_defense": 0.62}