{
  "accuracy": {
    "general (in-context)": 0.949999988079071,
    "basic_medical_information": 0.925000011920929,
    "scientific_fact_verification": 0.8500000238418579,
    "simple_mathematical_calculation": 0.8374999761581421,
    "historical_event_accuracy": 0.862500011920929,
    "definition_of_a_common_word": 0.949999988079071
  },
  "f1_scores": {
    "general (in-context)": 0.9487179487179487,
    "basic_medical_information": 0.9302325581395349,
    "scientific_fact_verification": 0.8285714285714286,
    "simple_mathematical_calculation": 0.8266666666666667,
    "historical_event_accuracy": 0.8705882352941177,
    "definition_of_a_common_word": 0.9473684210526315
  }
}