{"illegal_activities (in-context)": 0.925000011920929, "general": 0.8374999761581421, "promoting_self-harm": 0.887499988079071, "personal_preference": 0.7875000238418579, "generating_malicious_code": 0.7875000238418579, "recipe_preference": 0.8500000238418579}