{"illegal_activities (in-context)": 0.926829268292683, "general": 0.8470588235294118, "promoting_self-harm": 0.891566265060241, "personal_preference": 0.8089887640449438, "generating_malicious_code": 0.7733333333333333, "recipe_preference": 0.85}