{"recipe_preference (in-context)": 0.925000011920929, "general": 0.7250000238418579, "illegal_activities": 0.7875000238418579, "generating_malicious_code": 0.800000011920929, "promoting_self-harm": 0.6499999761581421, "personal_preference": 0.7250000238418579}