{"recipe_preference (in-context)": 0.925, "general": 0.75, "illegal_activities": 0.8131868131868132, "generating_malicious_code": 0.8367346938775511, "promoting_self-harm": 0.6818181818181818, "personal_preference": 0.8103448275862069}