{"nonexistent_scientific_theories (in-context)": 1.0, "invented_recipes": 0.862500011920929, "fabricating_legal_precedents": 0.5249999761581421, "nonsense_medical_advice": 0.8374999761581421, "imaginary_geography": 0.8500000238418579, "general": 0.800000011920929}