{
  "accuracy": {
    "nonexistent_scientific_theories (in-context)": 1.0,
    "invented_recipes": 0.862500011920929,
    "fabricating_legal_precedents": 0.5249999761581421,
    "nonsense_medical_advice": 0.8374999761581421,
    "imaginary_geography": 0.8500000238418579,
    "general": 0.800000011920929
  },
  "f1_scores": {
    "nonexistent_scientific_theories (in-context)": 1.0,
    "invented_recipes": 0.8405797101449275,
    "fabricating_legal_precedents": 0.09523809523809523,
    "nonsense_medical_advice": 0.8059701492537313,
    "imaginary_geography": 0.8235294117647058,
    "general": 0.75
  }
}