{"nonexistent_scientific_theories (in-context)": 1.0, "invented_recipes": 0.8405797101449275, "fabricating_legal_precedents": 0.09523809523809523, "nonsense_medical_advice": 0.8059701492537313, "imaginary_geography": 0.8235294117647058, "general": 0.75}