{"generating_malicious_code (in-context)": 0.887499988079071, "recipe_preference": 0.762499988079071, "general": 0.800000011920929, "promoting_self-harm": 0.800000011920929, "personal_preference": 0.6875, "illegal_activities": 0.862500011920929}