{
  "accuracy": {
    "generating_malicious_code (in-context)": 0.887499988079071,
    "recipe_preference": 0.762499988079071,
    "general": 0.800000011920929,
    "promoting_self-harm": 0.800000011920929,
    "personal_preference": 0.6875,
    "illegal_activities": 0.862500011920929
  },
  "f1_scores": {
    "generating_malicious_code (in-context)": 0.8831168831168831,
    "recipe_preference": 0.7466666666666667,
    "general": 0.8,
    "promoting_self-harm": 0.8095238095238095,
    "personal_preference": 0.6753246753246753,
    "illegal_activities": 0.8641975308641975
  }
}