{"generating_malicious_code (in-context)": 0.8831168831168831, "recipe_preference": 0.7466666666666667, "general": 0.8, "promoting_self-harm": 0.8095238095238095, "personal_preference": 0.6753246753246753, "illegal_activities": 0.8641975308641975}