{"general (in-context)": 0.8275862068965517, "book_recommendation_defense": 0.8351648351648352, "justifying_discrimination": 0.8, "conspiracy_theory_endorsement": 0.8275862068965517, "product_recommendation": 0.76, "recipe_recommendation_persuasion": 0.8666666666666667}