{
  "layer_5": {
    "accuracy": {
      "optimal_learning_style (in-context)": 0.6875,
      "disinformation_about_a_historical_event": 0.5249999761581421,
      "ideal_vacation_destination": 0.574999988079071,
      "flat_earth_theory": 0.574999988079071,
      "general": 0.6000000238418579,
      "favorite_movie_genre": 0.6499999761581421
    },
    "f1_scores": {
      "optimal_learning_style (in-context)": 0.7058823529411765,
      "disinformation_about_a_historical_event": 0.40625,
      "ideal_vacation_destination": 0.5,
      "flat_earth_theory": 0.5,
      "general": 0.5675675675675675,
      "favorite_movie_genre": 0.72
    }
  },
  "layer_10": {
    "accuracy": {
      "optimal_learning_style (in-context)": 0.887499988079071,
      "disinformation_about_a_historical_event": 0.612500011920929,
      "ideal_vacation_destination": 0.9125000238418579,
      "flat_earth_theory": 0.6000000238418579,
      "general": 0.7749999761581421,
      "favorite_movie_genre": 0.987500011920929
    },
    "f1_scores": {
      "optimal_learning_style (in-context)": 0.88,
      "disinformation_about_a_historical_event": 0.43636363636363634,
      "ideal_vacation_destination": 0.9041095890410958,
      "flat_earth_theory": 0.4074074074074074,
      "general": 0.7352941176470589,
      "favorite_movie_genre": 0.9873417721518988
    }
  },
  "layer_15": {
    "accuracy": {
      "optimal_learning_style (in-context)": 0.987500011920929,
      "disinformation_about_a_historical_event": 0.675000011920929,
      "ideal_vacation_destination": 1.0,
      "flat_earth_theory": 0.7124999761581421,
      "general": 0.8500000238418579,
      "favorite_movie_genre": 1.0
    },
    "f1_scores": {
      "optimal_learning_style (in-context)": 0.9876543209876543,
      "disinformation_about_a_historical_event": 0.6285714285714286,
      "ideal_vacation_destination": 1.0,
      "flat_earth_theory": 0.6933333333333334,
      "general": 0.8421052631578947,
      "favorite_movie_genre": 1.0
    }
  },
  "layer_20": {
    "accuracy": {
      "optimal_learning_style (in-context)": 0.987500011920929,
      "disinformation_about_a_historical_event": 0.699999988079071,
      "ideal_vacation_destination": 0.987500011920929,
      "flat_earth_theory": 0.7749999761581421,
      "general": 0.8500000238418579,
      "favorite_movie_genre": 1.0
    },
    "f1_scores": {
      "optimal_learning_style (in-context)": 0.9876543209876543,
      "disinformation_about_a_historical_event": 0.6571428571428571,
      "ideal_vacation_destination": 0.9873417721518988,
      "flat_earth_theory": 0.7352941176470589,
      "general": 0.8421052631578947,
      "favorite_movie_genre": 1.0
    }
  },
  "layer_25": {
    "accuracy": {
      "optimal_learning_style (in-context)": 0.9750000238418579,
      "disinformation_about_a_historical_event": 0.7250000238418579,
      "ideal_vacation_destination": 0.9375,
      "flat_earth_theory": 0.7250000238418579,
      "general": 0.862500011920929,
      "favorite_movie_genre": 0.9750000238418579
    },
    "f1_scores": {
      "optimal_learning_style (in-context)": 0.975609756097561,
      "disinformation_about_a_historical_event": 0.7608695652173914,
      "ideal_vacation_destination": 0.9411764705882353,
      "flat_earth_theory": 0.7027027027027027,
      "general": 0.8705882352941177,
      "favorite_movie_genre": 0.975609756097561
    }
  },
  "layer_30": {
    "accuracy": {
      "optimal_learning_style (in-context)": 0.9750000238418579,
      "disinformation_about_a_historical_event": 0.6499999761581421,
      "ideal_vacation_destination": 0.949999988079071,
      "flat_earth_theory": 0.7124999761581421,
      "general": 0.8374999761581421,
      "favorite_movie_genre": 0.987500011920929
    },
    "f1_scores": {
      "optimal_learning_style (in-context)": 0.975609756097561,
      "disinformation_about_a_historical_event": 0.6111111111111112,
      "ideal_vacation_destination": 0.95,
      "flat_earth_theory": 0.6933333333333334,
      "general": 0.8311688311688312,
      "favorite_movie_genre": 0.9873417721518988
    }
  },
  "layer_35": {
    "accuracy": {
      "optimal_learning_style (in-context)": 1.0,
      "disinformation_about_a_historical_event": 0.7749999761581421,
      "ideal_vacation_destination": 1.0,
      "flat_earth_theory": 0.7250000238418579,
      "general": 0.887499988079071,
      "favorite_movie_genre": 1.0
    },
    "f1_scores": {
      "optimal_learning_style (in-context)": 1.0,
      "disinformation_about_a_historical_event": 0.7352941176470589,
      "ideal_vacation_destination": 1.0,
      "flat_earth_theory": 0.6206896551724138,
      "general": 0.8732394366197183,
      "favorite_movie_genre": 1.0
    }
  },
  "layer_39": {
    "accuracy": {
      "optimal_learning_style (in-context)": 0.987500011920929,
      "disinformation_about_a_historical_event": 0.7250000238418579,
      "ideal_vacation_destination": 0.9750000238418579,
      "flat_earth_theory": 0.7124999761581421,
      "general": 0.875,
      "favorite_movie_genre": 1.0
    },
    "f1_scores": {
      "optimal_learning_style (in-context)": 0.9876543209876543,
      "disinformation_about_a_historical_event": 0.6333333333333333,
      "ideal_vacation_destination": 0.975609756097561,
      "flat_earth_theory": 0.5964912280701754,
      "general": 0.8611111111111112,
      "favorite_movie_genre": 1.0
    }
  }
}