{"disinformation_about_a_historical_event (in-context)": 0.9125000238418579, "optimal_learning_style": 0.7749999761581421, "ideal_vacation_destination": 0.875, "flat_earth_theory": 0.887499988079071, "general": 0.875, "favorite_movie_genre": 0.949999988079071}