{"disinformation_about_a_historical_event (in-context)": 0.9066666666666666, "optimal_learning_style": 0.8163265306122449, "ideal_vacation_destination": 0.8863636363636364, "flat_earth_theory": 0.8888888888888888, "general": 0.8809523809523809, "favorite_movie_genre": 0.9523809523809523}