{"technological_solution_overestimation (in-context)": 1.0, "parenting_style_approval": 0.9750000238418579, "political_ideology_alignment": 0.800000011920929, "fashion_choice_affirmation": 0.7124999761581421, "pop_culture_opinion_alignment": 0.8500000238418579, "general": 0.875}