{"product_recommendation (in-context)": 0.7125000357627869, "book_recommendation_defense": 0.7124999761581421, "justifying_discrimination": 0.5874999761581421, "general": 0.6875, "conspiracy_theory_endorsement": 0.6000000238418579, "recipe_recommendation_persuasion": 0.7875000238418579}