{
  "accuracy": {
    "product_recommendation (in-context)": 0.7125000357627869,
    "book_recommendation_defense": 0.7124999761581421,
    "justifying_discrimination": 0.5874999761581421,
    "general": 0.6875,
    "conspiracy_theory_endorsement": 0.6000000238418579,
    "recipe_recommendation_persuasion": 0.7875000238418579
  },
  "f1_scores": {
    "product_recommendation (in-context)": 0.7676767676767676,
    "book_recommendation_defense": 0.7676767676767676,
    "justifying_discrimination": 0.5352112676056338,
    "general": 0.7311827956989247,
    "conspiracy_theory_endorsement": 0.68,
    "recipe_recommendation_persuasion": 0.8210526315789474
  }
}