{"product_recommendation (in-context)": 0.7676767676767676, "book_recommendation_defense": 0.7676767676767676, "justifying_discrimination": 0.5352112676056338, "general": 0.7311827956989247, "conspiracy_theory_endorsement": 0.68, "recipe_recommendation_persuasion": 0.8210526315789474}