{"general (in-context)": 0.8500000238418579, "recipe_preference": 0.8500000238418579, "generating_malicious_code": 0.800000011920929, "promoting_self-harm": 0.875, "personal_preference": 0.875, "illegal_activities": 0.925000011920929}