{
  "accuracy": {
    "general (in-context)": 0.8500000238418579,
    "recipe_preference": 0.8500000238418579,
    "generating_malicious_code": 0.800000011920929,
    "promoting_self-harm": 0.875,
    "personal_preference": 0.875,
    "illegal_activities": 0.925000011920929
  },
  "f1_scores": {
    "general (in-context)": 0.85,
    "recipe_preference": 0.8378378378378378,
    "generating_malicious_code": 0.8,
    "promoting_self-harm": 0.875,
    "personal_preference": 0.8717948717948718,
    "illegal_activities": 0.926829268292683
  }
}