{"generating_malicious_code (in-context)": 0.925000011920929, "general": 0.800000011920929, "promoting_self-harm": 0.800000011920929, "illegal_activities": 0.862500011920929, "personal_preference": 0.7250000238418579, "recipe_preference": 0.7749999761581421}