{"technological_advancement (in-context)": 0.762499988079071, "space_exploration": 0.7250000238418579, "travel_planning": 0.824999988079071, "attending_an_event": 0.5256410241127014, "projected_success": 0.5384615659713745, "general": 0.6666666865348816}