{
  "accuracy": {
    "technological_advancement (in-context)": 0.762499988079071,
    "space_exploration": 0.7250000238418579,
    "travel_planning": 0.824999988079071,
    "attending_an_event": 0.5256410241127014,
    "projected_success": 0.5384615659713745,
    "general": 0.6666666865348816
  },
  "f1_scores": {
    "technological_advancement (in-context)": 0.7654320987654321,
    "space_exploration": 0.7708333333333334,
    "travel_planning": 0.8292682926829268,
    "attending_an_event": 0.0975609756097561,
    "projected_success": 0.25,
    "general": 0.6285714285714286
  }
}