{"technological_advancement (in-context)": 0.7654320987654321, "space_exploration": 0.7708333333333334, "travel_planning": 0.8292682926829268, "attending_an_event": 0.0975609756097561, "projected_success": 0.25, "general": 0.6285714285714286}