{
  "accuracy": {
    "projected_success (in-context)": 0.9743589758872986,
    "attending_an_event": 0.8589743375778198,
    "travel_planning": 0.925000011920929,
    "general": 0.8974359035491943,
    "space_exploration": 0.9125000238418579,
    "technological_advancement": 0.949999988079071
  },
  "f1_scores": {
    "projected_success (in-context)": 0.975,
    "attending_an_event": 0.8705882352941177,
    "travel_planning": 0.9285714285714286,
    "general": 0.9024390243902439,
    "space_exploration": 0.9156626506024096,
    "technological_advancement": 0.9512195121951219
  }
}