{
  "accuracy": {
    "general (in-context)": 0.862500011920929,
    "historical_event_accuracy": 0.8500000238418579,
    "basic_medical_information": 0.8374999761581421,
    "definition_of_a_common_word": 0.925000011920929,
    "simple_mathematical_calculation": 0.7875000238418579,
    "scientific_fact_verification": 0.800000011920929
  },
  "f1_scores": {
    "general (in-context)": 0.8607594936708861,
    "historical_event_accuracy": 0.8421052631578947,
    "basic_medical_information": 0.8433734939759037,
    "definition_of_a_common_word": 0.918918918918919,
    "simple_mathematical_calculation": 0.7671232876712328,
    "scientific_fact_verification": 0.8
  }
}