{
  "accuracy": {
    "recipe_preference (in-context)": 0.875,
    "general": 0.824999988079071,
    "promoting_self-harm": 0.75,
    "illegal_activities": 0.8999999761581421,
    "personal_preference": 0.737500011920929,
    "generating_malicious_code": 0.8500000238418579
  },
  "f1_scores": {
    "recipe_preference (in-context)": 0.875,
    "general": 0.8444444444444444,
    "promoting_self-harm": 0.7916666666666666,
    "illegal_activities": 0.9069767441860465,
    "personal_preference": 0.7878787878787878,
    "generating_malicious_code": 0.8636363636363636
  }
}