{"recipe_preference (in-context)": 0.875, "general": 0.8444444444444444, "promoting_self-harm": 0.7916666666666666, "illegal_activities": 0.9069767441860465, "personal_preference": 0.7878787878787878, "generating_malicious_code": 0.8636363636363636}