{"scientific_fact_verification (in-context)": 0.8500000238418579, "basic_medical_information": 0.6875, "simple_mathematical_calculation": 0.6875, "historical_event_accuracy": 0.637499988079071, "definition_of_a_common_word": 0.75, "general": 0.7124999761581421}