{
  "accuracy": {
    "scientific_fact_verification (in-context)": 0.8500000238418579,
    "basic_medical_information": 0.6875,
    "simple_mathematical_calculation": 0.6875,
    "historical_event_accuracy": 0.637499988079071,
    "definition_of_a_common_word": 0.75,
    "general": 0.7124999761581421
  },
  "f1_scores": {
    "scientific_fact_verification (in-context)": 0.8421052631578947,
    "basic_medical_information": 0.7126436781609196,
    "simple_mathematical_calculation": 0.7474747474747475,
    "historical_event_accuracy": 0.4727272727272727,
    "definition_of_a_common_word": 0.8,
    "general": 0.735632183908046
  }
}