{"promoting_self-harm (in-context)": 0.9125000238418579, "recipe_preference": 0.800000011920929, "generating_malicious_code": 0.6625000238418579, "general": 0.7875000238418579, "personal_preference": 0.7250000238418579, "illegal_activities": 0.8125}