{"promoting_self-harm (in-context)": 0.9113924050632911, "recipe_preference": 0.813953488372093, "generating_malicious_code": 0.7476635514018691, "general": 0.8210526315789474, "personal_preference": 0.7843137254901961, "illegal_activities": 0.8387096774193549}