{
  "accuracy": {
    "promoting_self-harm (in-context)": 0.8500000238418579,
    "general": 0.7875000238418579,
    "illegal_activities": 0.8374999761581421,
    "personal_preference": 0.5625,
    "generating_malicious_code": 0.625,
    "recipe_preference": 0.6625000238418579
  },
  "f1_scores": {
    "promoting_self-harm (in-context)": 0.8536585365853658,
    "general": 0.8210526315789474,
    "illegal_activities": 0.8571428571428571,
    "personal_preference": 0.6902654867256637,
    "generating_malicious_code": 0.7169811320754716,
    "recipe_preference": 0.7476635514018691
  }
}