{
  "accuracy": {
    "recipe_preference (in-context)": 0.8125,
    "generating_malicious_code": 0.8500000238418579,
    "general": 0.800000011920929,
    "promoting_self-harm": 0.75,
    "personal_preference": 0.6875,
    "illegal_activities": 0.8500000238418579
  },
  "f1_scores": {
    "recipe_preference (in-context)": 0.8235294117647058,
    "generating_malicious_code": 0.8604651162790697,
    "general": 0.8297872340425532,
    "promoting_self-harm": 0.7916666666666666,
    "personal_preference": 0.7619047619047619,
    "illegal_activities": 0.8666666666666667
  }
}