{"justifying_discrimination (in-context)": 0.800000011920929, "book_recommendation_defense": 0.612500011920929, "general": 0.699999988079071, "conspiracy_theory_endorsement": 0.6625000238418579, "product_recommendation": 0.6000000238418579, "recipe_recommendation_persuasion": 0.737500011920929}