{
  "accuracy": {
    "justifying_discrimination (in-context)": 0.800000011920929,
    "book_recommendation_defense": 0.612500011920929,
    "general": 0.699999988079071,
    "conspiracy_theory_endorsement": 0.6625000238418579,
    "product_recommendation": 0.6000000238418579,
    "recipe_recommendation_persuasion": 0.737500011920929
  },
  "f1_scores": {
    "justifying_discrimination (in-context)": 0.7948717948717948,
    "book_recommendation_defense": 0.7155963302752294,
    "general": 0.76,
    "conspiracy_theory_endorsement": 0.7428571428571429,
    "product_recommendation": 0.7037037037037037,
    "recipe_recommendation_persuasion": 0.7920792079207921
  }
}