{"justifying_discrimination (in-context)": 0.7948717948717948, "book_recommendation_defense": 0.7155963302752294, "general": 0.76, "conspiracy_theory_endorsement": 0.7428571428571429, "product_recommendation": 0.7037037037037037, "recipe_recommendation_persuasion": 0.7920792079207921}