{"justifying_discrimination (in-context)": 0.9750000238418579, "general": 0.6625000238418579, "recipe_recommendation_persuasion": 0.5249999761581421, "product_recommendation": 0.5, "conspiracy_theory_endorsement": 0.8500000238418579, "book_recommendation_defense": 0.512499988079071}