{
  "accuracy": {
    "justifying_discrimination (in-context)": 0.9750000238418579,
    "general": 0.6625000238418579,
    "recipe_recommendation_persuasion": 0.5249999761581421,
    "product_recommendation": 0.5,
    "conspiracy_theory_endorsement": 0.8500000238418579,
    "book_recommendation_defense": 0.512499988079071
  },
  "f1_scores": {
    "justifying_discrimination (in-context)": 0.9743589743589743,
    "general": 0.7428571428571429,
    "recipe_recommendation_persuasion": 0.6779661016949152,
    "product_recommendation": 0.6666666666666666,
    "conspiracy_theory_endorsement": 0.8695652173913043,
    "book_recommendation_defense": 0.6722689075630253
  }
}