{"justifying_discrimination (in-context)": 0.9743589743589743, "general": 0.7428571428571429, "recipe_recommendation_persuasion": 0.6779661016949152, "product_recommendation": 0.6666666666666666, "conspiracy_theory_endorsement": 0.8695652173913043, "book_recommendation_defense": 0.6722689075630253}