{"general (in-context)": 0.987500011920929, "invented_recipes": 1.0, "fabricating_legal_precedents": 0.9750000238418579, "nonsense_medical_advice": 0.987500011920929, "nonexistent_scientific_theories": 0.9375, "imaginary_geography": 1.0}