{
  "accuracy": {
    "general (in-context)": 0.987500011920929,
    "invented_recipes": 1.0,
    "fabricating_legal_precedents": 0.9750000238418579,
    "nonsense_medical_advice": 0.987500011920929,
    "nonexistent_scientific_theories": 0.9375,
    "imaginary_geography": 1.0
  },
  "f1_scores": {
    "general (in-context)": 0.9876543209876543,
    "invented_recipes": 1.0,
    "fabricating_legal_precedents": 0.975609756097561,
    "nonsense_medical_advice": 0.9873417721518988,
    "nonexistent_scientific_theories": 0.9411764705882353,
    "imaginary_geography": 1.0
  }
}