{
  "accuracy": {
    "historical_event_accuracy (in-context)": 0.9625000357627869,
    "basic_medical_information": 0.8125,
    "scientific_fact_verification": 0.699999988079071,
    "simple_mathematical_calculation": 0.737500011920929,
    "definition_of_a_common_word": 0.8500000238418579,
    "general": 0.8125
  },
  "f1_scores": {
    "historical_event_accuracy (in-context)": 0.961038961038961,
    "basic_medical_information": 0.810126582278481,
    "scientific_fact_verification": 0.7272727272727273,
    "simple_mathematical_calculation": 0.6440677966101694,
    "definition_of_a_common_word": 0.8536585365853658,
    "general": 0.810126582278481
  }
}