{"historical_event_accuracy (in-context)": 0.961038961038961, "basic_medical_information": 0.810126582278481, "scientific_fact_verification": 0.7272727272727273, "simple_mathematical_calculation": 0.6440677966101694, "definition_of_a_common_word": 0.8536585365853658, "general": 0.810126582278481}