{"historical_event_accuracy (in-context)": 0.9000000357627869, "basic_medical_information": 0.75, "definition_of_a_common_word": 0.887499988079071, "general": 0.7875000238418579, "simple_mathematical_calculation": 0.637499988079071, "scientific_fact_verification": 0.7124999761581421}