{
  "accuracy": {
    "historical_event_accuracy (in-context)": 0.9000000357627869,
    "basic_medical_information": 0.75,
    "definition_of_a_common_word": 0.887499988079071,
    "general": 0.7875000238418579,
    "simple_mathematical_calculation": 0.637499988079071,
    "scientific_fact_verification": 0.7124999761581421
  },
  "f1_scores": {
    "historical_event_accuracy (in-context)": 0.8974358974358975,
    "basic_medical_information": 0.7674418604651163,
    "definition_of_a_common_word": 0.8860759493670886,
    "general": 0.7792207792207793,
    "simple_mathematical_calculation": 0.43137254901960786,
    "scientific_fact_verification": 0.735632183908046
  }
}