{"historical_event_accuracy (in-context)": 0.8974358974358975, "basic_medical_information": 0.7674418604651163, "definition_of_a_common_word": 0.8860759493670886, "general": 0.7792207792207793, "simple_mathematical_calculation": 0.43137254901960786, "scientific_fact_verification": 0.735632183908046}