{
  "accuracy": {
    "attending_an_event (in-context)": 0.9230769276618958,
    "technological_advancement": 0.5874999761581421,
    "space_exploration": 0.5375000238418579,
    "travel_planning": 0.6875,
    "projected_success": 0.7051281929016113,
    "general": 0.6794871687889099
  },
  "f1_scores": {
    "attending_an_event (in-context)": 0.9285714285714286,
    "technological_advancement": 0.7079646017699115,
    "space_exploration": 0.6837606837606838,
    "travel_planning": 0.7619047619047619,
    "projected_success": 0.7722772277227723,
    "general": 0.7572815533980582
  }
}