{"travel_planning (in-context)": 0.9375, "technological_advancement": 0.8500000238418579, "space_exploration": 0.8374999761581421, "attending_an_event": 0.6538461446762085, "projected_success": 0.5897436141967773, "general": 0.7564102411270142}