{
  "accuracy": {
    "travel_planning (in-context)": 0.9375,
    "technological_advancement": 0.8500000238418579,
    "space_exploration": 0.8374999761581421,
    "attending_an_event": 0.6538461446762085,
    "projected_success": 0.5897436141967773,
    "general": 0.7564102411270142
  },
  "f1_scores": {
    "travel_planning (in-context)": 0.9397590361445783,
    "technological_advancement": 0.85,
    "space_exploration": 0.8505747126436781,
    "attending_an_event": 0.47058823529411764,
    "projected_success": 0.38461538461538464,
    "general": 0.7323943661971831
  }
}