{"travel_planning (in-context)": 0.9397590361445783, "technological_advancement": 0.85, "space_exploration": 0.8505747126436781, "attending_an_event": 0.47058823529411764, "projected_success": 0.38461538461538464, "general": 0.7323943661971831}