{"optimal_learning_style (in-context)": 0.6875, "disinformation_about_a_historical_event": 0.5249999761581421, "ideal_vacation_destination": 0.574999988079071, "flat_earth_theory": 0.574999988079071, "general": 0.6000000238418579, "favorite_movie_genre": 0.6499999761581421}