{"travel_planning (in-context)": 0.987500011920929, "attending_an_event": 0.6538461446762085, "general": 0.7564102411270142, "space_exploration": 0.9125000238418579, "technological_advancement": 0.75, "projected_success": 0.6153846383094788}