{"travel_planning (in-context)": 0.9873417721518988, "attending_an_event": 0.47058823529411764, "general": 0.6779661016949152, "space_exploration": 0.9113924050632911, "technological_advancement": 0.6666666666666666, "projected_success": 0.375}