{"projected_success (in-context)": 0.9743589758872986, "technological_advancement": 0.8125, "space_exploration": 0.6875, "travel_planning": 0.8500000238418579, "attending_an_event": 0.8974359035491943, "general": 0.807692289352417}