{"projected_success (in-context)": 0.9736842105263158, "technological_advancement": 0.8421052631578947, "space_exploration": 0.7572815533980582, "travel_planning": 0.8695652173913043, "attending_an_event": 0.8947368421052632, "general": 0.8314606741573034}