{"general (in-context)": 0.8375000357627869, "historical_event_accuracy": 0.612500011920929, "basic_medical_information": 0.8374999761581421, "definition_of_a_common_word": 0.9375, "simple_mathematical_calculation": 0.7250000238418579, "scientific_fact_verification": 0.6875}