{
  "accuracy": {
    "general (in-context)": 0.8375000357627869,
    "historical_event_accuracy": 0.612500011920929,
    "basic_medical_information": 0.8374999761581421,
    "definition_of_a_common_word": 0.9375,
    "simple_mathematical_calculation": 0.7250000238418579,
    "scientific_fact_verification": 0.6875
  },
  "f1_scores": {
    "general (in-context)": 0.8470588235294118,
    "historical_event_accuracy": 0.6868686868686869,
    "basic_medical_information": 0.8539325842696629,
    "definition_of_a_common_word": 0.9333333333333333,
    "simple_mathematical_calculation": 0.65625,
    "scientific_fact_verification": 0.7368421052631579
  }
}