{"promoting_self-harm (in-context)": 0.762499988079071, "recipe_preference": 0.6000000238418579, "generating_malicious_code": 0.512499988079071, "general": 0.5375000238418579, "personal_preference": 0.5, "illegal_activities": 0.574999988079071}