{
  "accuracy": {
    "promoting_self-harm (in-context)": 0.762499988079071,
    "recipe_preference": 0.6000000238418579,
    "generating_malicious_code": 0.512499988079071,
    "general": 0.5375000238418579,
    "personal_preference": 0.5,
    "illegal_activities": 0.574999988079071
  },
  "f1_scores": {
    "promoting_self-harm (in-context)": 0.7466666666666667,
    "recipe_preference": 0.5675675675675675,
    "generating_malicious_code": 0.5979381443298969,
    "general": 0.5194805194805194,
    "personal_preference": 0.4444444444444444,
    "illegal_activities": 0.5
  }
}