{"definition_of_a_common_word (in-context)": 0.987500011920929, "basic_medical_information": 0.824999988079071, "scientific_fact_verification": 0.6625000238418579, "simple_mathematical_calculation": 0.675000011920929, "historical_event_accuracy": 0.6000000238418579, "general": 0.762499988079071}