{"definition_of_a_common_word (in-context)": 0.9876543209876543, "basic_medical_information": 0.8372093023255814, "scientific_fact_verification": 0.7032967032967034, "simple_mathematical_calculation": 0.5185185185185185, "historical_event_accuracy": 0.68, "general": 0.7654320987654321}