{
  "layer_4": {
    "accuracy": {
      "optimal_learning_style (in-context)": 0.875,
      "flat_earth_theory": 0.625,
      "favorite_movie_genre": 0.8374999761581421,
      "ideal_vacation_destination": 0.9750000238418579,
      "general": 0.800000011920929,
      "disinformation_about_a_historical_event": 0.625
    },
    "f1_scores": {
      "optimal_learning_style (in-context)": 0.8837209302325582,
      "flat_earth_theory": 0.4,
      "favorite_movie_genre": 0.8602150537634409,
      "ideal_vacation_destination": 0.975609756097561,
      "general": 0.7714285714285715,
      "disinformation_about_a_historical_event": 0.4
    }
  },
  "layer_8": {
    "accuracy": {
      "optimal_learning_style (in-context)": 0.987500011920929,
      "flat_earth_theory": 0.5625,
      "favorite_movie_genre": 0.987500011920929,
      "ideal_vacation_destination": 1.0,
      "general": 0.8125,
      "disinformation_about_a_historical_event": 0.637499988079071
    },
    "f1_scores": {
      "optimal_learning_style (in-context)": 0.9876543209876543,
      "flat_earth_theory": 0.2222222222222222,
      "favorite_movie_genre": 0.9876543209876543,
      "ideal_vacation_destination": 1.0,
      "general": 0.7761194029850746,
      "disinformation_about_a_historical_event": 0.43137254901960786
    }
  },
  "layer_12": {
    "accuracy": {
      "optimal_learning_style (in-context)": 0.987500011920929,
      "flat_earth_theory": 0.512499988079071,
      "favorite_movie_genre": 0.987500011920929,
      "ideal_vacation_destination": 1.0,
      "general": 0.800000011920929,
      "disinformation_about_a_historical_event": 0.625
    },
    "f1_scores": {
      "optimal_learning_style (in-context)": 0.9876543209876543,
      "flat_earth_theory": 0.04878048780487805,
      "favorite_movie_genre": 0.9876543209876543,
      "ideal_vacation_destination": 1.0,
      "general": 0.7575757575757576,
      "disinformation_about_a_historical_event": 0.4
    }
  },
  "layer_16": {
    "accuracy": {
      "optimal_learning_style (in-context)": 0.987500011920929,
      "flat_earth_theory": 0.737500011920929,
      "favorite_movie_genre": 1.0,
      "ideal_vacation_destination": 1.0,
      "general": 0.8500000238418579,
      "disinformation_about_a_historical_event": 0.75
    },
    "f1_scores": {
      "optimal_learning_style (in-context)": 0.9876543209876543,
      "flat_earth_theory": 0.6440677966101694,
      "favorite_movie_genre": 1.0,
      "ideal_vacation_destination": 1.0,
      "general": 0.8285714285714286,
      "disinformation_about_a_historical_event": 0.6666666666666666
    }
  },
  "layer_20": {
    "accuracy": {
      "optimal_learning_style (in-context)": 0.987500011920929,
      "flat_earth_theory": 0.875,
      "favorite_movie_genre": 0.987500011920929,
      "ideal_vacation_destination": 0.987500011920929,
      "general": 0.9624999761581421,
      "disinformation_about_a_historical_event": 0.9375
    },
    "f1_scores": {
      "optimal_learning_style (in-context)": 0.9876543209876543,
      "flat_earth_theory": 0.8571428571428571,
      "favorite_movie_genre": 0.9876543209876543,
      "ideal_vacation_destination": 0.9876543209876543,
      "general": 0.9620253164556962,
      "disinformation_about_a_historical_event": 0.9333333333333333
    }
  },
  "layer_24": {
    "accuracy": {
      "optimal_learning_style (in-context)": 0.9750000238418579,
      "flat_earth_theory": 0.699999988079071,
      "favorite_movie_genre": 0.987500011920929,
      "ideal_vacation_destination": 0.987500011920929,
      "general": 0.8999999761581421,
      "disinformation_about_a_historical_event": 0.8125
    },
    "f1_scores": {
      "optimal_learning_style (in-context)": 0.975609756097561,
      "flat_earth_theory": 0.5714285714285714,
      "favorite_movie_genre": 0.9876543209876543,
      "ideal_vacation_destination": 0.9876543209876543,
      "general": 0.8947368421052632,
      "disinformation_about_a_historical_event": 0.7887323943661971
    }
  },
  "layer_28": {
    "accuracy": {
      "optimal_learning_style (in-context)": 0.987500011920929,
      "flat_earth_theory": 0.7875000238418579,
      "favorite_movie_genre": 0.987500011920929,
      "ideal_vacation_destination": 0.9125000238418579,
      "general": 0.8999999761581421,
      "disinformation_about_a_historical_event": 0.762499988079071
    },
    "f1_scores": {
      "optimal_learning_style (in-context)": 0.9876543209876543,
      "flat_earth_theory": 0.7301587301587301,
      "favorite_movie_genre": 0.9876543209876543,
      "ideal_vacation_destination": 0.9195402298850575,
      "general": 0.8947368421052632,
      "disinformation_about_a_historical_event": 0.6885245901639344
    }
  }
}