{
  "accuracy": {
    "general (in-context)": 0.9125000238418579,
    "disinformation_about_a_historical_event": 0.887499988079071,
    "optimal_learning_style": 0.987500011920929,
    "ideal_vacation_destination": 1.0,
    "flat_earth_theory": 0.9125000238418579,
    "favorite_movie_genre": 1.0
  },
  "f1_scores": {
    "general (in-context)": 0.9113924050632911,
    "disinformation_about_a_historical_event": 0.8888888888888888,
    "optimal_learning_style": 0.9876543209876543,
    "ideal_vacation_destination": 1.0,
    "flat_earth_theory": 0.9113924050632911,
    "favorite_movie_genre": 1.0
  }
}