{
  "accuracy": {
    "attending_an_event (in-context)": 0.8974359035491943,
    "travel_planning": 0.9624999761581421,
    "general": 0.9230769276618958,
    "space_exploration": 0.887499988079071,
    "technological_advancement": 0.9624999761581421,
    "projected_success": 0.8589743375778198
  },
  "f1_scores": {
    "attending_an_event (in-context)": 0.8947368421052632,
    "travel_planning": 0.9629629629629629,
    "general": 0.9210526315789473,
    "space_exploration": 0.891566265060241,
    "technological_advancement": 0.9620253164556962,
    "projected_success": 0.835820895522388
  }
}