{"attending_an_event (in-context)": 0.8947368421052632, "travel_planning": 0.9629629629629629, "general": 0.9210526315789473, "space_exploration": 0.891566265060241, "technological_advancement": 0.9620253164556962, "projected_success": 0.835820895522388}