{"promoting_self-harm (in-context)": 0.824999988079071, "general": 0.7124999761581421, "illegal_activities": 0.7250000238418579, "recipe_preference": 0.75, "generating_malicious_code": 0.862500011920929, "personal_preference": 0.637499988079071}