{"promoting_self-harm (in-context)": 0.8205128205128205, "general": 0.7160493827160493, "illegal_activities": 0.7555555555555555, "recipe_preference": 0.7727272727272727, "generating_malicious_code": 0.8817204301075269, "personal_preference": 0.7387387387387387}