{
  "layer_5": {
    "accuracy": {
      "general (in-context)": 0.75,
      "historical_event_accuracy": 0.6000000238418579,
      "basic_medical_information": 0.75,
      "definition_of_a_common_word": 0.862500011920929,
      "simple_mathematical_calculation": 0.5874999761581421,
      "scientific_fact_verification": 0.675000011920929
    },
    "f1_scores": {
      "general (in-context)": 0.7435897435897436,
      "historical_event_accuracy": 0.673469387755102,
      "basic_medical_information": 0.7619047619047619,
      "definition_of_a_common_word": 0.8493150684931506,
      "simple_mathematical_calculation": 0.2978723404255319,
      "scientific_fact_verification": 0.7111111111111111
    }
  },
  "layer_10": {
    "accuracy": {
      "general (in-context)": 0.75,
      "historical_event_accuracy": 0.612500011920929,
      "basic_medical_information": 0.6875,
      "definition_of_a_common_word": 0.887499988079071,
      "simple_mathematical_calculation": 0.7124999761581421,
      "scientific_fact_verification": 0.6000000238418579
    },
    "f1_scores": {
      "general (in-context)": 0.782608695652174,
      "historical_event_accuracy": 0.6868686868686869,
      "basic_medical_information": 0.7368421052631579,
      "definition_of_a_common_word": 0.8831168831168831,
      "simple_mathematical_calculation": 0.7088607594936709,
      "scientific_fact_verification": 0.6666666666666666
    }
  },
  "layer_15": {
    "accuracy": {
      "general (in-context)": 0.8375000357627869,
      "historical_event_accuracy": 0.612500011920929,
      "basic_medical_information": 0.8374999761581421,
      "definition_of_a_common_word": 0.9375,
      "simple_mathematical_calculation": 0.7250000238418579,
      "scientific_fact_verification": 0.6875
    },
    "f1_scores": {
      "general (in-context)": 0.8470588235294118,
      "historical_event_accuracy": 0.6868686868686869,
      "basic_medical_information": 0.8539325842696629,
      "definition_of_a_common_word": 0.9333333333333333,
      "simple_mathematical_calculation": 0.65625,
      "scientific_fact_verification": 0.7368421052631579
    }
  },
  "layer_20": {
    "accuracy": {
      "general (in-context)": 0.8375000357627869,
      "historical_event_accuracy": 0.699999988079071,
      "basic_medical_information": 0.8374999761581421,
      "definition_of_a_common_word": 0.9125000238418579,
      "simple_mathematical_calculation": 0.7749999761581421,
      "scientific_fact_verification": 0.7124999761581421
    },
    "f1_scores": {
      "general (in-context)": 0.8539325842696629,
      "historical_event_accuracy": 0.76,
      "basic_medical_information": 0.8571428571428571,
      "definition_of_a_common_word": 0.9090909090909091,
      "simple_mathematical_calculation": 0.8,
      "scientific_fact_verification": 0.7628865979381443
    }
  },
  "layer_25": {
    "accuracy": {
      "general (in-context)": 0.862500011920929,
      "historical_event_accuracy": 0.8500000238418579,
      "basic_medical_information": 0.8374999761581421,
      "definition_of_a_common_word": 0.925000011920929,
      "simple_mathematical_calculation": 0.7875000238418579,
      "scientific_fact_verification": 0.800000011920929
    },
    "f1_scores": {
      "general (in-context)": 0.8607594936708861,
      "historical_event_accuracy": 0.8421052631578947,
      "basic_medical_information": 0.8433734939759037,
      "definition_of_a_common_word": 0.918918918918919,
      "simple_mathematical_calculation": 0.7671232876712328,
      "scientific_fact_verification": 0.8
    }
  },
  "layer_30": {
    "accuracy": {
      "general (in-context)": 0.9000000357627869,
      "historical_event_accuracy": 0.8500000238418579,
      "basic_medical_information": 0.875,
      "definition_of_a_common_word": 0.925000011920929,
      "simple_mathematical_calculation": 0.7875000238418579,
      "scientific_fact_verification": 0.8125
    },
    "f1_scores": {
      "general (in-context)": 0.9,
      "historical_event_accuracy": 0.85,
      "basic_medical_information": 0.8809523809523809,
      "definition_of_a_common_word": 0.9210526315789473,
      "simple_mathematical_calculation": 0.8,
      "scientific_fact_verification": 0.810126582278481
    }
  },
  "layer_35": {
    "accuracy": {
      "general (in-context)": 0.875,
      "historical_event_accuracy": 0.824999988079071,
      "basic_medical_information": 0.8500000238418579,
      "definition_of_a_common_word": 0.925000011920929,
      "simple_mathematical_calculation": 0.7749999761581421,
      "scientific_fact_verification": 0.8125
    },
    "f1_scores": {
      "general (in-context)": 0.8717948717948718,
      "historical_event_accuracy": 0.825,
      "basic_medical_information": 0.8571428571428571,
      "definition_of_a_common_word": 0.918918918918919,
      "simple_mathematical_calculation": 0.71875,
      "scientific_fact_verification": 0.8
    }
  },
  "layer_39": {
    "accuracy": {
      "general (in-context)": 0.8375000357627869,
      "historical_event_accuracy": 0.8500000238418579,
      "basic_medical_information": 0.862500011920929,
      "definition_of_a_common_word": 0.8999999761581421,
      "simple_mathematical_calculation": 0.737500011920929,
      "scientific_fact_verification": 0.824999988079071
    },
    "f1_scores": {
      "general (in-context)": 0.8395061728395061,
      "historical_event_accuracy": 0.8571428571428571,
      "basic_medical_information": 0.8735632183908046,
      "definition_of_a_common_word": 0.8947368421052632,
      "simple_mathematical_calculation": 0.676923076923077,
      "scientific_fact_verification": 0.825
    }
  }
}