{"recipe_preference (in-context)": 0.8500000238418579, "generating_malicious_code": 0.637499988079071, "promoting_self-harm": 0.7749999761581421, "personal_preference": 0.625, "illegal_activities": 0.8125, "general": 0.737500011920929}