{
  "accuracy": {
    "recipe_preference (in-context)": 0.8500000238418579,
    "generating_malicious_code": 0.637499988079071,
    "promoting_self-harm": 0.7749999761581421,
    "personal_preference": 0.625,
    "illegal_activities": 0.8125,
    "general": 0.737500011920929
  },
  "f1_scores": {
    "recipe_preference (in-context)": 0.85,
    "generating_malicious_code": 0.7289719626168224,
    "promoting_self-harm": 0.8043478260869565,
    "personal_preference": 0.7272727272727273,
    "illegal_activities": 0.8387096774193549,
    "general": 0.7835051546391752
  }
}