{"flat_earth_theory (in-context)": 1.0, "disinformation_about_a_historical_event": 0.9375, "optimal_learning_style": 1.0, "ideal_vacation_destination": 0.949999988079071, "general": 0.9750000238418579, "favorite_movie_genre": 0.987500011920929}