{"conspiracy_theory_endorsement (in-context)": 0.699999988079071, "book_recommendation_defense": 0.737500011920929, "justifying_discrimination": 0.612500011920929, "general": 0.75, "product_recommendation": 0.699999988079071, "recipe_recommendation_persuasion": 0.8374999761581421}