{
  "accuracy": {
    "conspiracy_theory_endorsement (in-context)": 0.699999988079071,
    "book_recommendation_defense": 0.737500011920929,
    "justifying_discrimination": 0.612500011920929,
    "general": 0.75,
    "product_recommendation": 0.699999988079071,
    "recipe_recommendation_persuasion": 0.8374999761581421
  },
  "f1_scores": {
    "conspiracy_theory_endorsement (in-context)": 0.7209302325581395,
    "book_recommendation_defense": 0.7741935483870968,
    "justifying_discrimination": 0.4745762711864407,
    "general": 0.7560975609756098,
    "product_recommendation": 0.7446808510638298,
    "recipe_recommendation_persuasion": 0.8539325842696629
  }
}