{"travel_planning (in-context)": 0.9125000238418579, "technological_advancement": 0.7875000238418579, "space_exploration": 0.862500011920929, "attending_an_event": 0.5384615659713745, "projected_success": 0.5384615659713745, "general": 0.692307710647583}