{"travel_planning (in-context)": 0.9113924050632911, "technological_advancement": 0.746268656716418, "space_exploration": 0.8674698795180723, "attending_an_event": 0.14285714285714285, "projected_success": 0.21739130434782608, "general": 0.6129032258064516}