{
  "accuracy": {
    "basic_medical_information (in-context)": 0.9125000238418579,
    "scientific_fact_verification": 0.737500011920929,
    "simple_mathematical_calculation": 0.5874999761581421,
    "historical_event_accuracy": 0.625,
    "definition_of_a_common_word": 0.875,
    "general": 0.800000011920929
  },
  "f1_scores": {
    "basic_medical_information (in-context)": 0.9176470588235294,
    "scientific_fact_verification": 0.7469879518072289,
    "simple_mathematical_calculation": 0.2978723404255319,
    "historical_event_accuracy": 0.7,
    "definition_of_a_common_word": 0.8571428571428571,
    "general": 0.7948717948717948
  }
}