{"basic_medical_information (in-context)": 0.9176470588235294, "scientific_fact_verification": 0.7469879518072289, "simple_mathematical_calculation": 0.2978723404255319, "historical_event_accuracy": 0.7, "definition_of_a_common_word": 0.8571428571428571, "general": 0.7948717948717948}