{"recipe_preference (in-context)": 0.875, "general": 0.8444444444444444, "promoting_self-harm": 0.8210526315789474, "illegal_activities": 0.9176470588235294, "personal_preference": 0.76, "generating_malicious_code": 0.8571428571428571}