{"technological_solution_overestimation (in-context)": 1.0, "pop_culture_opinion_alignment": 0.762499988079071, "political_ideology_alignment": 0.925000011920929, "general": 0.887499988079071, "fashion_choice_affirmation": 0.7124999761581421, "parenting_style_approval": 0.9750000238418579}