{"justifying_discrimination (in-context)": 1.0, "book_recommendation_defense": 0.38961038961038963, "general": 0.7126436781609196, "conspiracy_theory_endorsement": 0.8831168831168831, "product_recommendation": 0.6551724137931034, "recipe_recommendation_persuasion": 0.6857142857142857}