{"imaginary_geography (in-context)": 1.0, "invented_recipes": 1.0, "general": 0.949999988079071, "nonsense_medical_advice": 0.925000011920929, "fabricating_legal_precedents": 0.949999988079071, "nonexistent_scientific_theories": 0.949999988079071}