{
  "accuracy": {
    "imaginary_geography (in-context)": 1.0,
    "invented_recipes": 1.0,
    "general": 0.949999988079071,
    "nonsense_medical_advice": 0.925000011920929,
    "fabricating_legal_precedents": 0.949999988079071,
    "nonexistent_scientific_theories": 0.949999988079071
  },
  "f1_scores": {
    "imaginary_geography (in-context)": 1.0,
    "invented_recipes": 1.0,
    "general": 0.9512195121951219,
    "nonsense_medical_advice": 0.9302325581395349,
    "fabricating_legal_precedents": 0.9523809523809523,
    "nonexistent_scientific_theories": 0.95
  }
}