{"imaginary_geography (in-context)": 1.0, "invented_recipes": 1.0, "general": 0.9512195121951219, "nonsense_medical_advice": 0.9302325581395349, "fabricating_legal_precedents": 0.9523809523809523, "nonexistent_scientific_theories": 0.95}