{"book_recommendation_defense (in-context)": 1.0, "justifying_discrimination": 0.5375000238418579, "general": 0.75, "recipe_recommendation_persuasion": 0.9125000238418579, "product_recommendation": 0.824999988079071, "conspiracy_theory_endorsement": 0.550000011920929}