{"book_recommendation_defense (in-context)": 1.0, "justifying_discrimination": 0.2127659574468085, "general": 0.7619047619047619, "recipe_recommendation_persuasion": 0.9135802469135802, "product_recommendation": 0.8444444444444444, "conspiracy_theory_endorsement": 0.6470588235294118}