{
  "accuracy": {
    "illegal_activities (in-context)": 0.887499988079071,
    "generating_malicious_code": 0.7749999761581421,
    "recipe_preference": 0.612500011920929,
    "promoting_self-harm": 0.7749999761581421,
    "personal_preference": 0.6000000238418579,
    "general": 0.7250000238418579
  },
  "f1_scores": {
    "illegal_activities (in-context)": 0.891566265060241,
    "generating_malicious_code": 0.7428571428571429,
    "recipe_preference": 0.693069306930693,
    "promoting_self-harm": 0.7631578947368421,
    "personal_preference": 0.6666666666666666,
    "general": 0.7441860465116279
  }
}