{"flat_earth_theory (in-context)": 0.9000000357627869, "disinformation_about_a_historical_event": 0.8125, "optimal_learning_style": 0.9624999761581421, "ideal_vacation_destination": 0.887499988079071, "general": 0.8999999761581421, "favorite_movie_genre": 0.9375}