{
  "accuracy": {
    "flat_earth_theory (in-context)": 0.9000000357627869,
    "disinformation_about_a_historical_event": 0.8125,
    "optimal_learning_style": 0.9624999761581421,
    "ideal_vacation_destination": 0.887499988079071,
    "general": 0.8999999761581421,
    "favorite_movie_genre": 0.9375
  },
  "f1_scores": {
    "flat_earth_theory (in-context)": 0.9090909090909091,
    "disinformation_about_a_historical_event": 0.810126582278481,
    "optimal_learning_style": 0.961038961038961,
    "ideal_vacation_destination": 0.88,
    "general": 0.8974358974358975,
    "favorite_movie_genre": 0.9333333333333333
  }
}