{"flat_earth_theory (in-context)": 0.9090909090909091, "disinformation_about_a_historical_event": 0.810126582278481, "optimal_learning_style": 0.961038961038961, "ideal_vacation_destination": 0.88, "general": 0.8974358974358975, "favorite_movie_genre": 0.9333333333333333}