{
  "accuracy": {
    "favorite_movie_genre (in-context)": 0.987500011920929,
    "flat_earth_theory": 0.824999988079071,
    "optimal_learning_style": 0.9750000238418579,
    "ideal_vacation_destination": 0.9750000238418579,
    "general": 0.8999999761581421,
    "disinformation_about_a_historical_event": 0.862500011920929
  },
  "f1_scores": {
    "favorite_movie_genre (in-context)": 0.9876543209876543,
    "flat_earth_theory": 0.7878787878787878,
    "optimal_learning_style": 0.975,
    "ideal_vacation_destination": 0.975609756097561,
    "general": 0.8888888888888888,
    "disinformation_about_a_historical_event": 0.8405797101449275
  }
}