{"favorite_movie_genre (in-context)": 0.9876543209876543, "flat_earth_theory": 0.7878787878787878, "optimal_learning_style": 0.975, "ideal_vacation_destination": 0.975609756097561, "general": 0.8888888888888888, "disinformation_about_a_historical_event": 0.8405797101449275}