{"justifying_discrimination (in-context)": 1.0, "general": 0.6625000238418579, "recipe_recommendation_persuasion": 0.4749999940395355, "product_recommendation": 0.574999988079071, "conspiracy_theory_endorsement": 0.8999999761581421, "book_recommendation_defense": 0.4124999940395355}