{
  "accuracy": {
    "general (in-context)": 0.9000000357627869,
    "historical_event_accuracy": 0.8500000238418579,
    "basic_medical_information": 0.875,
    "definition_of_a_common_word": 0.925000011920929,
    "simple_mathematical_calculation": 0.7875000238418579,
    "scientific_fact_verification": 0.8125
  },
  "f1_scores": {
    "general (in-context)": 0.9,
    "historical_event_accuracy": 0.85,
    "basic_medical_information": 0.8809523809523809,
    "definition_of_a_common_word": 0.9210526315789473,
    "simple_mathematical_calculation": 0.8,
    "scientific_fact_verification": 0.810126582278481
  }
}