{"justifying_discrimination (in-context)": 1.0, "book_recommendation_defense": 0.36250001192092896, "general": 0.6499999761581421, "conspiracy_theory_endorsement": 0.9624999761581421, "product_recommendation": 0.550000011920929, "recipe_recommendation_persuasion": 0.5}