{"justifying_discrimination (in-context)": 1.0, "book_recommendation_defense": 0.41379310344827586, "general": 0.6818181818181818, "conspiracy_theory_endorsement": 0.9629629629629629, "product_recommendation": 0.6785714285714286, "recipe_recommendation_persuasion": 0.5348837209302325}