{"definition_of_a_common_word (in-context)": 0.9090909090909091, "general": 0.676923076923077, "historical_event_accuracy": 0.8, "scientific_fact_verification": 0.6666666666666666, "basic_medical_information": 0.8536585365853658, "simple_mathematical_calculation": 0.45614035087719296}