{"imaginary_geography (in-context)": 0.9876543209876543, "invented_recipes": 1.0, "fabricating_legal_precedents": 0.9876543209876543, "nonsense_medical_advice": 0.975609756097561, "nonexistent_scientific_theories": 0.9873417721518988, "general": 1.0}