{"general (in-context)": 0.9743589758872986, "attending_an_event": 0.9743589758872986, "travel_planning": 0.9750000238418579, "space_exploration": 0.9750000238418579, "technological_advancement": 0.987500011920929, "projected_success": 0.9615384340286255}