{
  "accuracy": {
    "general (in-context)": 0.9743589758872986,
    "attending_an_event": 0.9743589758872986,
    "travel_planning": 0.9750000238418579,
    "space_exploration": 0.9750000238418579,
    "technological_advancement": 0.987500011920929,
    "projected_success": 0.9615384340286255
  },
  "f1_scores": {
    "general (in-context)": 0.9743589743589743,
    "attending_an_event": 0.9743589743589743,
    "travel_planning": 0.975,
    "space_exploration": 0.9743589743589743,
    "technological_advancement": 0.9873417721518988,
    "projected_success": 0.96
  }
}