{"general (in-context)": 0.9743589743589743, "attending_an_event": 0.9743589743589743, "travel_planning": 0.975, "space_exploration": 0.9743589743589743, "technological_advancement": 0.9873417721518988, "projected_success": 0.96}