{"technological_advancement (in-context)": 0.9625000357627869, "space_exploration": 0.9125000238418579, "travel_planning": 0.9375, "attending_an_event": 0.8974359035491943, "projected_success": 0.7435897588729858, "general": 0.8333333134651184}