{"technological_advancement (in-context)": 0.9629629629629629, "space_exploration": 0.9195402298850575, "travel_planning": 0.9367088607594937, "attending_an_event": 0.8918918918918919, "projected_success": 0.6666666666666666, "general": 0.8169014084507042}