{"product_recommendation (in-context)": 0.9750000238418579, "justifying_discrimination": 0.512499988079071, "general": 0.800000011920929, "recipe_recommendation_persuasion": 0.862500011920929, "conspiracy_theory_endorsement": 0.75, "book_recommendation_defense": 0.9375}