{
  "accuracy": {
    "product_recommendation (in-context)": 0.9750000238418579,
    "justifying_discrimination": 0.512499988079071,
    "general": 0.800000011920929,
    "recipe_recommendation_persuasion": 0.862500011920929,
    "conspiracy_theory_endorsement": 0.75,
    "book_recommendation_defense": 0.9375
  },
  "f1_scores": {
    "product_recommendation (in-context)": 0.9743589743589743,
    "justifying_discrimination": 0.04878048780487805,
    "general": 0.7647058823529411,
    "recipe_recommendation_persuasion": 0.8791208791208791,
    "conspiracy_theory_endorsement": 0.7368421052631579,
    "book_recommendation_defense": 0.9397590361445783
  }
}