{"favorite_movie_genre (in-context)": 1.0, "disinformation_about_a_historical_event": 0.762499988079071, "optimal_learning_style": 1.0, "ideal_vacation_destination": 0.9750000238418579, "flat_earth_theory": 0.7875000238418579, "general": 0.8999999761581421}