{"general (in-context)": 0.887499988079071, "generating_malicious_code": 0.9125000238418579, "recipe_preference": 0.8500000238418579, "promoting_self-harm": 0.8374999761581421, "personal_preference": 0.8500000238418579, "illegal_activities": 0.925000011920929}