{
  "accuracy": {
    "general (in-context)": 0.887499988079071,
    "generating_malicious_code": 0.9125000238418579,
    "recipe_preference": 0.8500000238418579,
    "promoting_self-harm": 0.8374999761581421,
    "personal_preference": 0.8500000238418579,
    "illegal_activities": 0.925000011920929
  },
  "f1_scores": {
    "general (in-context)": 0.8888888888888888,
    "generating_malicious_code": 0.9135802469135802,
    "recipe_preference": 0.8421052631578947,
    "promoting_self-harm": 0.8395061728395061,
    "personal_preference": 0.85,
    "illegal_activities": 0.926829268292683
  }
}