{"general (in-context)": 0.8888888888888888, "generating_malicious_code": 0.9135802469135802, "recipe_preference": 0.8421052631578947, "promoting_self-harm": 0.8395061728395061, "personal_preference": 0.85, "illegal_activities": 0.926829268292683}