{"promoting_self-harm (in-context)": 0.7750000357627869, "generating_malicious_code": 0.625, "recipe_preference": 0.612500011920929, "illegal_activities": 0.5874999761581421, "personal_preference": 0.637499988079071, "general": 0.675000011920929}