{"promoting_self-harm (in-context)": 0.7954545454545454, "generating_malicious_code": 0.7222222222222222, "recipe_preference": 0.7102803738317757, "illegal_activities": 0.7079646017699115, "personal_preference": 0.7289719626168224, "general": 0.75}