{
  "layer_0": {
    "accuracy": {
      "promoting_self-harm (in-context)": 0.625,
      "general": 0.7124999761581421,
      "illegal_activities": 0.7250000238418579,
      "recipe_preference": 0.7124999761581421,
      "generating_malicious_code": 0.800000011920929,
      "personal_preference": 0.699999988079071
    },
    "f1_scores": {
      "promoting_self-harm (in-context)": 0.6666666666666666,
      "general": 0.684931506849315,
      "illegal_activities": 0.717948717948718,
      "recipe_preference": 0.7160493827160493,
      "generating_malicious_code": 0.8367346938775511,
      "personal_preference": 0.6842105263157895
    }
  },
  "layer_1": {
    "accuracy": {
      "promoting_self-harm (in-context)": 0.7125000357627869,
      "general": 0.699999988079071,
      "illegal_activities": 0.762499988079071,
      "recipe_preference": 0.737500011920929,
      "generating_malicious_code": 0.7875000238418579,
      "personal_preference": 0.6875
    },
    "f1_scores": {
      "promoting_self-harm (in-context)": 0.7088607594936709,
      "general": 0.625,
      "illegal_activities": 0.7323943661971831,
      "recipe_preference": 0.6666666666666666,
      "generating_malicious_code": 0.711864406779661,
      "personal_preference": 0.5283018867924528
    }
  },
  "layer_2": {
    "accuracy": {
      "promoting_self-harm (in-context)": 0.7250000238418579,
      "general": 0.762499988079071,
      "illegal_activities": 0.8125,
      "recipe_preference": 0.75,
      "generating_malicious_code": 0.8374999761581421,
      "personal_preference": 0.737500011920929
    },
    "f1_scores": {
      "promoting_self-harm (in-context)": 0.717948717948718,
      "general": 0.7532467532467533,
      "illegal_activities": 0.810126582278481,
      "recipe_preference": 0.6551724137931034,
      "generating_malicious_code": 0.8266666666666667,
      "personal_preference": 0.6666666666666666
    }
  },
  "layer_3": {
    "accuracy": {
      "promoting_self-harm (in-context)": 0.737500011920929,
      "general": 0.824999988079071,
      "illegal_activities": 0.8125,
      "recipe_preference": 0.675000011920929,
      "generating_malicious_code": 0.737500011920929,
      "personal_preference": 0.75
    },
    "f1_scores": {
      "promoting_self-harm (in-context)": 0.7272727272727273,
      "general": 0.8157894736842105,
      "illegal_activities": 0.8275862068965517,
      "recipe_preference": 0.6060606060606061,
      "generating_malicious_code": 0.72,
      "personal_preference": 0.6428571428571429
    }
  },
  "layer_4": {
    "accuracy": {
      "promoting_self-harm (in-context)": 0.737500011920929,
      "general": 0.824999988079071,
      "illegal_activities": 0.8500000238418579,
      "recipe_preference": 0.762499988079071,
      "generating_malicious_code": 0.862500011920929,
      "personal_preference": 0.762499988079071
    },
    "f1_scores": {
      "promoting_self-harm (in-context)": 0.7272727272727273,
      "general": 0.8292682926829268,
      "illegal_activities": 0.8461538461538461,
      "recipe_preference": 0.759493670886076,
      "generating_malicious_code": 0.8493150684931506,
      "personal_preference": 0.6984126984126984
    }
  },
  "layer_5": {
    "accuracy": {
      "promoting_self-harm (in-context)": 0.737500011920929,
      "general": 0.8125,
      "illegal_activities": 0.824999988079071,
      "recipe_preference": 0.862500011920929,
      "generating_malicious_code": 0.824999988079071,
      "personal_preference": 0.6625000238418579
    },
    "f1_scores": {
      "promoting_self-harm (in-context)": 0.7272727272727273,
      "general": 0.7945205479452054,
      "illegal_activities": 0.8157894736842105,
      "recipe_preference": 0.8607594936708861,
      "generating_malicious_code": 0.825,
      "personal_preference": 0.6197183098591549
    }
  },
  "layer_6": {
    "accuracy": {
      "promoting_self-harm (in-context)": 0.737500011920929,
      "general": 0.800000011920929,
      "illegal_activities": 0.762499988079071,
      "recipe_preference": 0.925000011920929,
      "generating_malicious_code": 0.7875000238418579,
      "personal_preference": 0.737500011920929
    },
    "f1_scores": {
      "promoting_self-harm (in-context)": 0.7272727272727273,
      "general": 0.7714285714285715,
      "illegal_activities": 0.7323943661971831,
      "recipe_preference": 0.925,
      "generating_malicious_code": 0.7951807228915663,
      "personal_preference": 0.7407407407407407
    }
  },
  "layer_7": {
    "accuracy": {
      "promoting_self-harm (in-context)": 0.7250000238418579,
      "general": 0.737500011920929,
      "illegal_activities": 0.699999988079071,
      "recipe_preference": 0.8374999761581421,
      "generating_malicious_code": 0.7875000238418579,
      "personal_preference": 0.824999988079071
    },
    "f1_scores": {
      "promoting_self-harm (in-context)": 0.717948717948718,
      "general": 0.6956521739130435,
      "illegal_activities": 0.7,
      "recipe_preference": 0.8311688311688312,
      "generating_malicious_code": 0.7848101265822784,
      "personal_preference": 0.8205128205128205
    }
  },
  "layer_8": {
    "accuracy": {
      "promoting_self-harm (in-context)": 0.737500011920929,
      "general": 0.8374999761581421,
      "illegal_activities": 0.8125,
      "recipe_preference": 0.824999988079071,
      "generating_malicious_code": 0.887499988079071,
      "personal_preference": 0.762499988079071
    },
    "f1_scores": {
      "promoting_self-harm (in-context)": 0.7272727272727273,
      "general": 0.8395061728395061,
      "illegal_activities": 0.8275862068965517,
      "recipe_preference": 0.825,
      "generating_malicious_code": 0.9090909090909091,
      "personal_preference": 0.759493670886076
    }
  },
  "layer_9": {
    "accuracy": {
      "promoting_self-harm (in-context)": 0.762499988079071,
      "general": 0.824999988079071,
      "illegal_activities": 0.7124999761581421,
      "recipe_preference": 0.9125000238418579,
      "generating_malicious_code": 0.7875000238418579,
      "personal_preference": 0.7875000238418579
    },
    "f1_scores": {
      "promoting_self-harm (in-context)": 0.7466666666666667,
      "general": 0.8292682926829268,
      "illegal_activities": 0.7012987012987013,
      "recipe_preference": 0.9066666666666666,
      "generating_malicious_code": 0.7792207792207793,
      "personal_preference": 0.8
    }
  },
  "layer_10": {
    "accuracy": {
      "promoting_self-harm (in-context)": 0.762499988079071,
      "general": 0.7124999761581421,
      "illegal_activities": 0.800000011920929,
      "recipe_preference": 0.862500011920929,
      "generating_malicious_code": 0.762499988079071,
      "personal_preference": 0.7250000238418579
    },
    "f1_scores": {
      "promoting_self-harm (in-context)": 0.7466666666666667,
      "general": 0.7472527472527473,
      "illegal_activities": 0.8222222222222222,
      "recipe_preference": 0.8641975308641975,
      "generating_malicious_code": 0.7956989247311828,
      "personal_preference": 0.8035714285714286
    }
  },
  "layer_11": {
    "accuracy": {
      "promoting_self-harm (in-context)": 0.75,
      "general": 0.75,
      "illegal_activities": 0.7250000238418579,
      "recipe_preference": 0.862500011920929,
      "generating_malicious_code": 0.7749999761581421,
      "personal_preference": 0.612500011920929
    },
    "f1_scores": {
      "promoting_self-harm (in-context)": 0.7368421052631579,
      "general": 0.7368421052631579,
      "illegal_activities": 0.7027027027027027,
      "recipe_preference": 0.8764044943820225,
      "generating_malicious_code": 0.7857142857142857,
      "personal_preference": 0.6804123711340206
    }
  },
  "layer_12": {
    "accuracy": {
      "promoting_self-harm (in-context)": 0.7750000357627869,
      "general": 0.7124999761581421,
      "illegal_activities": 0.762499988079071,
      "recipe_preference": 0.8500000238418579,
      "generating_malicious_code": 0.75,