{"basic_medical_information (in-context)": 0.8500000238418579, "historical_event_accuracy": 0.6499999761581421, "definition_of_a_common_word": 0.8374999761581421, "general": 0.75, "simple_mathematical_calculation": 0.5249999761581421, "scientific_fact_verification": 0.699999988079071}