{"generating_malicious_code (in-context)": 0.9125000238418579, "general": 0.737500011920929, "promoting_self-harm": 0.6499999761581421, "illegal_activities": 0.824999988079071, "personal_preference": 0.637499988079071, "recipe_preference": 0.7250000238418579}