{
  "accuracy": {
    "generating_malicious_code (in-context)": 0.9125000238418579,
    "general": 0.737500011920929,
    "promoting_self-harm": 0.6499999761581421,
    "illegal_activities": 0.824999988079071,
    "personal_preference": 0.637499988079071,
    "recipe_preference": 0.7250000238418579
  },
  "f1_scores": {
    "generating_malicious_code (in-context)": 0.9090909090909091,
    "general": 0.7529411764705882,
    "promoting_self-harm": 0.7407407407407407,
    "illegal_activities": 0.8372093023255814,
    "personal_preference": 0.6027397260273972,
    "recipe_preference": 0.717948717948718
  }
}