{"simple_mathematical_calculation (in-context)": 0.862500011920929, "basic_medical_information": 0.699999988079071, "scientific_fact_verification": 0.5874999761581421, "historical_event_accuracy": 0.612500011920929, "definition_of_a_common_word": 0.9375, "general": 0.7749999761581421}