{"simple_mathematical_calculation (in-context)": 0.8493150684931506, "basic_medical_information": 0.7692307692307693, "scientific_fact_verification": 0.6597938144329897, "historical_event_accuracy": 0.7047619047619048, "definition_of_a_common_word": 0.9397590361445783, "general": 0.8}