{"general (in-context)": 0.9615384936332703, "attending_an_event": 0.9743589758872986, "travel_planning": 0.9750000238418579, "space_exploration": 0.9624999761581421, "technological_advancement": 0.949999988079071, "projected_success": 0.9230769276618958}