{
  "accuracy": {
    "general (in-context)": 0.9615384936332703,
    "attending_an_event": 0.9743589758872986,
    "travel_planning": 0.9750000238418579,
    "space_exploration": 0.9624999761581421,
    "technological_advancement": 0.949999988079071,
    "projected_success": 0.9230769276618958
  },
  "f1_scores": {
    "general (in-context)": 0.9620253164556962,
    "attending_an_event": 0.9743589743589743,
    "travel_planning": 0.975,
    "space_exploration": 0.9620253164556962,
    "technological_advancement": 0.9487179487179487,
    "projected_success": 0.918918918918919
  }
}