{"general (in-context)": 0.9620253164556962, "attending_an_event": 0.9743589743589743, "travel_planning": 0.975, "space_exploration": 0.9620253164556962, "technological_advancement": 0.9487179487179487, "projected_success": 0.918918918918919}