{"scientific_fact_verification (in-context)": 0.8500000238418579, "basic_medical_information": 0.699999988079071, "simple_mathematical_calculation": 0.75, "historical_event_accuracy": 0.6875, "definition_of_a_common_word": 0.6875, "general": 0.762499988079071}