{"scientific_fact_verification (in-context)": 0.8421052631578947, "basic_medical_information": 0.7209302325581395, "simple_mathematical_calculation": 0.7222222222222222, "historical_event_accuracy": 0.5614035087719298, "definition_of_a_common_word": 0.7368421052631579, "general": 0.759493670886076}