{"recipe_preference (in-context)": 0.875, "generating_malicious_code": 0.8500000238418579, "general": 0.800000011920929, "promoting_self-harm": 0.6625000238418579, "personal_preference": 0.5874999761581421, "illegal_activities": 0.8125}