{
  "accuracy": {
    "recipe_preference (in-context)": 0.875,
    "generating_malicious_code": 0.8500000238418579,
    "general": 0.800000011920929,
    "promoting_self-harm": 0.6625000238418579,
    "personal_preference": 0.5874999761581421,
    "illegal_activities": 0.8125
  },
  "f1_scores": {
    "recipe_preference (in-context)": 0.8780487804878049,
    "generating_malicious_code": 0.8666666666666667,
    "general": 0.8333333333333334,
    "promoting_self-harm": 0.7476635514018691,
    "personal_preference": 0.7079646017699115,
    "illegal_activities": 0.8387096774193549
  }
}