{"generating_malicious_code (in-context)": 0.9125000238418579, "general": 0.75, "promoting_self-harm": 0.8125, "illegal_activities": 0.8500000238418579, "personal_preference": 0.675000011920929, "recipe_preference": 0.75}