{"generating_malicious_code (in-context)": 0.9090909090909091, "general": 0.7297297297297297, "promoting_self-harm": 0.8351648351648352, "illegal_activities": 0.85, "personal_preference": 0.5806451612903226, "recipe_preference": 0.7142857142857143}