{"justifying_discrimination (in-context)": 0.9090909090909091, "general": 0.7142857142857143, "recipe_recommendation_persuasion": 0.75, "product_recommendation": 0.6451612903225806, "conspiracy_theory_endorsement": 0.7789473684210526, "book_recommendation_defense": 0.6938775510204082}