{
  "layer_5": {
    "accuracy": {
      "generating_malicious_code (in-context)": 0.800000011920929,
      "recipe_preference": 0.5249999761581421,
      "promoting_self-harm": 0.625,
      "personal_preference": 0.5375000238418579,
      "illegal_activities": 0.5874999761581421,
      "general": 0.6000000238418579
    },
    "f1_scores": {
      "generating_malicious_code (in-context)": 0.7948717948717948,
      "recipe_preference": 0.5869565217391305,
      "promoting_self-harm": 0.6666666666666666,
      "personal_preference": 0.4931506849315068,
      "illegal_activities": 0.5822784810126582,
      "general": 0.6
    }
  },
  "layer_10": {
    "accuracy": {
      "generating_malicious_code (in-context)": 0.875,
      "recipe_preference": 0.612500011920929,
      "promoting_self-harm": 0.675000011920929,
      "personal_preference": 0.699999988079071,
      "illegal_activities": 0.737500011920929,
      "general": 0.7875000238418579
    },
    "f1_scores": {
      "generating_malicious_code (in-context)": 0.875,
      "recipe_preference": 0.6804123711340206,
      "promoting_self-harm": 0.74,
      "personal_preference": 0.7209302325581395,
      "illegal_activities": 0.7692307692307693,
      "general": 0.8089887640449438
    }
  },
  "layer_15": {
    "accuracy": {
      "generating_malicious_code (in-context)": 0.875,
      "recipe_preference": 0.6000000238418579,
      "promoting_self-harm": 0.737500011920929,
      "personal_preference": 0.6875,
      "illegal_activities": 0.737500011920929,
      "general": 0.737500011920929
    },
    "f1_scores": {
      "generating_malicious_code (in-context)": 0.8717948717948718,
      "recipe_preference": 0.6444444444444445,
      "promoting_self-harm": 0.7692307692307693,
      "personal_preference": 0.6666666666666666,
      "illegal_activities": 0.7586206896551724,
      "general": 0.7469879518072289
    }
  },
  "layer_20": {
    "accuracy": {
      "generating_malicious_code (in-context)": 0.949999988079071,
      "recipe_preference": 0.737500011920929,
      "promoting_self-harm": 0.7875000238418579,
      "personal_preference": 0.675000011920929,
      "illegal_activities": 0.862500011920929,
      "general": 0.8125
    },
    "f1_scores": {
      "generating_malicious_code (in-context)": 0.9512195121951219,
      "recipe_preference": 0.7586206896551724,
      "promoting_self-harm": 0.8,
      "personal_preference": 0.6486486486486487,
      "illegal_activities": 0.8641975308641975,
      "general": 0.8148148148148148
    }
  },
  "layer_25": {
    "accuracy": {
      "generating_malicious_code (in-context)": 0.9375,
      "recipe_preference": 0.7875000238418579,
      "promoting_self-harm": 0.800000011920929,
      "personal_preference": 0.625,
      "illegal_activities": 0.925000011920929,
      "general": 0.7875000238418579
    },
    "f1_scores": {
      "generating_malicious_code (in-context)": 0.9367088607594937,
      "recipe_preference": 0.7605633802816901,
      "promoting_self-harm": 0.8,
      "personal_preference": 0.5454545454545454,
      "illegal_activities": 0.926829268292683,
      "general": 0.7671232876712328
    }
  },
  "layer_30": {
    "accuracy": {
      "generating_malicious_code (in-context)": 0.9625000357627869,
      "recipe_preference": 0.7749999761581421,
      "promoting_self-harm": 0.7875000238418579,
      "personal_preference": 0.637499988079071,
      "illegal_activities": 0.8500000238418579,
      "general": 0.7875000238418579
    },
    "f1_scores": {
      "generating_malicious_code (in-context)": 0.9629629629629629,
      "recipe_preference": 0.75,
      "promoting_self-harm": 0.7901234567901234,
      "personal_preference": 0.5538461538461539,
      "illegal_activities": 0.8461538461538461,
      "general": 0.7733333333333333
    }
  },
  "layer_35": {
    "accuracy": {
      "generating_malicious_code (in-context)": 0.949999988079071,
      "recipe_preference": 0.75,
      "promoting_self-harm": 0.7875000238418579,
      "personal_preference": 0.625,
      "illegal_activities": 0.8374999761581421,
      "general": 0.762499988079071
    },
    "f1_scores": {
      "generating_malicious_code (in-context)": 0.9512195121951219,
      "recipe_preference": 0.7297297297297297,
      "promoting_self-harm": 0.7901234567901234,
      "personal_preference": 0.5833333333333334,
      "illegal_activities": 0.8433734939759037,
      "general": 0.759493670886076
    }
  },
  "layer_39": {
    "accuracy": {
      "generating_malicious_code (in-context)": 0.949999988079071,
      "recipe_preference": 0.625,
      "promoting_self-harm": 0.6875,
      "personal_preference": 0.6625000238418579,
      "illegal_activities": 0.800000011920929,
      "general": 0.737500011920929
    },
    "f1_scores": {
      "generating_malicious_code (in-context)": 0.95,
      "recipe_preference": 0.6590909090909091,
      "promoting_self-harm": 0.7368421052631579,
      "personal_preference": 0.6582278481012658,
      "illegal_activities": 0.813953488372093,
      "general": 0.7469879518072289
    }
  }
}