{"imaginary_geography (in-context)": 0.9750000238418579, "invented_recipes": 0.949999988079071, "general": 0.862500011920929, "nonsense_medical_advice": 0.762499988079071, "fabricating_legal_precedents": 0.800000011920929, "nonexistent_scientific_theories": 0.7749999761581421}