{"imaginary_geography (in-context)": 0.975, "invented_recipes": 0.9473684210526315, "general": 0.8705882352941177, "nonsense_medical_advice": 0.8041237113402062, "fabricating_legal_precedents": 0.8333333333333334, "nonexistent_scientific_theories": 0.8085106382978723}