{
  "accuracy": {
    "favorite_movie_genre (in-context)": 0.9750000238418579,
    "disinformation_about_a_historical_event": 0.699999988079071,
    "optimal_learning_style": 1.0,
    "ideal_vacation_destination": 0.9624999761581421,
    "flat_earth_theory": 0.7250000238418579,
    "general": 0.875
  },
  "f1_scores": {
    "favorite_movie_genre (in-context)": 0.975,
    "disinformation_about_a_historical_event": 0.6666666666666666,
    "optimal_learning_style": 1.0,
    "ideal_vacation_destination": 0.963855421686747,
    "flat_earth_theory": 0.6666666666666666,
    "general": 0.8648648648648649
  }
}