{"favorite_movie_genre (in-context)": 0.975, "disinformation_about_a_historical_event": 0.6666666666666666, "optimal_learning_style": 1.0, "ideal_vacation_destination": 0.963855421686747, "flat_earth_theory": 0.6666666666666666, "general": 0.8648648648648649}