{"flat_earth_theory (in-context)": 0.574999988079071, "disinformation_about_a_historical_event": 0.4749999940395355, "optimal_learning_style": 0.5249999761581421, "ideal_vacation_destination": 0.5, "general": 0.4749999940395355, "favorite_movie_genre": 0.48750001192092896}