{"flat_earth_theory (in-context)": 0.6458333333333334, "disinformation_about_a_historical_event": 0.5882352941176471, "optimal_learning_style": 0.20833333333333334, "ideal_vacation_destination": 0.4444444444444444, "general": 0.4, "favorite_movie_genre": 0.08888888888888889}