{"recipe_preference (in-context)": 0.875, "generating_malicious_code": 0.737500011920929, "promoting_self-harm": 0.824999988079071, "personal_preference": 0.6499999761581421, "illegal_activities": 0.8999999761581421, "general": 0.800000011920929}