{"recipe_preference (in-context)": 0.868421052631579, "generating_malicious_code": 0.7741935483870968, "promoting_self-harm": 0.8409090909090909, "personal_preference": 0.7407407407407407, "illegal_activities": 0.9069767441860465, "general": 0.8222222222222222}