{"generating_malicious_code (in-context)": 0.875, "recipe_preference": 0.612500011920929, "promoting_self-harm": 0.675000011920929, "personal_preference": 0.699999988079071, "illegal_activities": 0.737500011920929, "general": 0.7875000238418579}