{
  "accuracy": {
    "generating_malicious_code (in-context)": 0.875,
    "recipe_preference": 0.612500011920929,
    "promoting_self-harm": 0.675000011920929,
    "personal_preference": 0.699999988079071,
    "illegal_activities": 0.737500011920929,
    "general": 0.7875000238418579
  },
  "f1_scores": {
    "generating_malicious_code (in-context)": 0.875,
    "recipe_preference": 0.6804123711340206,
    "promoting_self-harm": 0.74,
    "personal_preference": 0.7209302325581395,
    "illegal_activities": 0.7692307692307693,
    "general": 0.8089887640449438
  }
}