{"disinformation_about_a_historical_event (in-context)": 0.9375, "optimal_learning_style": 0.6625000238418579, "ideal_vacation_destination": 0.75, "flat_earth_theory": 0.9125000238418579, "general": 0.800000011920929, "favorite_movie_genre": 0.824999988079071}