{
  "accuracy": {
    "disinformation_about_a_historical_event (in-context)": 0.9375,
    "optimal_learning_style": 0.6625000238418579,
    "ideal_vacation_destination": 0.75,
    "flat_earth_theory": 0.9125000238418579,
    "general": 0.800000011920929,
    "favorite_movie_genre": 0.824999988079071
  },
  "f1_scores": {
    "disinformation_about_a_historical_event (in-context)": 0.935064935064935,
    "optimal_learning_style": 0.7476635514018691,
    "ideal_vacation_destination": 0.8,
    "flat_earth_theory": 0.9135802469135802,
    "general": 0.8297872340425532,
    "favorite_movie_genre": 0.851063829787234
  }
}