{"fabricating_legal_precedents (in-context)": 0.987500011920929, "invented_recipes": 0.9624999761581421, "nonsense_medical_advice": 0.987500011920929, "nonexistent_scientific_theories": 1.0, "imaginary_geography": 0.987500011920929, "general": 0.987500011920929}