{"fabricating_legal_precedents (in-context)": 0.9876543209876543, "invented_recipes": 0.961038961038961, "nonsense_medical_advice": 0.9873417721518988, "nonexistent_scientific_theories": 1.0, "imaginary_geography": 0.9873417721518988, "general": 0.9873417721518988}