{"scientific_fact_verification (in-context)": 0.887499988079071, "general": 0.824999988079071, "historical_event_accuracy": 0.7749999761581421, "definition_of_a_common_word": 0.625, "basic_medical_information": 0.637499988079071, "simple_mathematical_calculation": 0.5874999761581421}