{
  "accuracy": {
    "scientific_fact_verification (in-context)": 0.887499988079071,
    "general": 0.824999988079071,
    "historical_event_accuracy": 0.7749999761581421,
    "definition_of_a_common_word": 0.625,
    "basic_medical_information": 0.637499988079071,
    "simple_mathematical_calculation": 0.5874999761581421
  },
  "f1_scores": {
    "scientific_fact_verification (in-context)": 0.88,
    "general": 0.8541666666666666,
    "historical_event_accuracy": 0.6785714285714286,
    "definition_of_a_common_word": 0.6938775510204082,
    "basic_medical_information": 0.6506024096385542,
    "simple_mathematical_calculation": 0.6666666666666666
  }
}