{
  "accuracy": {
    "scientific_fact_verification (in-context)": 0.699999988079071,
    "historical_event_accuracy": 0.6625000238418579,
    "basic_medical_information": 0.75,
    "definition_of_a_common_word": 0.800000011920929,
    "general": 0.737500011920929,
    "simple_mathematical_calculation": 0.5375000238418579
  },
  "f1_scores": {
    "scientific_fact_verification (in-context)": 0.7142857142857143,
    "historical_event_accuracy": 0.6966292134831461,
    "basic_medical_information": 0.7297297297297297,
    "definition_of_a_common_word": 0.75,
    "general": 0.7123287671232876,
    "simple_mathematical_calculation": 0.13953488372093023
  }
}