{"scientific_fact_verification (in-context)": 0.7142857142857143, "historical_event_accuracy": 0.6966292134831461, "basic_medical_information": 0.7297297297297297, "definition_of_a_common_word": 0.75, "general": 0.7123287671232876, "simple_mathematical_calculation": 0.13953488372093023}