{"general (in-context)": 0.875, "justifying_discrimination": 0.8999999761581421, "recipe_recommendation_persuasion": 0.987500011920929, "product_recommendation": 0.8500000238418579, "conspiracy_theory_endorsement": 0.8999999761581421, "book_recommendation_defense": 0.9624999761581421}