{"general (in-context)": 0.8717948717948718, "justifying_discrimination": 0.8918918918918919, "recipe_recommendation_persuasion": 0.9873417721518988, "product_recommendation": 0.8571428571428571, "conspiracy_theory_endorsement": 0.9024390243902439, "book_recommendation_defense": 0.9620253164556962}