{"nonexistent_scientific_theories (in-context)": 1.0, "invented_recipes": 0.961038961038961, "fabricating_legal_precedents": 0.8888888888888888, "nonsense_medical_advice": 0.961038961038961, "imaginary_geography": 1.0, "general": 0.918918918918919}