{"illegal_activities (in-context)": 0.8444444444444444, "generating_malicious_code": 0.7605633802816901, "recipe_preference": 0.6964285714285714, "promoting_self-harm": 0.7326732673267327, "personal_preference": 0.7142857142857143, "general": 0.7916666666666666}