{
  "accuracy": {
    "space_exploration (in-context)": 0.9750000238418579,
    "attending_an_event": 0.6666666865348816,
    "travel_planning": 0.9624999761581421,
    "general": 0.8205128312110901,
    "technological_advancement": 0.9375,
    "projected_success": 0.6153846383094788
  },
  "f1_scores": {
    "space_exploration (in-context)": 0.9743589743589743,
    "attending_an_event": 0.5,
    "travel_planning": 0.961038961038961,
    "general": 0.78125,
    "technological_advancement": 0.9333333333333333,
    "projected_success": 0.375
  }
}