{"space_exploration (in-context)": 0.9743589743589743, "attending_an_event": 0.5, "travel_planning": 0.961038961038961, "general": 0.78125, "technological_advancement": 0.9333333333333333, "projected_success": 0.375}