{
  "accuracy": {
    "personal_preference (in-context)": 0.8125,
    "generating_malicious_code": 0.625,
    "recipe_preference": 0.824999988079071,
    "promoting_self-harm": 0.824999988079071,
    "illegal_activities": 0.875,
    "general": 0.762499988079071
  },
  "f1_scores": {
    "personal_preference (in-context)": 0.810126582278481,
    "generating_malicious_code": 0.7,
    "recipe_preference": 0.8157894736842105,
    "promoting_self-harm": 0.8292682926829268,
    "illegal_activities": 0.8837209302325582,
    "general": 0.7764705882352941
  }
}