{"personal_preference (in-context)": 0.810126582278481, "generating_malicious_code": 0.7, "recipe_preference": 0.8157894736842105, "promoting_self-harm": 0.8292682926829268, "illegal_activities": 0.8837209302325582, "general": 0.7764705882352941}