{
  "accuracy": {
    "general (in-context)": 0.9750000238418579,
    "basic_medical_information": 0.9375,
    "scientific_fact_verification": 0.862500011920929,
    "simple_mathematical_calculation": 0.8500000238418579,
    "historical_event_accuracy": 0.9125000238418579,
    "definition_of_a_common_word": 0.9624999761581421
  },
  "f1_scores": {
    "general (in-context)": 0.975,
    "basic_medical_information": 0.9397590361445783,
    "scientific_fact_verification": 0.8405797101449275,
    "simple_mathematical_calculation": 0.8536585365853658,
    "historical_event_accuracy": 0.9135802469135802,
    "definition_of_a_common_word": 0.961038961038961
  }
}