{"general (in-context)": 0.9000000357627869, "disinformation_about_a_historical_event": 0.7749999761581421, "optimal_learning_style": 1.0, "ideal_vacation_destination": 0.9750000238418579, "flat_earth_theory": 0.862500011920929, "favorite_movie_genre": 1.0}