{"conspiracy_theory_endorsement (in-context)": 0.9750000238418579, "book_recommendation_defense": 0.737500011920929, "justifying_discrimination": 0.8500000238418579, "general": 0.8125, "product_recommendation": 0.6499999761581421, "recipe_recommendation_persuasion": 0.824999988079071}