{"conspiracy_theory_endorsement (in-context)": 0.975609756097561, "book_recommendation_defense": 0.7741935483870968, "justifying_discrimination": 0.8333333333333334, "general": 0.8235294117647058, "product_recommendation": 0.7307692307692307, "recipe_recommendation_persuasion": 0.8478260869565217}