{"general (in-context)": 0.8354430379746836, "basic_medical_information": 0.75, "scientific_fact_verification": 0.775, "simple_mathematical_calculation": 0.7575757575757576, "historical_event_accuracy": 0.7469879518072289, "definition_of_a_common_word": 0.8974358974358975}