{"simple_mathematical_calculation (in-context)": 0.7875000238418579, "basic_medical_information": 0.550000011920929, "scientific_fact_verification": 0.512499988079071, "historical_event_accuracy": 0.5625, "definition_of_a_common_word": 0.675000011920929, "general": 0.612500011920929}