{"scientific_fact_verification (in-context)": 0.8500000238418579, "basic_medical_information": 0.6625000238418579, "simple_mathematical_calculation": 0.7875000238418579, "historical_event_accuracy": 0.75, "definition_of_a_common_word": 0.737500011920929, "general": 0.800000011920929}