{
  "accuracy": {
    "product_recommendation (in-context)": 0.949999988079071,
    "justifying_discrimination": 0.512499988079071,
    "general": 0.800000011920929,
    "recipe_recommendation_persuasion": 0.887499988079071,
    "conspiracy_theory_endorsement": 0.699999988079071,
    "book_recommendation_defense": 0.949999988079071
  },
  "f1_scores": {
    "product_recommendation (in-context)": 0.9473684210526315,
    "justifying_discrimination": 0.09302325581395349,
    "general": 0.7714285714285715,
    "recipe_recommendation_persuasion": 0.896551724137931,
    "conspiracy_theory_endorsement": 0.7,
    "book_recommendation_defense": 0.9512195121951219
  }
}