{"nonexistent_scientific_theories (in-context)": 1.0, "invented_recipes": 0.9375, "imaginary_geography": 0.987500011920929, "general": 0.887499988079071, "nonsense_medical_advice": 0.949999988079071, "fabricating_legal_precedents": 0.699999988079071}