{"nonexistent_scientific_theories (in-context)": 1.0, "invented_recipes": 0.9333333333333333, "imaginary_geography": 0.9873417721518988, "general": 0.8767123287671232, "nonsense_medical_advice": 0.9487179487179487, "fabricating_legal_precedents": 0.5714285714285714}