{"general (in-context)": 0.9629629629629629, "flat_earth_theory": 0.9230769230769231, "optimal_learning_style": 0.975609756097561, "favorite_movie_genre": 1.0, "ideal_vacation_destination": 1.0, "disinformation_about_a_historical_event": 0.9876543209876543}