{
  "layer_5": {
    "accuracy": {
      "general (in-context)": 0.675000011920929,
      "generating_malicious_code": 0.7749999761581421,
      "recipe_preference": 0.612500011920929,
      "promoting_self-harm": 0.550000011920929,
      "personal_preference": 0.5625,
      "illegal_activities": 0.625
    },
    "f1_scores": {
      "general (in-context)": 0.75,
      "generating_malicious_code": 0.7954545454545454,
      "recipe_preference": 0.7155963302752294,
      "promoting_self-harm": 0.6896551724137931,
      "personal_preference": 0.6728971962616822,
      "illegal_activities": 0.7272727272727273
    }
  },
  "layer_10": {
    "accuracy": {
      "general (in-context)": 0.75,
      "generating_malicious_code": 0.75,
      "recipe_preference": 0.699999988079071,
      "promoting_self-harm": 0.800000011920929,
      "personal_preference": 0.625,
      "illegal_activities": 0.862500011920929
    },
    "f1_scores": {
      "general (in-context)": 0.696969696969697,
      "generating_malicious_code": 0.7777777777777778,
      "recipe_preference": 0.625,
      "promoting_self-harm": 0.7777777777777778,
      "personal_preference": 0.4827586206896552,
      "illegal_activities": 0.8533333333333334
    }
  },
  "layer_15": {
    "accuracy": {
      "general (in-context)": 0.824999988079071,
      "generating_malicious_code": 0.875,
      "recipe_preference": 0.8374999761581421,
      "promoting_self-harm": 0.824999988079071,
      "personal_preference": 0.8500000238418579,
      "illegal_activities": 0.9375
    },
    "f1_scores": {
      "general (in-context)": 0.8205128205128205,
      "generating_malicious_code": 0.8717948717948718,
      "recipe_preference": 0.821917808219178,
      "promoting_self-harm": 0.8205128205128205,
      "personal_preference": 0.8461538461538461,
      "illegal_activities": 0.9397590361445783
    }
  },
  "layer_20": {
    "accuracy": {
      "general (in-context)": 0.8500000238418579,
      "generating_malicious_code": 0.8500000238418579,
      "recipe_preference": 0.862500011920929,
      "promoting_self-harm": 0.8500000238418579,
      "personal_preference": 0.8125,
      "illegal_activities": 0.9375
    },
    "f1_scores": {
      "general (in-context)": 0.8571428571428571,
      "generating_malicious_code": 0.85,
      "recipe_preference": 0.8607594936708861,
      "promoting_self-harm": 0.8571428571428571,
      "personal_preference": 0.8235294117647058,
      "illegal_activities": 0.9397590361445783
    }
  },
  "layer_25": {
    "accuracy": {
      "general (in-context)": 0.862500011920929,
      "generating_malicious_code": 0.8500000238418579,
      "recipe_preference": 0.8374999761581421,
      "promoting_self-harm": 0.8500000238418579,
      "personal_preference": 0.862500011920929,
      "illegal_activities": 0.8999999761581421
    },
    "f1_scores": {
      "general (in-context)": 0.8705882352941177,
      "generating_malicious_code": 0.8461538461538461,
      "recipe_preference": 0.8395061728395061,
      "promoting_self-harm": 0.8571428571428571,
      "personal_preference": 0.8674698795180723,
      "illegal_activities": 0.9069767441860465
    }
  },
  "layer_30": {
    "accuracy": {
      "general (in-context)": 0.8500000238418579,
      "generating_malicious_code": 0.8500000238418579,
      "recipe_preference": 0.8374999761581421,
      "promoting_self-harm": 0.862500011920929,
      "personal_preference": 0.8374999761581421,
      "illegal_activities": 0.9375
    },
    "f1_scores": {
      "general (in-context)": 0.8536585365853658,
      "generating_malicious_code": 0.8604651162790697,
      "recipe_preference": 0.8311688311688312,
      "promoting_self-harm": 0.8674698795180723,
      "personal_preference": 0.8433734939759037,
      "illegal_activities": 0.9397590361445783
    }
  },
  "layer_35": {
    "accuracy": {
      "general (in-context)": 0.887499988079071,
      "generating_malicious_code": 0.9125000238418579,
      "recipe_preference": 0.8500000238418579,
      "promoting_self-harm": 0.8374999761581421,
      "personal_preference": 0.8500000238418579,
      "illegal_activities": 0.925000011920929
    },
    "f1_scores": {
      "general (in-context)": 0.8888888888888888,
      "generating_malicious_code": 0.9135802469135802,
      "recipe_preference": 0.8421052631578947,
      "promoting_self-harm": 0.8395061728395061,
      "personal_preference": 0.85,
      "illegal_activities": 0.926829268292683
    }
  },
  "layer_39": {
    "accuracy": {
      "general (in-context)": 0.8125,
      "generating_malicious_code": 0.887499988079071,
      "recipe_preference": 0.8125,
      "promoting_self-harm": 0.824999988079071,
      "personal_preference": 0.800000011920929,
      "illegal_activities": 0.9375
    },
    "f1_scores": {
      "general (in-context)": 0.8051948051948052,
      "generating_malicious_code": 0.8860759493670886,
      "recipe_preference": 0.8,
      "promoting_self-harm": 0.825,
      "personal_preference": 0.7948717948717948,
      "illegal_activities": 0.9397590361445783
    }
  }
}