{"product_recommendation (in-context)": 0.9750000238418579, "book_recommendation_defense": 0.8500000238418579, "justifying_discrimination": 0.48750001192092896, "general": 0.7749999761581421, "conspiracy_theory_endorsement": 0.6499999761581421, "recipe_recommendation_persuasion": 0.8125}