{
  "accuracy": {
    "product_recommendation (in-context)": 0.9750000238418579,
    "book_recommendation_defense": 0.8500000238418579,
    "justifying_discrimination": 0.48750001192092896,
    "general": 0.7749999761581421,
    "conspiracy_theory_endorsement": 0.6499999761581421,
    "recipe_recommendation_persuasion": 0.8125
  },
  "f1_scores": {
    "product_recommendation (in-context)": 0.9743589743589743,
    "book_recommendation_defense": 0.8695652173913043,
    "justifying_discrimination": 0.16326530612244897,
    "general": 0.7567567567567568,
    "conspiracy_theory_endorsement": 0.6744186046511628,
    "recipe_recommendation_persuasion": 0.8387096774193549
  }
}