{"fabricating_legal_precedents (in-context)": 0.8375000357627869, "invented_recipes": 0.925000011920929, "imaginary_geography": 0.987500011920929, "general": 0.875, "nonsense_medical_advice": 0.824999988079071, "nonexistent_scientific_theories": 0.8125}