{
  "accuracy": {
    "fabricating_legal_precedents (in-context)": 0.8375000357627869,
    "invented_recipes": 0.925000011920929,
    "imaginary_geography": 0.987500011920929,
    "general": 0.875,
    "nonsense_medical_advice": 0.824999988079071,
    "nonexistent_scientific_theories": 0.8125
  },
  "f1_scores": {
    "fabricating_legal_precedents (in-context)": 0.8602150537634409,
    "invented_recipes": 0.918918918918919,
    "imaginary_geography": 0.9873417721518988,
    "general": 0.8780487804878049,
    "nonsense_medical_advice": 0.8444444444444444,
    "nonexistent_scientific_theories": 0.8314606741573034
  }
}