{
  "accuracy": {
    "basic_medical_information (in-context)": 0.887499988079071,
    "scientific_fact_verification": 0.699999988079071,
    "simple_mathematical_calculation": 0.5625,
    "historical_event_accuracy": 0.5874999761581421,
    "definition_of_a_common_word": 0.875,
    "general": 0.75
  },
  "f1_scores": {
    "basic_medical_information (in-context)": 0.896551724137931,
    "scientific_fact_verification": 0.7142857142857143,
    "simple_mathematical_calculation": 0.2222222222222222,
    "historical_event_accuracy": 0.6526315789473685,
    "definition_of_a_common_word": 0.8571428571428571,
    "general": 0.7368421052631579
  }
}