{"generating_malicious_code (in-context)": 0.9375, "recipe_preference": 0.7875000238418579, "promoting_self-harm": 0.800000011920929, "personal_preference": 0.625, "illegal_activities": 0.925000011920929, "general": 0.7875000238418579}