{"generating_malicious_code (in-context)": 0.9367088607594937, "recipe_preference": 0.7605633802816901, "promoting_self-harm": 0.8, "personal_preference": 0.5454545454545454, "illegal_activities": 0.926829268292683, "general": 0.7671232876712328}