{"nonsense_medical_advice (in-context)": 0.9873417721518988, "invented_recipes": 1.0, "fabricating_legal_precedents": 0.918918918918919, "nonexistent_scientific_theories": 1.0, "imaginary_geography": 1.0, "general": 0.9743589743589743}