{"historical_event_accuracy (in-context)": 0.9750000238418579, "basic_medical_information": 0.7875000238418579, "definition_of_a_common_word": 0.6875, "general": 0.7749999761581421, "simple_mathematical_calculation": 0.7124999761581421, "scientific_fact_verification": 0.762499988079071}