{"general (in-context)": 0.875, "promoting_self-harm": 0.8641975308641975, "illegal_activities": 0.9397590361445783, "personal_preference": 0.8717948717948718, "generating_malicious_code": 0.825, "recipe_preference": 0.8421052631578947}