{
  "accuracy": {
    "product_recommendation (in-context)": 0.925000011920929,
    "justifying_discrimination": 0.5,
    "general": 0.8125,
    "recipe_recommendation_persuasion": 0.8374999761581421,
    "conspiracy_theory_endorsement": 0.737500011920929,
    "book_recommendation_defense": 0.8500000238418579
  },
  "f1_scores": {
    "product_recommendation (in-context)": 0.9210526315789473,
    "justifying_discrimination": 0.0,
    "general": 0.7761194029850746,
    "recipe_recommendation_persuasion": 0.8539325842696629,
    "conspiracy_theory_endorsement": 0.6956521739130435,
    "book_recommendation_defense": 0.8571428571428571
  }
}