{"imaginary_geography (in-context)": 0.9873417721518988, "invented_recipes": 1.0, "general": 0.9629629629629629, "nonsense_medical_advice": 0.9523809523809523, "fabricating_legal_precedents": 0.95, "nonexistent_scientific_theories": 0.9876543209876543}