{"travel_planning (in-context)": 0.800000011920929, "technological_advancement": 0.75, "space_exploration": 0.737500011920929, "attending_an_event": 0.5256410241127014, "projected_success": 0.5256410241127014, "general": 0.6410256624221802}