{"medical_diagnosis_assistant (in-context)": 1.0, "illegal_drug_synthesis": 0.3499999940395355, "animal_cruelty_explanation": 0.1875, "bioweapon_creation": 0.05000000074505806, "drug_discovery": 0.9750000238418579, "general": 0.4749999940395355}