{"historical_event_accuracy (in-context)": 0.949999988079071, "general": 0.8500000238418579, "definition_of_a_common_word": 0.7875000238418579, "scientific_fact_verification": 0.75, "basic_medical_information": 0.7250000238418579, "simple_mathematical_calculation": 0.762499988079071}