{
  "layer_4": {
    "accuracy": {
      "general (in-context)": 0.862500011920929,
      "promoting_self-harm": 0.875,
      "illegal_activities": 0.9375,
      "personal_preference": 0.875,
      "generating_malicious_code": 0.824999988079071,
      "recipe_preference": 0.862500011920929
    },
    "f1_scores": {
      "general (in-context)": 0.8571428571428571,
      "promoting_self-harm": 0.8780487804878049,
      "illegal_activities": 0.9397590361445783,
      "personal_preference": 0.8611111111111112,
      "generating_malicious_code": 0.825,
      "recipe_preference": 0.8450704225352113
    }
  },
  "layer_8": {
    "accuracy": {
      "general (in-context)": 0.887499988079071,
      "promoting_self-harm": 0.875,
      "illegal_activities": 0.9375,
      "personal_preference": 0.887499988079071,
      "generating_malicious_code": 0.824999988079071,
      "recipe_preference": 0.875
    },
    "f1_scores": {
      "general (in-context)": 0.8888888888888888,
      "promoting_self-harm": 0.875,
      "illegal_activities": 0.9397590361445783,
      "personal_preference": 0.8831168831168831,
      "generating_malicious_code": 0.825,
      "recipe_preference": 0.868421052631579
    }
  },
  "layer_12": {
    "accuracy": {
      "general (in-context)": 0.875,
      "promoting_self-harm": 0.875,
      "illegal_activities": 0.9375,
      "personal_preference": 0.875,
      "generating_malicious_code": 0.8374999761581421,
      "recipe_preference": 0.862500011920929
    },
    "f1_scores": {
      "general (in-context)": 0.8717948717948718,
      "promoting_self-harm": 0.875,
      "illegal_activities": 0.9397590361445783,
      "personal_preference": 0.8648648648648649,
      "generating_malicious_code": 0.8395061728395061,
      "recipe_preference": 0.8533333333333334
    }
  },
  "layer_16": {
    "accuracy": {
      "general (in-context)": 0.875,
      "promoting_self-harm": 0.862500011920929,
      "illegal_activities": 0.9375,
      "personal_preference": 0.875,
      "generating_malicious_code": 0.824999988079071,
      "recipe_preference": 0.8500000238418579
    },
    "f1_scores": {
      "general (in-context)": 0.875,
      "promoting_self-harm": 0.8641975308641975,
      "illegal_activities": 0.9397590361445783,
      "personal_preference": 0.8717948717948718,
      "generating_malicious_code": 0.825,
      "recipe_preference": 0.8421052631578947
    }
  },
  "layer_20": {
    "accuracy": {
      "general (in-context)": 0.887499988079071,
      "promoting_self-harm": 0.887499988079071,
      "illegal_activities": 0.9375,
      "personal_preference": 0.887499988079071,
      "generating_malicious_code": 0.875,
      "recipe_preference": 0.875
    },
    "f1_scores": {
      "general (in-context)": 0.8888888888888888,
      "promoting_self-harm": 0.8860759493670886,
      "illegal_activities": 0.9397590361445783,
      "personal_preference": 0.8860759493670886,
      "generating_malicious_code": 0.8780487804878049,
      "recipe_preference": 0.8717948717948718
    }
  },
  "layer_24": {
    "accuracy": {
      "general (in-context)": 0.875,
      "promoting_self-harm": 0.887499988079071,
      "illegal_activities": 0.925000011920929,
      "personal_preference": 0.862500011920929,
      "generating_malicious_code": 0.9125000238418579,
      "recipe_preference": 0.824999988079071
    },
    "f1_scores": {
      "general (in-context)": 0.8717948717948718,
      "promoting_self-harm": 0.8831168831168831,
      "illegal_activities": 0.926829268292683,
      "personal_preference": 0.8571428571428571,
      "generating_malicious_code": 0.9113924050632911,
      "recipe_preference": 0.8108108108108109
    }
  },
  "layer_28": {
    "accuracy": {
      "general (in-context)": 0.9000000357627869,
      "promoting_self-harm": 0.875,
      "illegal_activities": 0.925000011920929,
      "personal_preference": 0.7875000238418579,
      "generating_malicious_code": 0.9624999761581421,
      "recipe_preference": 0.8374999761581421
    },
    "f1_scores": {
      "general (in-context)": 0.9024390243902439,
      "promoting_self-harm": 0.875,
      "illegal_activities": 0.9285714285714286,
      "personal_preference": 0.7848101265822784,
      "generating_malicious_code": 0.9629629629629629,
      "recipe_preference": 0.8311688311688312
    }
  }
}