{"attending_an_event (in-context)": 0.9615384936332703, "travel_planning": 0.9624999761581421, "general": 0.9487179517745972, "space_exploration": 0.925000011920929, "technological_advancement": 0.9624999761581421, "projected_success": 0.9615384340286255}