{"attending_an_event (in-context)": 0.9620253164556962, "travel_planning": 0.9620253164556962, "general": 0.9487179487179487, "space_exploration": 0.9302325581395349, "technological_advancement": 0.9629629629629629, "projected_success": 0.96}