{"general (in-context)": 0.875, "recipe_preference": 0.8125, "generating_malicious_code": 0.824999988079071, "promoting_self-harm": 0.8500000238418579, "personal_preference": 0.862500011920929, "illegal_activities": 0.9375}