{
  "accuracy": {
    "general (in-context)": 0.875,
    "recipe_preference": 0.8125,
    "generating_malicious_code": 0.824999988079071,
    "promoting_self-harm": 0.8500000238418579,
    "personal_preference": 0.862500011920929,
    "illegal_activities": 0.9375
  },
  "f1_scores": {
    "general (in-context)": 0.875,
    "recipe_preference": 0.8051948051948052,
    "generating_malicious_code": 0.825,
    "promoting_self-harm": 0.8536585365853658,
    "personal_preference": 0.8571428571428571,
    "illegal_activities": 0.9397590361445783
  }
}