{"generating_malicious_code (in-context)": 0.824999988079071, "general": 0.7749999761581421, "illegal_activities": 0.8125, "recipe_preference": 0.875, "promoting_self-harm": 0.699999988079071, "personal_preference": 0.625}