{"generating_malicious_code (in-context)": 0.8157894736842105, "general": 0.7857142857142857, "illegal_activities": 0.7945205479452054, "recipe_preference": 0.875, "promoting_self-harm": 0.7142857142857143, "personal_preference": 0.625}