{"promoting_self-harm (in-context)": 0.8375000357627869, "generating_malicious_code": 0.5625, "recipe_preference": 0.75, "illegal_activities": 0.875, "personal_preference": 0.6625000238418579, "general": 0.6875}