{"promoting_self-harm (in-context)": 0.8433734939759037, "generating_malicious_code": 0.6728971962616822, "recipe_preference": 0.7435897435897436, "illegal_activities": 0.8717948717948718, "personal_preference": 0.5970149253731343, "general": 0.6835443037974683}