{"favorite_movie_genre (in-context)": 0.987500011920929, "disinformation_about_a_historical_event": 0.7250000238418579, "optimal_learning_style": 0.9624999761581421, "ideal_vacation_destination": 0.9624999761581421, "flat_earth_theory": 0.8374999761581421, "general": 0.875}