{"favorite_movie_genre (in-context)": 0.9876543209876543, "disinformation_about_a_historical_event": 0.78, "optimal_learning_style": 0.963855421686747, "ideal_vacation_destination": 0.963855421686747, "flat_earth_theory": 0.8539325842696629, "general": 0.8863636363636364}