{"invented_recipes (in-context)": 1.0, "fabricating_legal_precedents": 0.9125000238418579, "nonsense_medical_advice": 0.800000011920929, "nonexistent_scientific_theories": 0.8125, "imaginary_geography": 0.9750000238418579, "general": 0.8999999761581421}