{"optimal_learning_style (in-context)": 0.875, "flat_earth_theory": 0.625, "favorite_movie_genre": 0.8374999761581421, "ideal_vacation_destination": 0.9750000238418579, "general": 0.800000011920929, "disinformation_about_a_historical_event": 0.625}