{
  "accuracy": {
    "optimal_learning_style (in-context)": 0.875,
    "flat_earth_theory": 0.625,
    "favorite_movie_genre": 0.8374999761581421,
    "ideal_vacation_destination": 0.9750000238418579,
    "general": 0.800000011920929,
    "disinformation_about_a_historical_event": 0.625
  },
  "f1_scores": {
    "optimal_learning_style (in-context)": 0.8837209302325582,
    "flat_earth_theory": 0.4,
    "favorite_movie_genre": 0.8602150537634409,
    "ideal_vacation_destination": 0.975609756097561,
    "general": 0.7714285714285715,
    "disinformation_about_a_historical_event": 0.4
  }
}