{"projected_success (in-context)": 0.9743589758872986, "technological_advancement": 0.9624999761581421, "space_exploration": 0.9125000238418579, "travel_planning": 0.9750000238418579, "attending_an_event": 0.8974359035491943, "general": 0.9487179517745972}