{
  "accuracy": {
    "projected_success (in-context)": 0.9743589758872986,
    "technological_advancement": 0.9624999761581421,
    "space_exploration": 0.9125000238418579,
    "travel_planning": 0.9750000238418579,
    "attending_an_event": 0.8974359035491943,
    "general": 0.9487179517745972
  },
  "f1_scores": {
    "projected_success (in-context)": 0.975,
    "technological_advancement": 0.9620253164556962,
    "space_exploration": 0.9195402298850575,
    "travel_planning": 0.975609756097561,
    "attending_an_event": 0.9069767441860465,
    "general": 0.9512195121951219
  }
}