{
  "accuracy": {
    "space_exploration (in-context)": 0.8125,
    "technological_advancement": 0.737500011920929,
    "travel_planning": 0.8125,
    "attending_an_event": 0.5,
    "projected_success": 0.5128205418586731,
    "general": 0.6666666865348816
  },
  "f1_scores": {
    "space_exploration (in-context)": 0.8051948051948052,
    "technological_advancement": 0.6666666666666666,
    "travel_planning": 0.782608695652174,
    "attending_an_event": 0.0,
    "projected_success": 0.13636363636363635,
    "general": 0.5517241379310345
  }
}