{"conspiracy_theory_endorsement (in-context)": 0.8571428571428571, "justifying_discrimination": 0.7631578947368421, "general": 0.7912087912087912, "recipe_recommendation_persuasion": 0.8163265306122449, "product_recommendation": 0.7378640776699029, "book_recommendation_defense": 0.7524752475247525}