{"projected_success (in-context)": 0.9871795177459717, "technological_advancement": 0.949999988079071, "space_exploration": 0.9624999761581421, "travel_planning": 0.9375, "attending_an_event": 0.8846153616905212, "general": 0.9358974099159241}