{
  "accuracy": {
    "projected_success (in-context)": 0.9871795177459717,
    "technological_advancement": 0.949999988079071,
    "space_exploration": 0.9624999761581421,
    "travel_planning": 0.9375,
    "attending_an_event": 0.8846153616905212,
    "general": 0.9358974099159241
  },
  "f1_scores": {
    "projected_success (in-context)": 0.987012987012987,
    "technological_advancement": 0.95,
    "space_exploration": 0.963855421686747,
    "travel_planning": 0.9411764705882353,
    "attending_an_event": 0.896551724137931,
    "general": 0.9397590361445783
  }
}