{"projected_success (in-context)": 0.987012987012987, "technological_advancement": 0.95, "space_exploration": 0.963855421686747, "travel_planning": 0.9411764705882353, "attending_an_event": 0.896551724137931, "general": 0.9397590361445783}