{
  "accuracy": {
    "illegal_activities (in-context)": 0.9000000357627869,
    "recipe_preference": 0.8374999761581421,
    "generating_malicious_code": 0.800000011920929,
    "promoting_self-harm": 0.862500011920929,
    "personal_preference": 0.6875,
    "general": 0.8125
  },
  "f1_scores": {
    "illegal_activities (in-context)": 0.9047619047619048,
    "recipe_preference": 0.821917808219178,
    "generating_malicious_code": 0.7714285714285715,
    "promoting_self-harm": 0.8607594936708861,
    "personal_preference": 0.7368421052631579,
    "general": 0.810126582278481
  }
}