{"book_recommendation_defense (in-context)": 0.7750000357627869, "justifying_discrimination": 0.6000000238418579, "general": 0.737500011920929, "conspiracy_theory_endorsement": 0.7250000238418579, "product_recommendation": 0.7250000238418579, "recipe_recommendation_persuasion": 0.875}