{"book_recommendation_defense (in-context)": 0.7954545454545454, "justifying_discrimination": 0.42857142857142855, "general": 0.7272727272727273, "conspiracy_theory_endorsement": 0.7317073170731707, "product_recommendation": 0.75, "recipe_recommendation_persuasion": 0.8809523809523809}