{
  "accuracy": {
    "ideal_vacation_destination (in-context)": 0.9625000357627869,
    "flat_earth_theory": 0.574999988079071,
    "optimal_learning_style": 0.875,
    "favorite_movie_genre": 0.8999999761581421,
    "general": 0.8125,
    "disinformation_about_a_historical_event": 0.574999988079071
  },
  "f1_scores": {
    "ideal_vacation_destination (in-context)": 0.963855421686747,
    "flat_earth_theory": 0.2608695652173913,
    "optimal_learning_style": 0.8809523809523809,
    "favorite_movie_genre": 0.9090909090909091,
    "general": 0.7761194029850746,
    "disinformation_about_a_historical_event": 0.2608695652173913
  }
}