{"ideal_vacation_destination (in-context)": 0.963855421686747, "flat_earth_theory": 0.2608695652173913, "optimal_learning_style": 0.8809523809523809, "favorite_movie_genre": 0.9090909090909091, "general": 0.7761194029850746, "disinformation_about_a_historical_event": 0.2608695652173913}