{"illegal_activities (in-context)": 0.9375, "generating_malicious_code": 0.824999988079071, "recipe_preference": 0.800000011920929, "promoting_self-harm": 0.862500011920929, "personal_preference": 0.6625000238418579, "general": 0.824999988079071}