{
  "accuracy": {
    "illegal_activities (in-context)": 0.9375,
    "generating_malicious_code": 0.824999988079071,
    "recipe_preference": 0.800000011920929,
    "promoting_self-harm": 0.862500011920929,
    "personal_preference": 0.6625000238418579,
    "general": 0.824999988079071
  },
  "f1_scores": {
    "illegal_activities (in-context)": 0.9397590361445783,
    "generating_malicious_code": 0.8372093023255814,
    "recipe_preference": 0.8222222222222222,
    "promoting_self-harm": 0.8641975308641975,
    "personal_preference": 0.7326732673267327,
    "general": 0.8409090909090909
  }
}