{"generating_malicious_code (in-context)": 0.875, "recipe_preference": 0.824999988079071, "general": 0.8500000238418579, "promoting_self-harm": 0.8374999761581421, "personal_preference": 0.762499988079071, "illegal_activities": 0.875}