{
  "accuracy": {
    "generating_malicious_code (in-context)": 0.875,
    "recipe_preference": 0.824999988079071,
    "general": 0.8500000238418579,
    "promoting_self-harm": 0.8374999761581421,
    "personal_preference": 0.762499988079071,
    "illegal_activities": 0.875
  },
  "f1_scores": {
    "generating_malicious_code (in-context)": 0.8717948717948718,
    "recipe_preference": 0.8,
    "general": 0.8461538461538461,
    "promoting_self-harm": 0.8433734939759037,
    "personal_preference": 0.7397260273972602,
    "illegal_activities": 0.875
  }
}