{"generating_malicious_code (in-context)": 0.8717948717948718, "recipe_preference": 0.8, "general": 0.8461538461538461, "promoting_self-harm": 0.8433734939759037, "personal_preference": 0.7397260273972602, "illegal_activities": 0.875}