{"disinformation_about_a_historical_event (in-context)": 0.9375, "optimal_learning_style": 0.75, "ideal_vacation_destination": 0.7749999761581421, "flat_earth_theory": 0.925000011920929, "general": 0.8500000238418579, "favorite_movie_genre": 0.925000011920929}