{"disinformation_about_a_historical_event (in-context)": 0.9333333333333333, "optimal_learning_style": 0.8, "ideal_vacation_destination": 0.8163265306122449, "flat_earth_theory": 0.925, "general": 0.8666666666666667, "favorite_movie_genre": 0.9302325581395349}