{"ideal_vacation_destination (in-context)": 0.975609756097561, "flat_earth_theory": 0.2608695652173913, "optimal_learning_style": 0.935064935064935, "favorite_movie_genre": 0.9876543209876543, "general": 0.7692307692307693, "disinformation_about_a_historical_event": 0.4}