{"general (in-context)": 0.9210526315789473, "technological_advancement": 0.9620253164556962, "space_exploration": 0.8974358974358975, "travel_planning": 0.9629629629629629, "attending_an_event": 0.9620253164556962, "projected_success": 0.9487179487179487}