{"favorite_movie_genre (in-context)": 0.925000011920929, "disinformation_about_a_historical_event": 0.6000000238418579, "optimal_learning_style": 0.8500000238418579, "ideal_vacation_destination": 0.8125, "flat_earth_theory": 0.612500011920929, "general": 0.737500011920929}