{
  "accuracy": {
    "favorite_movie_genre (in-context)": 0.925000011920929,
    "disinformation_about_a_historical_event": 0.6000000238418579,
    "optimal_learning_style": 0.8500000238418579,
    "ideal_vacation_destination": 0.8125,
    "flat_earth_theory": 0.612500011920929,
    "general": 0.737500011920929
  },
  "f1_scores": {
    "favorite_movie_genre (in-context)": 0.926829268292683,
    "disinformation_about_a_historical_event": 0.4482758620689655,
    "optimal_learning_style": 0.8604651162790697,
    "ideal_vacation_destination": 0.782608695652174,
    "flat_earth_theory": 0.43636363636363634,
    "general": 0.6956521739130435
  }
}