{"favorite_movie_genre (in-context)": 0.926829268292683, "disinformation_about_a_historical_event": 0.4482758620689655, "optimal_learning_style": 0.8604651162790697, "ideal_vacation_destination": 0.782608695652174, "flat_earth_theory": 0.43636363636363634, "general": 0.6956521739130435}