{"invented_recipes (in-context)": 1.0, "fabricating_legal_precedents": 0.2978723404255319, "nonsense_medical_advice": 0.9629629629629629, "nonexistent_scientific_theories": 0.935064935064935, "imaginary_geography": 0.9873417721518988, "general": 0.8918918918918919}