{"ideal_vacation_destination (in-context)": 0.9876543209876543, "disinformation_about_a_historical_event": 0.6984126984126984, "optimal_learning_style": 1.0, "flat_earth_theory": 0.71875, "general": 0.8888888888888888, "favorite_movie_genre": 1.0}