{"technological_advancement (in-context)": 0.987500011920929, "attending_an_event": 0.8461538553237915, "travel_planning": 0.9750000238418579, "general": 0.9358974099159241, "space_exploration": 0.9375, "projected_success": 0.7948718070983887}