{"technological_advancement (in-context)": 0.9873417721518988, "attending_an_event": 0.8285714285714286, "travel_planning": 0.975609756097561, "general": 0.9315068493150684, "space_exploration": 0.9397590361445783, "projected_success": 0.7419354838709677}