{"recipe_recommendation_persuasion (in-context)": 0.875, "justifying_discrimination": 0.612500011920929, "general": 0.75, "product_recommendation": 0.762499988079071, "conspiracy_theory_endorsement": 0.675000011920929, "book_recommendation_defense": 0.7875000238418579}