{"recipe_recommendation_persuasion (in-context)": 0.8863636363636364, "justifying_discrimination": 0.43636363636363634, "general": 0.7222222222222222, "product_recommendation": 0.7816091954022989, "conspiracy_theory_endorsement": 0.675, "book_recommendation_defense": 0.8089887640449438}