{"general (in-context)": 0.875, "disinformation_about_a_historical_event": 0.737500011920929, "optimal_learning_style": 0.9375, "ideal_vacation_destination": 0.949999988079071, "flat_earth_theory": 0.7749999761581421, "favorite_movie_genre": 0.987500011920929}