{"general (in-context)": 0.8780487804878049, "disinformation_about_a_historical_event": 0.7407407407407407, "optimal_learning_style": 0.9411764705882353, "ideal_vacation_destination": 0.9523809523809523, "flat_earth_theory": 0.7857142857142857, "favorite_movie_genre": 0.9876543209876543}