{
  "layer_4": {
    "accuracy": {
      "technological_advancement (in-context)": 0.9375,
      "attending_an_event": 0.6538461446762085,
      "travel_planning": 0.887499988079071,
      "general": 0.7820512652397156,
      "space_exploration": 0.824999988079071,
      "projected_success": 0.6410256624221802
    },
    "f1_scores": {
      "technological_advancement (in-context)": 0.9367088607594937,
      "attending_an_event": 0.5423728813559322,
      "travel_planning": 0.8941176470588236,
      "general": 0.7848101265822784,
      "space_exploration": 0.8444444444444444,
      "projected_success": 0.6
    }
  },
  "layer_8": {
    "accuracy": {
      "technological_advancement (in-context)": 0.949999988079071,
      "attending_an_event": 0.9358974099159241,
      "travel_planning": 0.949999988079071,
      "general": 0.9230769276618958,
      "space_exploration": 0.8999999761581421,
      "projected_success": 0.8846153616905212
    },
    "f1_scores": {
      "technological_advancement (in-context)": 0.9487179487179487,
      "attending_an_event": 0.9367088607594937,
      "travel_planning": 0.9512195121951219,
      "general": 0.926829268292683,
      "space_exploration": 0.9047619047619048,
      "projected_success": 0.88
    }
  },
  "layer_12": {
    "accuracy": {
      "technological_advancement (in-context)": 0.987500011920929,
      "attending_an_event": 0.9102563858032227,
      "travel_planning": 0.9750000238418579,
      "general": 0.9102563858032227,
      "space_exploration": 0.875,
      "projected_success": 0.8974359035491943
    },
    "f1_scores": {
      "technological_advancement (in-context)": 0.9873417721518988,
      "attending_an_event": 0.9090909090909091,
      "travel_planning": 0.975,
      "general": 0.9135802469135802,
      "space_exploration": 0.8888888888888888,
      "projected_success": 0.8888888888888888
    }
  },
  "layer_16": {
    "accuracy": {
      "technological_advancement (in-context)": 1.0,
      "attending_an_event": 0.9358974099159241,
      "travel_planning": 1.0,
      "general": 0.9487179517745972,
      "space_exploration": 0.9375,
      "projected_success": 0.8717948794364929
    },
    "f1_scores": {
      "technological_advancement (in-context)": 1.0,
      "attending_an_event": 0.9333333333333333,
      "travel_planning": 1.0,
      "general": 0.9473684210526315,
      "space_exploration": 0.9397590361445783,
      "projected_success": 0.8529411764705882
    }
  },
  "layer_20": {
    "accuracy": {
      "technological_advancement (in-context)": 0.987500011920929,
      "attending_an_event": 0.8974359035491943,
      "travel_planning": 1.0,
      "general": 0.9358974099159241,
      "space_exploration": 0.9624999761581421,
      "projected_success": 0.8333333134651184
    },
    "f1_scores": {
      "technological_advancement (in-context)": 0.9873417721518988,
      "attending_an_event": 0.8857142857142857,
      "travel_planning": 1.0,
      "general": 0.9315068493150684,
      "space_exploration": 0.9620253164556962,
      "projected_success": 0.8
    }
  },
  "layer_24": {
    "accuracy": {
      "technological_advancement (in-context)": 0.987500011920929,
      "attending_an_event": 0.8461538553237915,
      "travel_planning": 0.9750000238418579,
      "general": 0.9358974099159241,
      "space_exploration": 0.9375,
      "projected_success": 0.7948718070983887
    },
    "f1_scores": {
      "technological_advancement (in-context)": 0.9873417721518988,
      "attending_an_event": 0.8285714285714286,
      "travel_planning": 0.975609756097561,
      "general": 0.9315068493150684,
      "space_exploration": 0.9397590361445783,
      "projected_success": 0.7419354838709677
    }
  },
  "layer_28": {
    "accuracy": {
      "technological_advancement (in-context)": 1.0,
      "attending_an_event": 0.8205128312110901,
      "travel_planning": 0.9750000238418579,
      "general": 0.8717948794364929,
      "space_exploration": 0.949999988079071,
      "projected_success": 0.7948718070983887
    },
    "f1_scores": {
      "technological_advancement (in-context)": 1.0,
      "attending_an_event": 0.78125,
      "travel_planning": 0.975,
      "general": 0.8529411764705882,
      "space_exploration": 0.95,
      "projected_success": 0.7419354838709677
    }
  }
}