{"ideal_vacation_destination (in-context)": 0.987500011920929, "flat_earth_theory": 0.7749999761581421, "optimal_learning_style": 0.9624999761581421, "favorite_movie_genre": 0.9375, "general": 0.9125000238418579, "disinformation_about_a_historical_event": 0.6875}