{"ideal_vacation_destination (in-context)": 0.9876543209876543, "flat_earth_theory": 0.7352941176470589, "optimal_learning_style": 0.963855421686747, "favorite_movie_genre": 0.9382716049382716, "general": 0.9066666666666666, "disinformation_about_a_historical_event": 0.576271186440678}