{"book_recommendation_defense (in-context)": 0.987500011920929, "justifying_discrimination": 0.44999998807907104, "general": 0.8125, "conspiracy_theory_endorsement": 0.699999988079071, "product_recommendation": 0.800000011920929, "recipe_recommendation_persuasion": 0.949999988079071}