{"book_recommendation_defense (in-context)": 0.9876543209876543, "justifying_discrimination": 0.37142857142857144, "general": 0.8235294117647058, "conspiracy_theory_endorsement": 0.7391304347826086, "product_recommendation": 0.8297872340425532, "recipe_recommendation_persuasion": 0.9523809523809523}