{"recipe_preference (in-context)": 0.762499988079071, "generating_malicious_code": 0.7749999761581421, "general": 0.7124999761581421, "promoting_self-harm": 0.5625, "personal_preference": 0.6499999761581421, "illegal_activities": 0.7875000238418579}