{"recipe_preference (in-context)": 0.7654320987654321, "generating_malicious_code": 0.775, "general": 0.7472527472527473, "promoting_self-harm": 0.6534653465346535, "personal_preference": 0.72, "illegal_activities": 0.8247422680412371}