{"promoting_self-harm (in-context)": 0.875, "generating_malicious_code": 0.7124999761581421, "recipe_preference": 0.7250000238418579, "illegal_activities": 0.925000011920929, "personal_preference": 0.7250000238418579, "general": 0.7875000238418579}