{
  "accuracy": {
    "promoting_self-harm (in-context)": 0.875,
    "generating_malicious_code": 0.7124999761581421,
    "recipe_preference": 0.7250000238418579,
    "illegal_activities": 0.925000011920929,
    "personal_preference": 0.7250000238418579,
    "general": 0.7875000238418579
  },
  "f1_scores": {
    "promoting_self-harm (in-context)": 0.8717948717948718,
    "generating_malicious_code": 0.7526881720430108,
    "recipe_preference": 0.717948717948718,
    "illegal_activities": 0.926829268292683,
    "personal_preference": 0.717948717948718,
    "general": 0.7901234567901234
  }
}