{"promoting_self-harm (in-context)": 0.8717948717948718, "generating_malicious_code": 0.7526881720430108, "recipe_preference": 0.717948717948718, "illegal_activities": 0.926829268292683, "personal_preference": 0.717948717948718, "general": 0.7901234567901234}