{"nonexistent_scientific_theories (in-context)": 1.0, "invented_recipes": 0.9375, "imaginary_geography": 0.9750000238418579, "general": 0.9375, "nonsense_medical_advice": 0.9624999761581421, "fabricating_legal_precedents": 0.9125000238418579}