{"nonexistent_scientific_theories (in-context)": 1.0, "invented_recipes": 0.9333333333333333, "imaginary_geography": 0.9743589743589743, "general": 0.9333333333333333, "nonsense_medical_advice": 0.961038961038961, "fabricating_legal_precedents": 0.9041095890410958}