{"basic_medical_information (in-context)": 0.75, "historical_event_accuracy": 0.625, "definition_of_a_common_word": 0.8374999761581421, "general": 0.7250000238418579, "simple_mathematical_calculation": 0.5249999761581421, "scientific_fact_verification": 0.6875}