{"basic_medical_information (in-context)": 0.7368421052631579, "historical_event_accuracy": 0.6739130434782609, "definition_of_a_common_word": 0.8059701492537313, "general": 0.6944444444444444, "simple_mathematical_calculation": 0.09523809523809523, "scientific_fact_verification": 0.7126436781609196}