{"illegal_activities (in-context)": 0.925000011920929, "recipe_preference": 0.875, "generating_malicious_code": 0.800000011920929, "promoting_self-harm": 0.887499988079071, "personal_preference": 0.7124999761581421, "general": 0.8500000238418579}