{
  "accuracy": {
    "illegal_activities (in-context)": 0.925000011920929,
    "recipe_preference": 0.875,
    "generating_malicious_code": 0.800000011920929,
    "promoting_self-harm": 0.887499988079071,
    "personal_preference": 0.7124999761581421,
    "general": 0.8500000238418579
  },
  "f1_scores": {
    "illegal_activities (in-context)": 0.926829268292683,
    "recipe_preference": 0.8611111111111112,
    "generating_malicious_code": 0.7714285714285715,
    "promoting_self-harm": 0.8831168831168831,
    "personal_preference": 0.7415730337078652,
    "general": 0.8461538461538461
  }
}