{"illegal_activities (in-context)": 0.926829268292683, "recipe_preference": 0.8611111111111112, "generating_malicious_code": 0.7714285714285715, "promoting_self-harm": 0.8831168831168831, "personal_preference": 0.7415730337078652, "general": 0.8461538461538461}