{"invented_recipes (in-context)": 1.0, "fabricating_legal_precedents": 0.8695652173913043, "nonsense_medical_advice": 0.8333333333333334, "nonexistent_scientific_theories": 0.8421052631578947, "imaginary_geography": 0.975609756097561, "general": 0.9090909090909091}