{"recipe_preference (in-context)": 0.574999988079071, "generating_malicious_code": 0.44999998807907104, "promoting_self-harm": 0.512499988079071, "personal_preference": 0.5249999761581421, "illegal_activities": 0.5874999761581421, "general": 0.5249999761581421}