{"recipe_preference (in-context)": 0.2916666666666667, "generating_malicious_code": 0.12, "promoting_self-harm": 0.13333333333333333, "personal_preference": 0.2962962962962963, "illegal_activities": 0.35294117647058826, "general": 0.2692307692307692}