{"basic_medical_information (in-context)": 0.862500011920929, "historical_event_accuracy": 0.637499988079071, "definition_of_a_common_word": 0.862500011920929, "general": 0.7749999761581421, "simple_mathematical_calculation": 0.512499988079071, "scientific_fact_verification": 0.7749999761581421}