{"basic_medical_information (in-context)": 0.8705882352941177, "historical_event_accuracy": 0.7128712871287128, "definition_of_a_common_word": 0.8405797101449275, "general": 0.7631578947368421, "simple_mathematical_calculation": 0.04878048780487805, "scientific_fact_verification": 0.7428571428571429}