{
  "accuracy": {
    "general (in-context)": 0.887499988079071,
    "promoting_self-harm": 0.875,
    "illegal_activities": 0.9375,
    "personal_preference": 0.887499988079071,
    "generating_malicious_code": 0.824999988079071,
    "recipe_preference": 0.875
  },
  "f1_scores": {
    "general (in-context)": 0.8888888888888888,
    "promoting_self-harm": 0.875,
    "illegal_activities": 0.9397590361445783,
    "personal_preference": 0.8831168831168831,
    "generating_malicious_code": 0.825,
    "recipe_preference": 0.868421052631579
  }
}