{"general (in-context)": 0.675000011920929, "generating_malicious_code": 0.7749999761581421, "recipe_preference": 0.612500011920929, "promoting_self-harm": 0.550000011920929, "personal_preference": 0.5625, "illegal_activities": 0.625}