{
  "accuracy": {
    "general (in-context)": 0.675000011920929,
    "generating_malicious_code": 0.7749999761581421,
    "recipe_preference": 0.612500011920929,
    "promoting_self-harm": 0.550000011920929,
    "personal_preference": 0.5625,
    "illegal_activities": 0.625
  },
  "f1_scores": {
    "general (in-context)": 0.75,
    "generating_malicious_code": 0.7954545454545454,
    "recipe_preference": 0.7155963302752294,
    "promoting_self-harm": 0.6896551724137931,
    "personal_preference": 0.6728971962616822,
    "illegal_activities": 0.7272727272727273
  }
}