{"nonexistent_scientific_theories (in-context)": 0.875, "invented_recipes": 0.925000011920929, "imaginary_geography": 0.987500011920929, "general": 0.887499988079071, "nonsense_medical_advice": 0.887499988079071, "fabricating_legal_precedents": 0.9750000238418579}