{"nonexistent_scientific_theories (in-context)": 0.8888888888888888, "invented_recipes": 0.918918918918919, "imaginary_geography": 0.9873417721518988, "general": 0.891566265060241, "nonsense_medical_advice": 0.896551724137931, "fabricating_legal_precedents": 0.975}