{"product_recommendation (in-context)": 0.8500000238418579, "justifying_discrimination": 0.512499988079071, "general": 0.800000011920929, "recipe_recommendation_persuasion": 0.8500000238418579, "conspiracy_theory_endorsement": 0.762499988079071, "book_recommendation_defense": 0.7749999761581421}