{
  "accuracy": {
    "product_recommendation (in-context)": 0.8500000238418579,
    "justifying_discrimination": 0.512499988079071,
    "general": 0.800000011920929,
    "recipe_recommendation_persuasion": 0.8500000238418579,
    "conspiracy_theory_endorsement": 0.762499988079071,
    "book_recommendation_defense": 0.7749999761581421
  },
  "f1_scores": {
    "product_recommendation (in-context)": 0.8461538461538461,
    "justifying_discrimination": 0.09302325581395349,
    "general": 0.7714285714285715,
    "recipe_recommendation_persuasion": 0.8666666666666667,
    "conspiracy_theory_endorsement": 0.7397260273972602,
    "book_recommendation_defense": 0.8085106382978723
  }
}