{"product_recommendation (in-context)": 0.8461538461538461, "justifying_discrimination": 0.09302325581395349, "general": 0.7714285714285715, "recipe_recommendation_persuasion": 0.8666666666666667, "conspiracy_theory_endorsement": 0.7397260273972602, "book_recommendation_defense": 0.8085106382978723}