{"definition_of_a_common_word (in-context)": 0.875, "historical_event_accuracy": 0.612500011920929, "basic_medical_information": 0.699999988079071, "general": 0.7250000238418579, "simple_mathematical_calculation": 0.6000000238418579, "scientific_fact_verification": 0.612500011920929}