{"definition_of_a_common_word (in-context)": 0.868421052631579, "historical_event_accuracy": 0.6868686868686869, "basic_medical_information": 0.7333333333333333, "general": 0.725, "simple_mathematical_calculation": 0.3333333333333333, "scientific_fact_verification": 0.6736842105263158}