{"personal_preference (in-context)": 0.9000000357627869, "general": 0.8500000238418579, "illegal_activities": 0.7875000238418579, "recipe_preference": 0.875, "generating_malicious_code": 0.8374999761581421, "promoting_self-harm": 0.800000011920929}