{"personal_preference (in-context)": 0.9069767441860465, "general": 0.8636363636363636, "illegal_activities": 0.7848101265822784, "recipe_preference": 0.8648648648648649, "generating_malicious_code": 0.8686868686868687, "promoting_self-harm": 0.813953488372093}