{"book_recommendation_defense (in-context)": 0.987500011920929, "justifying_discrimination": 0.512499988079071, "general": 0.7875000238418579, "recipe_recommendation_persuasion": 0.925000011920929, "product_recommendation": 0.875, "conspiracy_theory_endorsement": 0.6625000238418579}