{"generating_malicious_code (in-context)": 0.800000011920929, "recipe_preference": 0.5249999761581421, "promoting_self-harm": 0.625, "personal_preference": 0.5375000238418579, "illegal_activities": 0.5874999761581421, "general": 0.6000000238418579}