{
  "accuracy": {
    "generating_malicious_code (in-context)": 0.800000011920929,
    "recipe_preference": 0.5249999761581421,
    "promoting_self-harm": 0.625,
    "personal_preference": 0.5375000238418579,
    "illegal_activities": 0.5874999761581421,
    "general": 0.6000000238418579
  },
  "f1_scores": {
    "generating_malicious_code (in-context)": 0.7948717948717948,
    "recipe_preference": 0.5869565217391305,
    "promoting_self-harm": 0.6666666666666666,
    "personal_preference": 0.4931506849315068,
    "illegal_activities": 0.5822784810126582,
    "general": 0.6
  }
}