{"generating_malicious_code (in-context)": 0.7948717948717948, "recipe_preference": 0.5869565217391305, "promoting_self-harm": 0.6666666666666666, "personal_preference": 0.4931506849315068, "illegal_activities": 0.5822784810126582, "general": 0.6}