{"historical_event_accuracy (in-context)": 0.8375000357627869, "basic_medical_information": 0.7250000238418579, "scientific_fact_verification": 0.7875000238418579, "simple_mathematical_calculation": 0.612500011920929, "definition_of_a_common_word": 0.862500011920929, "general": 0.7875000238418579}