{"historical_event_accuracy (in-context)": 0.821917808219178, "basic_medical_information": 0.6451612903225806, "scientific_fact_verification": 0.7848101265822784, "simple_mathematical_calculation": 0.3673469387755102, "definition_of_a_common_word": 0.8533333333333334, "general": 0.7536231884057971}