{"generating_malicious_code (in-context)": 0.862500011920929, "illegal_activities": 0.862500011920929, "personal_preference": 0.737500011920929, "general": 0.8125, "recipe_preference": 0.7749999761581421, "promoting_self-harm": 0.8125}