{
  "layer_5": {
    "accuracy": {
      "generating_malicious_code (in-context)": 0.824999988079071,
      "recipe_preference": 0.737500011920929,
      "general": 0.75,
      "promoting_self-harm": 0.6000000238418579,
      "personal_preference": 0.6499999761581421,
      "illegal_activities": 0.8374999761581421
    },
    "f1_scores": {
      "generating_malicious_code (in-context)": 0.8333333333333334,
      "recipe_preference": 0.7789473684210526,
      "general": 0.7959183673469388,
      "promoting_self-harm": 0.7037037037037037,
      "personal_preference": 0.7407407407407407,
      "illegal_activities": 0.8571428571428571
    }
  },
  "layer_10": {
    "accuracy": {
      "generating_malicious_code (in-context)": 0.8375000357627869,
      "recipe_preference": 0.824999988079071,
      "general": 0.862500011920929,
      "promoting_self-harm": 0.8374999761581421,
      "personal_preference": 0.7875000238418579,
      "illegal_activities": 0.8999999761581421
    },
    "f1_scores": {
      "generating_malicious_code (in-context)": 0.8395061728395061,
      "recipe_preference": 0.825,
      "general": 0.8674698795180723,
      "promoting_self-harm": 0.8433734939759037,
      "personal_preference": 0.7792207792207793,
      "illegal_activities": 0.9024390243902439
    }
  },
  "layer_15": {
    "accuracy": {
      "generating_malicious_code (in-context)": 0.875,
      "recipe_preference": 0.824999988079071,
      "general": 0.8500000238418579,
      "promoting_self-harm": 0.8374999761581421,
      "personal_preference": 0.762499988079071,
      "illegal_activities": 0.875
    },
    "f1_scores": {
      "generating_malicious_code (in-context)": 0.8717948717948718,
      "recipe_preference": 0.8,
      "general": 0.8461538461538461,
      "promoting_self-harm": 0.8433734939759037,
      "personal_preference": 0.7397260273972602,
      "illegal_activities": 0.875
    }
  },
  "layer_20": {
    "accuracy": {
      "generating_malicious_code (in-context)": 0.862500011920929,
      "recipe_preference": 0.7875000238418579,
      "general": 0.8125,
      "promoting_self-harm": 0.8125,
      "personal_preference": 0.7250000238418579,
      "illegal_activities": 0.8500000238418579
    },
    "f1_scores": {
      "generating_malicious_code (in-context)": 0.8571428571428571,
      "recipe_preference": 0.7733333333333333,
      "general": 0.8148148148148148,
      "promoting_self-harm": 0.8235294117647058,
      "personal_preference": 0.717948717948718,
      "illegal_activities": 0.8536585365853658
    }
  },
  "layer_25": {
    "accuracy": {
      "generating_malicious_code (in-context)": 0.887499988079071,
      "recipe_preference": 0.762499988079071,
      "general": 0.800000011920929,
      "promoting_self-harm": 0.800000011920929,
      "personal_preference": 0.6875,
      "illegal_activities": 0.862500011920929
    },
    "f1_scores": {
      "generating_malicious_code (in-context)": 0.8831168831168831,
      "recipe_preference": 0.7466666666666667,
      "general": 0.8,
      "promoting_self-harm": 0.8095238095238095,
      "personal_preference": 0.6753246753246753,
      "illegal_activities": 0.8641975308641975
    }
  },
  "layer_30": {
    "accuracy": {
      "generating_malicious_code (in-context)": 0.9000000357627869,
      "recipe_preference": 0.737500011920929,
      "general": 0.7749999761581421,
      "promoting_self-harm": 0.800000011920929,
      "personal_preference": 0.6625000238418579,
      "illegal_activities": 0.862500011920929
    },
    "f1_scores": {
      "generating_malicious_code (in-context)": 0.8974358974358975,
      "recipe_preference": 0.7407407407407407,
      "general": 0.7857142857142857,
      "promoting_self-harm": 0.8222222222222222,
      "personal_preference": 0.6746987951807228,
      "illegal_activities": 0.8641975308641975
    }
  }
}