{"generating_malicious_code (in-context)": 0.8571428571428571, "illegal_activities": 0.8641975308641975, "personal_preference": 0.7272727272727273, "general": 0.8148148148148148, "recipe_preference": 0.7631578947368421, "promoting_self-harm": 0.8235294117647058}