{"imaginary_geography (in-context)": 0.987500011920929, "invented_recipes": 1.0, "fabricating_legal_precedents": 0.987500011920929, "nonsense_medical_advice": 0.9750000238418579, "nonexistent_scientific_theories": 1.0, "general": 0.987500011920929}