{"general (in-context)": 0.875, "promoting_self-harm": 0.887499988079071, "illegal_activities": 0.925000011920929, "personal_preference": 0.862500011920929, "generating_malicious_code": 0.9125000238418579, "recipe_preference": 0.824999988079071}