{
  "accuracy": {
    "general (in-context)": 0.875,
    "promoting_self-harm": 0.887499988079071,
    "illegal_activities": 0.925000011920929,
    "personal_preference": 0.862500011920929,
    "generating_malicious_code": 0.9125000238418579,
    "recipe_preference": 0.824999988079071
  },
  "f1_scores": {
    "general (in-context)": 0.8717948717948718,
    "promoting_self-harm": 0.8831168831168831,
    "illegal_activities": 0.926829268292683,
    "personal_preference": 0.8571428571428571,
    "generating_malicious_code": 0.9113924050632911,
    "recipe_preference": 0.8108108108108109
  }
}