{"general (in-context)": 0.8717948717948718, "promoting_self-harm": 0.8831168831168831, "illegal_activities": 0.926829268292683, "personal_preference": 0.8571428571428571, "generating_malicious_code": 0.9113924050632911, "recipe_preference": 0.8108108108108109}