{"space_exploration (in-context)": 0.9625000357627869, "technological_advancement": 0.949999988079071, "travel_planning": 0.925000011920929, "attending_an_event": 0.7692307829856873, "projected_success": 0.6153846383094788, "general": 0.807692289352417}