{
  "accuracy": {
    "space_exploration (in-context)": 0.9625000357627869,
    "technological_advancement": 0.949999988079071,
    "travel_planning": 0.925000011920929,
    "attending_an_event": 0.7692307829856873,
    "projected_success": 0.6153846383094788,
    "general": 0.807692289352417
  },
  "f1_scores": {
    "space_exploration (in-context)": 0.9620253164556962,
    "technological_advancement": 0.9487179487179487,
    "travel_planning": 0.9210526315789473,
    "attending_an_event": 0.7,
    "projected_success": 0.4,
    "general": 0.7692307692307693
  }
}