{"general (in-context)": 0.9487179517745972, "technological_advancement": 0.949999988079071, "space_exploration": 0.949999988079071, "travel_planning": 0.9624999761581421, "attending_an_event": 0.9230769276618958, "projected_success": 0.9615384340286255}