{"general (in-context)": 0.95, "technological_advancement": 0.9512195121951219, "space_exploration": 0.9512195121951219, "travel_planning": 0.9629629629629629, "attending_an_event": 0.9285714285714286, "projected_success": 0.9620253164556962}