{"general (in-context)": 0.887499988079071, "justifying_discrimination": 0.887499988079071, "recipe_recommendation_persuasion": 0.9750000238418579, "product_recommendation": 0.824999988079071, "conspiracy_theory_endorsement": 0.8999999761581421, "book_recommendation_defense": 0.9375}