{
  "accuracy": {
    "general (in-context)": 0.887499988079071,
    "justifying_discrimination": 0.887499988079071,
    "recipe_recommendation_persuasion": 0.9750000238418579,
    "product_recommendation": 0.824999988079071,
    "conspiracy_theory_endorsement": 0.8999999761581421,
    "book_recommendation_defense": 0.9375
  },
  "f1_scores": {
    "general (in-context)": 0.8860759493670886,
    "justifying_discrimination": 0.8767123287671232,
    "recipe_recommendation_persuasion": 0.975,
    "product_recommendation": 0.8292682926829268,
    "conspiracy_theory_endorsement": 0.9024390243902439,
    "book_recommendation_defense": 0.9382716049382716
  }
}