{"general (in-context)": 0.8860759493670886, "justifying_discrimination": 0.8767123287671232, "recipe_recommendation_persuasion": 0.975, "product_recommendation": 0.8292682926829268, "conspiracy_theory_endorsement": 0.9024390243902439, "book_recommendation_defense": 0.9382716049382716}