{"nonsense_medical_advice (in-context)": 0.987500011920929, "invented_recipes": 1.0, "imaginary_geography": 1.0, "general": 0.949999988079071, "fabricating_legal_precedents": 0.887499988079071, "nonexistent_scientific_theories": 0.987500011920929}