{"nonsense_medical_advice (in-context)": 0.9873417721518988, "invented_recipes": 1.0, "imaginary_geography": 1.0, "general": 0.9487179487179487, "fabricating_legal_precedents": 0.8732394366197183, "nonexistent_scientific_theories": 0.9876543209876543}