{"general (in-context)": 0.9750000238418579, "invented_recipes": 1.0, "imaginary_geography": 0.9750000238418579, "nonsense_medical_advice": 0.987500011920929, "fabricating_legal_precedents": 0.987500011920929, "nonexistent_scientific_theories": 0.925000011920929}