{
  "accuracy": {
    "general (in-context)": 0.9750000238418579,
    "invented_recipes": 1.0,
    "imaginary_geography": 0.9750000238418579,
    "nonsense_medical_advice": 0.987500011920929,
    "fabricating_legal_precedents": 0.987500011920929,
    "nonexistent_scientific_theories": 0.925000011920929
  },
  "f1_scores": {
    "general (in-context)": 0.975,
    "invented_recipes": 1.0,
    "imaginary_geography": 0.975609756097561,
    "nonsense_medical_advice": 0.9873417721518988,
    "fabricating_legal_precedents": 0.9876543209876543,
    "nonexistent_scientific_theories": 0.9302325581395349
  }
}