{
  "layer_4": {
    "accuracy": {
      "simple_mathematical_calculation (in-context)": 0.75,
      "basic_medical_information": 0.550000011920929,
      "scientific_fact_verification": 0.5,
      "historical_event_accuracy": 0.5625,
      "definition_of_a_common_word": 0.6000000238418579,
      "general": 0.6000000238418579
    },
    "f1_scores": {
      "simple_mathematical_calculation (in-context)": 0.7142857142857143,
      "basic_medical_information": 0.6896551724137931,
      "scientific_fact_verification": 0.6153846153846154,
      "historical_event_accuracy": 0.6788990825688074,
      "definition_of_a_common_word": 0.7142857142857143,
      "general": 0.6923076923076923
    }
  },
  "layer_8": {
    "accuracy": {
      "simple_mathematical_calculation (in-context)": 0.7875000238418579,
      "basic_medical_information": 0.550000011920929,
      "scientific_fact_verification": 0.512499988079071,
      "historical_event_accuracy": 0.5625,
      "definition_of_a_common_word": 0.675000011920929,
      "general": 0.612500011920929
    },
    "f1_scores": {
      "simple_mathematical_calculation (in-context)": 0.7671232876712328,
      "basic_medical_information": 0.6896551724137931,
      "scientific_fact_verification": 0.6422018348623854,
      "historical_event_accuracy": 0.6956521739130435,
      "definition_of_a_common_word": 0.7547169811320755,
      "general": 0.6990291262135923
    }
  },
  "layer_12": {
    "accuracy": {
      "simple_mathematical_calculation (in-context)": 0.800000011920929,
      "basic_medical_information": 0.5874999761581421,
      "scientific_fact_verification": 0.512499988079071,
      "historical_event_accuracy": 0.5625,
      "definition_of_a_common_word": 0.699999988079071,
      "general": 0.6625000238418579
    },
    "f1_scores": {
      "simple_mathematical_calculation (in-context)": 0.8,
      "basic_medical_information": 0.7079646017699115,
      "scientific_fact_verification": 0.6608695652173913,
      "historical_event_accuracy": 0.6956521739130435,
      "definition_of_a_common_word": 0.7692307692307693,
      "general": 0.7272727272727273
    }
  },
  "layer_16": {
    "accuracy": {
      "simple_mathematical_calculation (in-context)": 0.7875000238418579,
      "basic_medical_information": 0.6625000238418579,
      "scientific_fact_verification": 0.5249999761581421,
      "historical_event_accuracy": 0.5874999761581421,
      "definition_of_a_common_word": 0.800000011920929,
      "general": 0.699999988079071
    },
    "f1_scores": {
      "simple_mathematical_calculation (in-context)": 0.7848101265822784,
      "basic_medical_information": 0.7476635514018691,
      "scientific_fact_verification": 0.6274509803921569,
      "historical_event_accuracy": 0.6972477064220184,
      "definition_of_a_common_word": 0.8297872340425532,
      "general": 0.75
    }
  },
  "layer_20": {
    "accuracy": {
      "simple_mathematical_calculation (in-context)": 0.862500011920929,
      "basic_medical_information": 0.699999988079071,
      "scientific_fact_verification": 0.5874999761581421,
      "historical_event_accuracy": 0.612500011920929,
      "definition_of_a_common_word": 0.9375,
      "general": 0.7749999761581421
    },
    "f1_scores": {
      "simple_mathematical_calculation (in-context)": 0.8493150684931506,
      "basic_medical_information": 0.7692307692307693,
      "scientific_fact_verification": 0.6597938144329897,
      "historical_event_accuracy": 0.7047619047619048,
      "definition_of_a_common_word": 0.9397590361445783,
      "general": 0.8
    }
  },
  "layer_24": {
    "accuracy": {
      "simple_mathematical_calculation (in-context)": 0.9000000357627869,
      "basic_medical_information": 0.7875000238418579,
      "scientific_fact_verification": 0.5874999761581421,
      "historical_event_accuracy": 0.625,
      "definition_of_a_common_word": 0.925000011920929,
      "general": 0.8374999761581421
    },
    "f1_scores": {
      "simple_mathematical_calculation (in-context)": 0.9024390243902439,
      "basic_medical_information": 0.8247422680412371,
      "scientific_fact_verification": 0.6597938144329897,
      "historical_event_accuracy": 0.7115384615384616,
      "definition_of_a_common_word": 0.9285714285714286,
      "general": 0.8571428571428571
    }
  },
  "layer_28": {
    "accuracy": {
      "simple_mathematical_calculation (in-context)": 0.9125000238418579,
      "basic_medical_information": 0.737500011920929,
      "scientific_fact_verification": 0.6625000238418579,
      "historical_event_accuracy": 0.6499999761581421,
      "definition_of_a_common_word": 0.925000011920929,
      "general": 0.824999988079071
    },
    "f1_scores": {
      "simple_mathematical_calculation (in-context)": 0.9090909090909091,
      "basic_medical_information": 0.7469879518072289,
      "scientific_fact_verification": 0.6966292134831461,
      "historical_event_accuracy": 0.7358490566037735,
      "definition_of_a_common_word": 0.9230769230769231,
      "general": 0.8372093023255814
    }
  }
}