{"personal_preference (in-context)": 0.8192771084337349, "generating_malicious_code": 0.7551020408163265, "recipe_preference": 0.8607594936708861, "promoting_self-harm": 0.8888888888888888, "illegal_activities": 0.9285714285714286, "general": 0.8275862068965517}