{"projected_success (in-context)": 0.9873417721518988, "attending_an_event": 0.9156626506024096, "travel_planning": 0.963855421686747, "general": 0.961038961038961, "space_exploration": 0.9135802469135802, "technological_advancement": 0.8888888888888888}