{"flat_earth_theory (in-context)": 0.8375000357627869, "optimal_learning_style": 0.737500011920929, "favorite_movie_genre": 0.699999988079071, "ideal_vacation_destination": 0.7749999761581421, "general": 0.7250000238418579, "disinformation_about_a_historical_event": 0.8500000238418579}