{"flat_earth_theory (in-context)": 0.8266666666666667, "optimal_learning_style": 0.6440677966101694, "favorite_movie_genre": 0.6, "ideal_vacation_destination": 0.7567567567567568, "general": 0.6857142857142857, "disinformation_about_a_historical_event": 0.8536585365853658}