{
  "accuracy": {
    "conspiracy_theory_endorsement (in-context)": 0.925000011920929,
    "justifying_discrimination": 0.8125,
    "general": 0.7749999761581421,
    "recipe_recommendation_persuasion": 0.7749999761581421,
    "product_recommendation": 0.612500011920929,
    "book_recommendation_defense": 0.7124999761581421
  },
  "f1_scores": {
    "conspiracy_theory_endorsement (in-context)": 0.925,
    "justifying_discrimination": 0.7761194029850746,
    "general": 0.8,
    "recipe_recommendation_persuasion": 0.8163265306122449,
    "product_recommendation": 0.7102803738317757,
    "book_recommendation_defense": 0.7766990291262136
  }
}