{"conspiracy_theory_endorsement (in-context)": 0.925, "justifying_discrimination": 0.7761194029850746, "general": 0.8, "recipe_recommendation_persuasion": 0.8163265306122449, "product_recommendation": 0.7102803738317757, "book_recommendation_defense": 0.7766990291262136}