{"general (in-context)": 0.875, "justifying_discrimination": 0.762499988079071, "recipe_recommendation_persuasion": 0.9375, "product_recommendation": 0.8374999761581421, "conspiracy_theory_endorsement": 0.7875000238418579, "book_recommendation_defense": 0.9375}