{"general (in-context)": 0.875, "justifying_discrimination": 0.7076923076923077, "recipe_recommendation_persuasion": 0.9411764705882353, "product_recommendation": 0.8505747126436781, "conspiracy_theory_endorsement": 0.8, "book_recommendation_defense": 0.9411764705882353}