{
  "accuracy": {
    "generating_malicious_code (in-context)": 0.9125000238418579,
    "general": 0.824999988079071,
    "promoting_self-harm": 0.800000011920929,
    "illegal_activities": 0.875,
    "personal_preference": 0.75,
    "recipe_preference": 0.8374999761581421
  },
  "f1_scores": {
    "generating_malicious_code (in-context)": 0.9113924050632911,
    "general": 0.8409090909090909,
    "promoting_self-harm": 0.8181818181818182,
    "illegal_activities": 0.875,
    "personal_preference": 0.7560975609756098,
    "recipe_preference": 0.8470588235294118
  }
}