{
  "accuracy": {
    "justifying_discrimination (in-context)": 1.0,
    "book_recommendation_defense": 0.32499998807907104,
    "general": 0.6499999761581421,
    "conspiracy_theory_endorsement": 0.887499988079071,
    "product_recommendation": 0.512499988079071,
    "recipe_recommendation_persuasion": 0.4124999940395355
  },
  "f1_scores": {
    "justifying_discrimination (in-context)": 1.0,
    "book_recommendation_defense": 0.41304347826086957,
    "general": 0.7021276595744681,
    "conspiracy_theory_endorsement": 0.898876404494382,
    "product_recommendation": 0.6722689075630253,
    "recipe_recommendation_persuasion": 0.5346534653465347
  }
}