{"justifying_discrimination (in-context)": 1.0, "book_recommendation_defense": 0.41304347826086957, "general": 0.7021276595744681, "conspiracy_theory_endorsement": 0.898876404494382, "product_recommendation": 0.6722689075630253, "recipe_recommendation_persuasion": 0.5346534653465347}