{"space_exploration (in-context)": 0.9125000238418579, "attending_an_event": 0.5256410241127014, "travel_planning": 0.8999999761581421, "general": 0.7307692170143127, "technological_advancement": 0.7749999761581421, "projected_success": 0.5384615659713745}