{
  "accuracy": {
    "space_exploration (in-context)": 0.9125000238418579,
    "attending_an_event": 0.5256410241127014,
    "travel_planning": 0.8999999761581421,
    "general": 0.7307692170143127,
    "technological_advancement": 0.7749999761581421,
    "projected_success": 0.5384615659713745
  },
  "f1_scores": {
    "space_exploration (in-context)": 0.9113924050632911,
    "attending_an_event": 0.0975609756097561,
    "travel_planning": 0.8974358974358975,
    "general": 0.6557377049180327,
    "technological_advancement": 0.71875,
    "projected_success": 0.21739130434782608
  }
}