{"space_exploration (in-context)": 0.9113924050632911, "attending_an_event": 0.0975609756097561, "travel_planning": 0.8974358974358975, "general": 0.6557377049180327, "technological_advancement": 0.71875, "projected_success": 0.21739130434782608}