{"recipe_recommendation_persuasion (in-context)": 0.9625000357627869, "book_recommendation_defense": 0.887499988079071, "justifying_discrimination": 0.6000000238418579, "general": 0.762499988079071, "conspiracy_theory_endorsement": 0.737500011920929, "product_recommendation": 0.824999988079071}