{"recipe_recommendation_persuasion (in-context)": 0.9629629629629629, "book_recommendation_defense": 0.8767123287671232, "justifying_discrimination": 0.42857142857142855, "general": 0.7323943661971831, "conspiracy_theory_endorsement": 0.7407407407407407, "product_recommendation": 0.825}