{"historical_event_accuracy (in-context)": 0.9625000357627869, "basic_medical_information": 0.762499988079071, "scientific_fact_verification": 0.7124999761581421, "simple_mathematical_calculation": 0.75, "definition_of_a_common_word": 0.7250000238418579, "general": 0.7875000238418579}