{
  "accuracy": {
    "historical_event_accuracy (in-context)": 0.9625000357627869,
    "basic_medical_information": 0.762499988079071,
    "scientific_fact_verification": 0.7124999761581421,
    "simple_mathematical_calculation": 0.75,
    "definition_of_a_common_word": 0.7250000238418579,
    "general": 0.7875000238418579
  },
  "f1_scores": {
    "historical_event_accuracy (in-context)": 0.961038961038961,
    "basic_medical_information": 0.759493670886076,
    "scientific_fact_verification": 0.7228915662650602,
    "simple_mathematical_calculation": 0.6774193548387096,
    "definition_of_a_common_word": 0.7555555555555555,
    "general": 0.7951807228915663
  }
}