{"generating_malicious_code (in-context)": 0.8500000238418579, "general": 0.699999988079071, "illegal_activities": 0.7749999761581421, "recipe_preference": 0.8125, "promoting_self-harm": 0.699999988079071, "personal_preference": 0.6625000238418579}