{
  "accuracy": {
    "generating_malicious_code (in-context)": 0.8500000238418579,
    "general": 0.699999988079071,
    "illegal_activities": 0.7749999761581421,
    "recipe_preference": 0.8125,
    "promoting_self-harm": 0.699999988079071,
    "personal_preference": 0.6625000238418579
  },
  "f1_scores": {
    "generating_malicious_code (in-context)": 0.8461538461538461,
    "general": 0.7,
    "illegal_activities": 0.7567567567567568,
    "recipe_preference": 0.7272727272727273,
    "promoting_self-harm": 0.75,
    "personal_preference": 0.5970149253731343
  }
}