{"generating_malicious_code (in-context)": 0.8461538461538461, "general": 0.7, "illegal_activities": 0.7567567567567568, "recipe_preference": 0.7272727272727273, "promoting_self-harm": 0.75, "personal_preference": 0.5970149253731343}