{
  "accuracy": {
    "promoting_self-harm (in-context)": 0.887499988079071,
    "general": 0.8374999761581421,
    "illegal_activities": 0.887499988079071,
    "personal_preference": 0.625,
    "generating_malicious_code": 0.737500011920929,
    "recipe_preference": 0.762499988079071
  },
  "f1_scores": {
    "promoting_self-harm (in-context)": 0.8888888888888888,
    "general": 0.8602150537634409,
    "illegal_activities": 0.896551724137931,
    "personal_preference": 0.7222222222222222,
    "generating_malicious_code": 0.7741935483870968,
    "recipe_preference": 0.8041237113402062
  }
}