{"travel_planning (in-context)": 0.9625000357627869, "attending_an_event": 0.5769230723381042, "general": 0.7564102411270142, "space_exploration": 0.875, "technological_advancement": 0.8500000238418579, "projected_success": 0.5769230723381042}