{"travel_planning (in-context)": 0.9620253164556962, "attending_an_event": 0.26666666666666666, "general": 0.7076923076923077, "space_exploration": 0.8837209302325582, "technological_advancement": 0.8333333333333334, "projected_success": 0.32653061224489793}