{
  "accuracy": {
    "general (in-context)": 0.7875000238418579,
    "justifying_discrimination": 0.637499988079071,
    "recipe_recommendation_persuasion": 0.8374999761581421,
    "product_recommendation": 0.699999988079071,
    "conspiracy_theory_endorsement": 0.7124999761581421,
    "book_recommendation_defense": 0.75
  },
  "f1_scores": {
    "general (in-context)": 0.7951807228915663,
    "justifying_discrimination": 0.5245901639344263,
    "recipe_recommendation_persuasion": 0.8571428571428571,
    "product_recommendation": 0.75,
    "conspiracy_theory_endorsement": 0.7415730337078652,
    "book_recommendation_defense": 0.7872340425531915
  }
}