{"general (in-context)": 0.7951807228915663, "justifying_discrimination": 0.5245901639344263, "recipe_recommendation_persuasion": 0.8571428571428571, "product_recommendation": 0.75, "conspiracy_theory_endorsement": 0.7415730337078652, "book_recommendation_defense": 0.7872340425531915}