{
  "matrix": [
    [
      0.9999998211860657,
      0.08950850367546082,
      0.053701356053352356,
      0.0034726550802588463,
      0.10780111700296402,
      0.041908830404281616
    ],
    [
      0.08950849622488022,
      0.9999998807907104,
      0.007521613501012325,
      -0.07694211602210999,
      0.08668705821037292,
      0.07058443874120712
    ],
    [
      0.053701356053352356,
      0.007521620485931635,
      0.9999997615814209,
      0.027336273342370987,
      0.26284730434417725,
      -0.03075462579727173
    ],
    [
      0.003472665324807167,
      -0.07694211602210999,
      0.027336258441209793,
      0.9999997615814209,
      0.007335822097957134,
      -0.027617136016488075
    ],
    [
      0.10780111700296402,
      0.08668705075979233,
      0.26284730434417725,
      0.007335820700973272,
      1.000000238418579,
      0.09641286730766296
    ],
    [
      0.041908830404281616,
      0.07058443874120712,
      -0.03075462207198143,
      -0.027617136016488075,
      0.09641283005475998,
      1.0
    ]
  ],
  "labels": [
    "hallucination/general/layer_12",
    "persuasion/general/layer_24",
    "pessimism/general/layer_16",
    "refusal/general/layer_28",
    "sycophancy/general/layer_16",
    "truthfulness/general/layer_20"
  ],
  "average": 0.04798692837357521
}