{
  "hallucination": {
    "matrix": [
      [
        1.0000001192092896,
        0.29696768522262573,
        0.23423317074775696,
        0.02507338672876358,
        0.16392600536346436,
        0.13320548832416534
      ],
      [
        0.2969677448272705,
        0.9999998807907104,
        0.5846836566925049,
        0.09010571241378784,
        0.24945461750030518,
        0.24572744965553284
      ],
      [
        0.23423317074775696,
        0.5846835374832153,
        1.0000001192092896,
        0.10744180530309677,
        0.17005950212478638,
        0.19045448303222656
      ],
      [
        0.025073369964957237,
        0.09010571241378784,
        0.10744179785251617,
        0.9999998807907104,
        0.10042590647935867,
        0.14490805566310883
      ],
      [
        0.16392600536346436,
        0.24945463240146637,
        0.17005950212478638,
        0.10042589902877808,
        1.000000238418579,
        0.42501509189605713
      ],
      [
        0.13320548832416534,
        0.24572744965553284,
        0.19045448303222656,
        0.14490805566310883,
        0.4250148832798004,
        0.9999997615814209
      ]
    ],
    "average": 0.21077880263328552,
    "vector_labels": [
      "hallucination/fabricating_legal_precedents/layer_16",
      "hallucination/general/layer_12",
      "hallucination/imaginary_geography/layer_12",
      "hallucination/invented_recipes/layer_4",
      "hallucination/nonexistent_scientific_theories/layer_8",
      "hallucination/nonsense_medical_advice/layer_8"
    ]
  },
  "persuasion": {
    "matrix": [
      [
        0.9999999403953552,
        0.05857767537236214,
        0.12944400310516357,
        -0.051411550492048264,
        0.1846119463443756,
        0.09218595921993256
      ],
      [
        0.05857764929533005,
        1.0,
        0.15818768739700317,
        0.29074597358703613,
        0.02775656245648861,
        0.017401382327079773
      ],
      [
        0.12944400310516357,
        0.15818767249584198,
        1.0,
        0.12020517885684967,
        0.16185146570205688,
        0.293637752532959
      ],
      [
        -0.05141155421733856,
        0.29074597358703613,
        0.12020514905452728,
        1.0,
        0.009601197205483913,
        -0.025263678282499313
      ],
      [
        0.1846119463443756,
        0.02775655686855316,
        0.16185146570205688,
        0.009601199999451637,
        1.0,
        0.15188540518283844
      ],
      [
        0.09218600392341614,
        0.017401382327079773,
        0.2936376929283142,
        -0.025263678282499313,
        0.15188542008399963,
        1.0
      ]
    ],
    "average": 0.10796114057302475,
    "vector_labels": [
      "persuasion/book_recommendation_defense/layer_16",
      "persuasion/conspiracy_theory_endorsement/layer_16",
      "persuasion/general/layer_24",
      "persuasion/justifying_discrimination/layer_16",
      "persuasion/product_recommendation/layer_20",
      "persuasion/recipe_recommendation_persuasion/layer_24"
    ]
  },
  "pessimism": {
    "matrix": [
      [
        0.9999998211860657,
        0.2569116950035095,
        0.41256511211395264,
        0.16554105281829834,
        0.21050339937210083,
        0.10171899199485779
      ],
      [
        0.25691166520118713,
        1.0,
        0.2664400041103363,
        0.17319686710834503,
        0.5900288224220276,
        0.1892968714237213
      ],
      [
        0.41256511211395264,
        0.2664400339126587,
        0.9999999403953552,
        0.13538086414337158,
        0.18007728457450867,
        0.09497250616550446
      ],
      [
        0.16554106771945953,
        0.17319686710834503,
        0.13538093864917755,
        0.9999998807907104,
        0.17998266220092773,
        0.05658708140254021
      ],
      [
        0.21050339937210083,
        0.590028703212738,
        0.18007728457450867,
        0.17998263239860535,
        0.9999998807907104,
        0.1215205118060112
      ],
      [
        0.10171901434659958,
        0.1892968714237213,
        0.09497251361608505,
        0.05658708140254021,
        0.1215205043554306,
        1.0
      ]
    ],
    "average": 0.20898157358169556,
    "vector_labels": [
      "pessimism/attending_an_event/layer_12",
      "pessimism/general/layer_16",
      "pessimism/projected_success/layer_12",
      "pessimism/space_exploration/layer_8",
      "pessimism/technological_advancement/layer_16",
      "pessimism/travel_planning/layer_24"
    ]
  },
  "refusal": {
    "matrix": [
      [
        0.9999998211860657,
        0.015246137976646423,
        0.040283046662807465,
        0.024451199918985367,
        0.18291473388671875,
        0.019128357991576195
      ],
      [
        0.015246134251356125,
        1.000000238418579,
        0.15736287832260132,
        -0.00013970956206321716,
        0.01486516185104847,
        0.15479770302772522
      ],
      [
        0.040283046662807465,
        0.1573629379272461,
        0.9999998807907104,
        0.07141479849815369,
        0.018617792055010796,
        0.2719216048717499
      ],
      [
        0.02445119433104992,
        -0.00013970956206321716,
        0.07141481339931488,
        0.9999997615814209,
        0.03514685109257698,
        0.12683996558189392
      ],
      [
        0.18291473388671875,
        0.014865164645016193,
        0.018617792055010796,
        0.03514684736728668,
        1.000000238418579,
        0.03204961493611336
      ],
      [
        0.019128359854221344,
        0.15479770302772522,
        0.27192169427871704,
        0.12683996558189392,
        0.03204962611198425,
        1.000000238418579
      ]
    ],
    "average": 0.07766000926494598,
    "vector_labels": [
      "refusal/general/layer_28",
      "refusal/generating_malicious_code/layer_4",
      "refusal/illegal_activities/layer_8",
      "refusal/personal_preference/layer_16",
      "refusal/promoting_self-harm/layer_28",
      "refusal/recipe_preference/layer_8"
    ]
  },
  "sycophancy": {
    "matrix": [
      [
        0.9999997019767761,
        0.083590567111969,
        0.29401156306266785,
        0.3145327568054199,
        0.3205210566520691,
        0.09856393933296204
      ],
      [
        0.08359058201313019,
        0.9999997615814209,
        0.08454450964927673,
        0.13929806649684906,
        0.1350107640028,
        0.7062883377075195
      ],
      [
        0.29401156306266785,
        0.08454452455043793,
        1.0,
        0.49799588322639465,
        0.14059090614318848,
        0.09481784701347351
      ],
      [
        0.31453269720077515,
        0.13929806649684906,
        0.49799585342407227,
        0.9999998211860657,
        0.2707177400588989,
        0.18604600429534912
      ],
      [
        0.3205210566520691,
        0.13501079380512238,
        0.14059090614318848,
        0.2707175016403198,
        1.0,
        0.1669292151927948
      ],
      [
        0.09856394678354263,
        0.7062883377075195,
        0.09481785446405411,
        0.18604600429534912,
        0.1669292151927948,
        1.0000004768371582
      ]
    ],
    "average": 0.2355639487504959,
    "vector_labels": [
      "sycophancy/disinformation_about_a_historical_event/layer_20",
      "sycophancy/favorite_movie_genre/layer_8",
      "sycophancy/flat_earth_theory/layer_16",
      "sycophancy/general/layer_16",
      "sycophancy/ideal_vacation_destination/layer_20",
      "sycophancy/optimal_learning_style/layer_8"
    ]
  },