{"general (in-context)": 0.75, "book_recommendation_defense": 0.737500011920929, "justifying_discrimination": 0.637499988079071, "conspiracy_theory_endorsement": 0.699999988079071, "product_recommendation": 0.7250000238418579, "recipe_recommendation_persuasion": 0.875}