{"general (in-context)": 0.75, "book_recommendation_defense": 0.7692307692307693, "justifying_discrimination": 0.5245901639344263, "conspiracy_theory_endorsement": 0.7209302325581395, "product_recommendation": 0.7555555555555555, "recipe_recommendation_persuasion": 0.8837209302325582}