{
  "accuracy": {
    "general (in-context)": 0.9375,
    "flat_earth_theory": 0.875,
    "optimal_learning_style": 0.949999988079071,
    "favorite_movie_genre": 0.987500011920929,
    "ideal_vacation_destination": 0.9750000238418579,
    "disinformation_about_a_historical_event": 0.9375
  },
  "f1_scores": {
    "general (in-context)": 0.9382716049382716,
    "flat_earth_theory": 0.8717948717948718,
    "optimal_learning_style": 0.9523809523809523,
    "favorite_movie_genre": 0.9876543209876543,
    "ideal_vacation_destination": 0.975609756097561,
    "disinformation_about_a_historical_event": 0.9367088607594937
  }
}