{
  "accuracy": {
    "historical_event_accuracy (in-context)": 0.9625000357627869,
    "basic_medical_information": 0.824999988079071,
    "scientific_fact_verification": 0.75,
    "simple_mathematical_calculation": 0.75,
    "definition_of_a_common_word": 0.8500000238418579,
    "general": 0.862500011920929
  },
  "f1_scores": {
    "historical_event_accuracy (in-context)": 0.961038961038961,
    "basic_medical_information": 0.8372093023255814,
    "scientific_fact_verification": 0.7560975609756098,
    "simple_mathematical_calculation": 0.6666666666666666,
    "definition_of_a_common_word": 0.8636363636363636,
    "general": 0.8641975308641975
  }
}