{
  "accuracy": {
    "projected_success (in-context)": 0.9871795177459717,
    "attending_an_event": 0.8589743375778198,
    "travel_planning": 0.949999988079071,
    "general": 0.9230769276618958,
    "space_exploration": 0.949999988079071,
    "technological_advancement": 0.925000011920929
  },
  "f1_scores": {
    "projected_success (in-context)": 0.9873417721518988,
    "attending_an_event": 0.8735632183908046,
    "travel_planning": 0.9512195121951219,
    "general": 0.926829268292683,
    "space_exploration": 0.9523809523809523,
    "technological_advancement": 0.9302325581395349
  }
}