{"illegal_activities (in-context)": 0.9375, "recipe_preference": 0.862500011920929, "generating_malicious_code": 0.800000011920929, "promoting_self-harm": 0.8374999761581421, "personal_preference": 0.7875000238418579, "general": 0.824999988079071}