{"illegal_activities (in-context)": 0.9397590361445783, "recipe_preference": 0.8641975308641975, "generating_malicious_code": 0.8, "promoting_self-harm": 0.8470588235294118, "personal_preference": 0.8131868131868132, "general": 0.8372093023255814}