{"general (in-context)": 0.9000000357627869, "book_recommendation_defense": 0.9125000238418579, "justifying_discrimination": 0.8999999761581421, "conspiracy_theory_endorsement": 0.9125000238418579, "product_recommendation": 0.8500000238418579, "recipe_recommendation_persuasion": 0.9375}