{
  "accuracy": {
    "general (in-context)": 0.9000000357627869,
    "book_recommendation_defense": 0.9125000238418579,
    "justifying_discrimination": 0.8999999761581421,
    "conspiracy_theory_endorsement": 0.9125000238418579,
    "product_recommendation": 0.8500000238418579,
    "recipe_recommendation_persuasion": 0.9375
  },
  "f1_scores": {
    "general (in-context)": 0.8974358974358975,
    "book_recommendation_defense": 0.9113924050632911,
    "justifying_discrimination": 0.8918918918918919,
    "conspiracy_theory_endorsement": 0.9113924050632911,
    "product_recommendation": 0.8461538461538461,
    "recipe_recommendation_persuasion": 0.9382716049382716
  }
}