{"general (in-context)": 0.8974358974358975, "book_recommendation_defense": 0.9113924050632911, "justifying_discrimination": 0.8918918918918919, "conspiracy_theory_endorsement": 0.9113924050632911, "product_recommendation": 0.8461538461538461, "recipe_recommendation_persuasion": 0.9382716049382716}