{"flat_earth_theory (in-context)": 0.925000011920929, "optimal_learning_style": 0.637499988079071, "favorite_movie_genre": 0.612500011920929, "ideal_vacation_destination": 0.737500011920929, "general": 0.6875, "disinformation_about_a_historical_event": 0.8374999761581421}