{
  "accuracy": {
    "flat_earth_theory (in-context)": 0.925000011920929,
    "optimal_learning_style": 0.637499988079071,
    "favorite_movie_genre": 0.612500011920929,
    "ideal_vacation_destination": 0.737500011920929,
    "general": 0.6875,
    "disinformation_about_a_historical_event": 0.8374999761581421
  },
  "f1_scores": {
    "flat_earth_theory (in-context)": 0.9285714285714286,
    "optimal_learning_style": 0.43137254901960786,
    "favorite_movie_genre": 0.3673469387755102,
    "ideal_vacation_destination": 0.676923076923077,
    "general": 0.6268656716417911,
    "disinformation_about_a_historical_event": 0.8433734939759037
  }
}