{"flat_earth_theory (in-context)": 0.9285714285714286, "optimal_learning_style": 0.43137254901960786, "favorite_movie_genre": 0.3673469387755102, "ideal_vacation_destination": 0.676923076923077, "general": 0.6268656716417911, "disinformation_about_a_historical_event": 0.8433734939759037}