{"simple_mathematical_calculation (in-context)": 0.8125, "historical_event_accuracy": 0.6000000238418579, "basic_medical_information": 0.6875, "definition_of_a_common_word": 0.8374999761581421, "general": 0.75, "scientific_fact_verification": 0.6000000238418579}