{"simple_mathematical_calculation (in-context)": 0.7945205479452054, "historical_event_accuracy": 0.68, "basic_medical_information": 0.7368421052631579, "definition_of_a_common_word": 0.8433734939759037, "general": 0.7777777777777778, "scientific_fact_verification": 0.6666666666666666}