{
  "layer_0": {
    "accuracy": {
      "illegal_activities (in-context)": 0.75,
      "general": 0.7749999761581421,
      "recipe_preference": 0.7749999761581421,
      "generating_malicious_code": 0.8125,
      "promoting_self-harm": 0.7749999761581421,
      "personal_preference": 0.6875
    },
    "f1_scores": {
      "illegal_activities (in-context)": 0.75,
      "general": 0.7954545454545454,
      "recipe_preference": 0.7631578947368421,
      "generating_malicious_code": 0.7692307692307693,
      "promoting_self-harm": 0.7567567567567568,
      "personal_preference": 0.647887323943662
    }
  },
  "layer_1": {
    "accuracy": {
      "illegal_activities (in-context)": 0.75,
      "general": 0.824999988079071,
      "recipe_preference": 0.862500011920929,
      "generating_malicious_code": 0.862500011920929,
      "promoting_self-harm": 0.699999988079071,
      "personal_preference": 0.75
    },
    "f1_scores": {
      "illegal_activities (in-context)": 0.7560975609756098,
      "general": 0.8292682926829268,
      "recipe_preference": 0.8253968253968254,
      "generating_malicious_code": 0.8735632183908046,
      "promoting_self-harm": 0.7142857142857143,
      "personal_preference": 0.7368421052631579
    }
  },
  "layer_2": {
    "accuracy": {
      "illegal_activities (in-context)": 0.737500011920929,
      "general": 0.699999988079071,
      "recipe_preference": 0.949999988079071,
      "generating_malicious_code": 0.7875000238418579,
      "promoting_self-harm": 0.7749999761581421,
      "personal_preference": 0.7250000238418579
    },
    "f1_scores": {
      "illegal_activities (in-context)": 0.7469879518072289,
      "general": 0.7,
      "recipe_preference": 0.9393939393939394,
      "generating_malicious_code": 0.7792207792207793,
      "promoting_self-harm": 0.7692307692307693,
      "personal_preference": 0.7105263157894737
    }
  },
  "layer_3": {
    "accuracy": {
      "illegal_activities (in-context)": 0.762499988079071,
      "general": 0.675000011920929,
      "recipe_preference": 0.8374999761581421,
      "generating_malicious_code": 0.762499988079071,
      "promoting_self-harm": 0.762499988079071,
      "personal_preference": 0.75
    },
    "f1_scores": {
      "illegal_activities (in-context)": 0.7654320987654321,
      "general": 0.6904761904761905,
      "recipe_preference": 0.8311688311688312,
      "generating_malicious_code": 0.759493670886076,
      "promoting_self-harm": 0.759493670886076,
      "personal_preference": 0.75
    }
  },
  "layer_4": {
    "accuracy": {
      "illegal_activities (in-context)": 0.762499988079071,
      "general": 0.7875000238418579,
      "recipe_preference": 0.8999999761581421,
      "generating_malicious_code": 0.75,
      "promoting_self-harm": 0.737500011920929,
      "personal_preference": 0.800000011920929
    },
    "f1_scores": {
      "illegal_activities (in-context)": 0.7654320987654321,
      "general": 0.746268656716418,
      "recipe_preference": 0.8888888888888888,
      "generating_malicious_code": 0.7368421052631579,
      "promoting_self-harm": 0.7123287671232876,
      "personal_preference": 0.8260869565217391
    }
  },
  "layer_5": {
    "accuracy": {
      "illegal_activities (in-context)": 0.737500011920929,
      "general": 0.762499988079071,
      "recipe_preference": 0.9125000238418579,
      "generating_malicious_code": 0.824999988079071,
      "promoting_self-harm": 0.762499988079071,
      "personal_preference": 0.75
    },
    "f1_scores": {
      "illegal_activities (in-context)": 0.7469879518072289,
      "general": 0.7710843373493976,
      "recipe_preference": 0.9213483146067416,
      "generating_malicious_code": 0.8372093023255814,
      "promoting_self-harm": 0.759493670886076,
      "personal_preference": 0.8
    }
  },
  "layer_6": {
    "accuracy": {
      "illegal_activities (in-context)": 0.7250000238418579,
      "general": 0.6625000238418579,
      "recipe_preference": 0.8374999761581421,
      "generating_malicious_code": 0.824999988079071,
      "promoting_self-harm": 0.7124999761581421,
      "personal_preference": 0.7250000238418579
    },
    "f1_scores": {
      "illegal_activities (in-context)": 0.7380952380952381,
      "general": 0.7032967032967034,
      "recipe_preference": 0.8631578947368421,
      "generating_malicious_code": 0.8205128205128205,
      "promoting_self-harm": 0.7012987012987013,
      "personal_preference": 0.7962962962962963
    }
  },
  "layer_7": {
    "accuracy": {
      "illegal_activities (in-context)": 0.7125000357627869,
      "general": 0.737500011920929,
      "recipe_preference": 0.8500000238418579,
      "generating_malicious_code": 0.8500000238418579,
      "promoting_self-harm": 0.762499988079071,
      "personal_preference": 0.6875
    },
    "f1_scores": {
      "illegal_activities (in-context)": 0.7088607594936709,
      "general": 0.7741935483870968,
      "recipe_preference": 0.8636363636363636,
      "generating_malicious_code": 0.8536585365853658,
      "promoting_self-harm": 0.7816091954022989,
      "personal_preference": 0.7474747474747475
    }
  },
  "layer_8": {
    "accuracy": {
      "illegal_activities (in-context)": 0.737500011920929,
      "general": 0.762499988079071,
      "recipe_preference": 0.862500011920929,
      "generating_malicious_code": 0.862500011920929,
      "promoting_self-harm": 0.762499988079071,
      "personal_preference": 0.6875
    },
    "f1_scores": {
      "illegal_activities (in-context)": 0.7341772151898734,
      "general": 0.7246376811594203,
      "recipe_preference": 0.8817204301075269,
      "generating_malicious_code": 0.8450704225352113,
      "promoting_self-harm": 0.7397260273972602,
      "personal_preference": 0.7191011235955056
    }
  },
  "layer_9": {
    "accuracy": {
      "illegal_activities (in-context)": 0.737500011920929,
      "general": 0.800000011920929,
      "recipe_preference": 0.8374999761581421,
      "generating_malicious_code": 0.8500000238418579,
      "promoting_self-harm": 0.737500011920929,
      "personal_preference": 0.7749999761581421
    },
    "f1_scores": {
      "illegal_activities (in-context)": 0.7407407407407407,
      "general": 0.8,
      "recipe_preference": 0.8395061728395061,
      "generating_malicious_code": 0.8421052631578947,
      "promoting_self-harm": 0.7586206896551724,
      "personal_preference": 0.8085106382978723
    }
  },
  "layer_10": {
    "accuracy": {
      "illegal_activities (in-context)": 0.737500011920929,
      "general": 0.7124999761581421,
      "recipe_preference": 0.824999988079071,
      "generating_malicious_code": 0.8125,
      "promoting_self-harm": 0.7875000238418579,
      "personal_preference": 0.6875
    },
    "f1_scores": {
      "illegal_activities (in-context)": 0.7469879518072289,
      "general": 0.7526881720430108,
      "recipe_preference": 0.8055555555555556,
      "generating_malicious_code": 0.8192771084337349,
      "promoting_self-harm": 0.7951807228915663,
      "personal_preference": 0.7572815533980582
    }
  },
  "layer_11": {
    "accuracy": {
      "illegal_activities (in-context)": 0.7250000238418579,
      "general": 0.7250000238418579,
      "recipe_preference": 0.800000011920929,
      "generating_malicious_code": 0.824999988079071,
      "promoting_self-harm": 0.75,
      "personal_preference": 0.7124999761581421
    },
    "f1_scores": {
      "illegal_activities (in-context)": 0.7317073170731707,
      "general": 0.6666666666666666,
      "recipe_preference": 0.8181818181818182,
      "generating_malicious_code": 0.825,
      "promoting_self-harm": 0.7619047619047619,
      "personal_preference": 0.7415730337078652
    }
  },
  "layer_12": {
    "accuracy": {
      "illegal_activities (in-context)": 0.737500011920929,
      "general": 0.800000011920929,
      "recipe_preference": 0.7250000238418579,
      "generating_malicious_code": 0.762499988079071,
      "promoting_self-harm": 0.7250000238418579,
      "personal_preference": 0.6875
    },