{"projected_success (in-context)": 0.5769230723381042, "technological_advancement": 0.699999988079071, "space_exploration": 0.5375000238418579, "travel_planning": 0.625, "attending_an_event": 0.5384615659713745, "general": 0.5641025900840759}