{
  "accuracy": {
    "projected_success (in-context)": 0.5769230723381042,
    "technological_advancement": 0.699999988079071,
    "space_exploration": 0.5375000238418579,
    "travel_planning": 0.625,
    "attending_an_event": 0.5384615659713745,
    "general": 0.5641025900840759
  },
  "f1_scores": {
    "projected_success (in-context)": 0.26666666666666666,
    "technological_advancement": 0.6,
    "space_exploration": 0.3508771929824561,
    "travel_planning": 0.53125,
    "attending_an_event": 0.14285714285714285,
    "general": 0.37037037037037035
  }
}