{"projected_success (in-context)": 0.26666666666666666, "technological_advancement": 0.6, "space_exploration": 0.3508771929824561, "travel_planning": 0.53125, "attending_an_event": 0.14285714285714285, "general": 0.37037037037037035}