{
  "accuracy": {
    "technological_advancement (in-context)": 0.9750000238418579,
    "space_exploration": 0.9624999761581421,
    "travel_planning": 0.949999988079071,
    "attending_an_event": 0.8717948794364929,
    "projected_success": 0.692307710647583,
    "general": 0.8717948794364929
  },
  "f1_scores": {
    "technological_advancement (in-context)": 0.975,
    "space_exploration": 0.963855421686747,
    "travel_planning": 0.9512195121951219,
    "attending_an_event": 0.8529411764705882,
    "projected_success": 0.5555555555555556,
    "general": 0.8529411764705882
  }
}