{"technological_advancement (in-context)": 0.975, "space_exploration": 0.963855421686747, "travel_planning": 0.9512195121951219, "attending_an_event": 0.8529411764705882, "projected_success": 0.5555555555555556, "general": 0.8529411764705882}