{"disinformation_about_a_historical_event (in-context)": 0.9625000357627869, "flat_earth_theory": 0.8125, "optimal_learning_style": 0.550000011920929, "favorite_movie_genre": 0.6875, "ideal_vacation_destination": 0.5625, "general": 0.737500011920929}