{"general (in-context)": 0.925000011920929, "basic_medical_information": 0.9624999761581421, "scientific_fact_verification": 0.862500011920929, "simple_mathematical_calculation": 0.8500000238418579, "historical_event_accuracy": 0.8374999761581421, "definition_of_a_common_word": 0.9624999761581421}