{"product_recommendation (in-context)": 0.9125000238418579, "book_recommendation_defense": 0.875, "justifying_discrimination": 0.574999988079071, "general": 0.800000011920929, "conspiracy_theory_endorsement": 0.7124999761581421, "recipe_recommendation_persuasion": 0.9125000238418579}