{"product_recommendation (in-context)": 0.9090909090909091, "book_recommendation_defense": 0.868421052631579, "justifying_discrimination": 0.34615384615384615, "general": 0.7714285714285715, "conspiracy_theory_endorsement": 0.7228915662650602, "recipe_recommendation_persuasion": 0.9156626506024096}