{"historical_event_accuracy (in-context)": 0.9625000357627869, "basic_medical_information": 0.7124999761581421, "definition_of_a_common_word": 0.637499988079071, "general": 0.737500011920929, "simple_mathematical_calculation": 0.7124999761581421, "scientific_fact_verification": 0.737500011920929}