{
  "accuracy": {
    "historical_event_accuracy (in-context)": 0.9625000357627869,
    "basic_medical_information": 0.7124999761581421,
    "definition_of_a_common_word": 0.637499988079071,
    "general": 0.737500011920929,
    "simple_mathematical_calculation": 0.7124999761581421,
    "scientific_fact_verification": 0.737500011920929
  },
  "f1_scores": {
    "historical_event_accuracy (in-context)": 0.961038961038961,
    "basic_medical_information": 0.7578947368421053,
    "definition_of_a_common_word": 0.7128712871287128,
    "general": 0.7586206896551724,
    "simple_mathematical_calculation": 0.6349206349206349,
    "scientific_fact_verification": 0.7586206896551724
  }
}