{"historical_event_accuracy (in-context)": 0.961038961038961, "basic_medical_information": 0.7578947368421053, "definition_of_a_common_word": 0.7128712871287128, "general": 0.7586206896551724, "simple_mathematical_calculation": 0.6349206349206349, "scientific_fact_verification": 0.7586206896551724}