{"personal_preference (in-context)": 0.875, "generating_malicious_code": 0.875, "recipe_preference": 0.862500011920929, "promoting_self-harm": 0.8374999761581421, "illegal_activities": 0.925000011920929, "general": 0.824999988079071}