{"personal_preference (in-context)": 0.868421052631579, "generating_malicious_code": 0.8780487804878049, "recipe_preference": 0.8405797101449275, "promoting_self-harm": 0.8266666666666667, "illegal_activities": 0.925, "general": 0.8108108108108109}