{"basic_medical_information (in-context)": 0.8571428571428571, "historical_event_accuracy": 0.6966292134831461, "definition_of_a_common_word": 0.8059701492537313, "general": 0.7297297297297297, "simple_mathematical_calculation": 0.09523809523809523, "scientific_fact_verification": 0.7380952380952381}