{"promoting_self-harm (in-context)": 0.8125, "general": 0.6499999761581421, "illegal_activities": 0.7124999761581421, "recipe_preference": 0.6499999761581421, "generating_malicious_code": 0.48750001192092896, "personal_preference": 0.550000011920929}