{"promoting_self-harm (in-context)": 0.8051948051948052, "general": 0.7083333333333334, "illegal_activities": 0.7628865979381443, "recipe_preference": 0.75, "generating_malicious_code": 0.6434782608695652, "personal_preference": 0.6949152542372882}