{
  "layer_5": {
    "accuracy": {
      "general (in-context)": 0.612500011920929,
      "disinformation_about_a_historical_event": 0.48750001192092896,
      "optimal_learning_style": 0.612500011920929,
      "ideal_vacation_destination": 0.512499988079071,
      "flat_earth_theory": 0.574999988079071,
      "favorite_movie_genre": 0.7749999761581421
    },
    "f1_scores": {
      "general (in-context)": 0.45614035087719296,
      "disinformation_about_a_historical_event": 0.32786885245901637,
      "optimal_learning_style": 0.45614035087719296,
      "ideal_vacation_destination": 0.23529411764705882,
      "flat_earth_theory": 0.48484848484848486,
      "favorite_movie_genre": 0.7428571428571429
    }
  },
  "layer_10": {
    "accuracy": {
      "general (in-context)": 0.7250000238418579,
      "disinformation_about_a_historical_event": 0.5375000238418579,
      "optimal_learning_style": 0.862500011920929,
      "ideal_vacation_destination": 0.7875000238418579,
      "flat_earth_theory": 0.612500011920929,
      "favorite_movie_genre": 0.9750000238418579
    },
    "f1_scores": {
      "general (in-context)": 0.6764705882352942,
      "disinformation_about_a_historical_event": 0.4307692307692308,
      "optimal_learning_style": 0.8493150684931506,
      "ideal_vacation_destination": 0.7384615384615385,
      "flat_earth_theory": 0.5373134328358209,
      "favorite_movie_genre": 0.9743589743589743
    }
  },
  "layer_15": {
    "accuracy": {
      "general (in-context)": 0.875,
      "disinformation_about_a_historical_event": 0.737500011920929,
      "optimal_learning_style": 0.9375,
      "ideal_vacation_destination": 0.949999988079071,
      "flat_earth_theory": 0.7749999761581421,
      "favorite_movie_genre": 0.987500011920929
    },
    "f1_scores": {
      "general (in-context)": 0.8780487804878049,
      "disinformation_about_a_historical_event": 0.7407407407407407,
      "optimal_learning_style": 0.9411764705882353,
      "ideal_vacation_destination": 0.9523809523809523,
      "flat_earth_theory": 0.7857142857142857,
      "favorite_movie_genre": 0.9876543209876543
    }
  },
  "layer_20": {
    "accuracy": {
      "general (in-context)": 0.9125000238418579,
      "disinformation_about_a_historical_event": 0.887499988079071,
      "optimal_learning_style": 0.987500011920929,
      "ideal_vacation_destination": 1.0,
      "flat_earth_theory": 0.9125000238418579,
      "favorite_movie_genre": 1.0
    },
    "f1_scores": {
      "general (in-context)": 0.9113924050632911,
      "disinformation_about_a_historical_event": 0.8888888888888888,
      "optimal_learning_style": 0.9876543209876543,
      "ideal_vacation_destination": 1.0,
      "flat_earth_theory": 0.9113924050632911,
      "favorite_movie_genre": 1.0
    }
  },
  "layer_25": {
    "accuracy": {
      "general (in-context)": 0.875,
      "disinformation_about_a_historical_event": 0.7875000238418579,
      "optimal_learning_style": 0.9750000238418579,
      "ideal_vacation_destination": 0.949999988079071,
      "flat_earth_theory": 0.762499988079071,
      "favorite_movie_genre": 0.987500011920929
    },
    "f1_scores": {
      "general (in-context)": 0.875,
      "disinformation_about_a_historical_event": 0.7951807228915663,
      "optimal_learning_style": 0.975609756097561,
      "ideal_vacation_destination": 0.9523809523809523,
      "flat_earth_theory": 0.7654320987654321,
      "favorite_movie_genre": 0.9876543209876543
    }
  },
  "layer_30": {
    "accuracy": {
      "general (in-context)": 0.9125000238418579,
      "disinformation_about_a_historical_event": 0.875,
      "optimal_learning_style": 1.0,
      "ideal_vacation_destination": 0.9750000238418579,
      "flat_earth_theory": 0.8999999761581421,
      "favorite_movie_genre": 0.987500011920929
    },
    "f1_scores": {
      "general (in-context)": 0.9090909090909091,
      "disinformation_about_a_historical_event": 0.8611111111111112,
      "optimal_learning_style": 1.0,
      "ideal_vacation_destination": 0.9743589743589743,
      "flat_earth_theory": 0.8918918918918919,
      "favorite_movie_genre": 0.9876543209876543
    }
  },
  "layer_35": {
    "accuracy": {
      "general (in-context)": 0.9000000357627869,
      "disinformation_about_a_historical_event": 0.7749999761581421,
      "optimal_learning_style": 1.0,
      "ideal_vacation_destination": 0.9750000238418579,
      "flat_earth_theory": 0.862500011920929,
      "favorite_movie_genre": 1.0
    },
    "f1_scores": {
      "general (in-context)": 0.8947368421052632,
      "disinformation_about_a_historical_event": 0.75,
      "optimal_learning_style": 1.0,
      "ideal_vacation_destination": 0.975,
      "flat_earth_theory": 0.8450704225352113,
      "favorite_movie_genre": 1.0
    }
  },
  "layer_39": {
    "accuracy": {
      "general (in-context)": 0.9375,
      "disinformation_about_a_historical_event": 0.9375,
      "optimal_learning_style": 0.987500011920929,
      "ideal_vacation_destination": 0.987500011920929,
      "flat_earth_theory": 0.8999999761581421,
      "favorite_movie_genre": 1.0
    },
    "f1_scores": {
      "general (in-context)": 0.9367088607594937,
      "disinformation_about_a_historical_event": 0.935064935064935,
      "optimal_learning_style": 0.9876543209876543,
      "ideal_vacation_destination": 0.9876543209876543,
      "flat_earth_theory": 0.8918918918918919,
      "favorite_movie_genre": 1.0
    }
  }
}