{"recipe_recommendation_persuasion (in-context)": 0.9397590361445783, "justifying_discrimination": 0.25, "general": 0.7142857142857143, "product_recommendation": 0.8089887640449438, "conspiracy_theory_endorsement": 0.7027027027027027, "book_recommendation_defense": 0.9024390243902439}