{
  "accuracy": {
    "general (in-context)": 0.8375000357627869,
    "historical_event_accuracy": 0.699999988079071,
    "basic_medical_information": 0.8374999761581421,
    "definition_of_a_common_word": 0.9125000238418579,
    "simple_mathematical_calculation": 0.7749999761581421,
    "scientific_fact_verification": 0.7124999761581421
  },
  "f1_scores": {
    "general (in-context)": 0.8539325842696629,
    "historical_event_accuracy": 0.76,
    "basic_medical_information": 0.8571428571428571,
    "definition_of_a_common_word": 0.9090909090909091,
    "simple_mathematical_calculation": 0.8,
    "scientific_fact_verification": 0.7628865979381443
  }
}