{"general (in-context)": 0.8539325842696629, "historical_event_accuracy": 0.76, "basic_medical_information": 0.8571428571428571, "definition_of_a_common_word": 0.9090909090909091, "simple_mathematical_calculation": 0.8, "scientific_fact_verification": 0.7628865979381443}