{"illegal_activities (in-context)": 0.9375, "generating_malicious_code": 0.8125, "recipe_preference": 0.5874999761581421, "promoting_self-harm": 0.737500011920929, "personal_preference": 0.6000000238418579, "general": 0.762499988079071}