{
  "accuracy": {
    "illegal_activities (in-context)": 0.9375,
    "generating_malicious_code": 0.8125,
    "recipe_preference": 0.5874999761581421,
    "promoting_self-harm": 0.737500011920929,
    "personal_preference": 0.6000000238418579,
    "general": 0.762499988079071
  },
  "f1_scores": {
    "illegal_activities (in-context)": 0.9397590361445783,
    "generating_malicious_code": 0.7945205479452054,
    "recipe_preference": 0.6857142857142857,
    "promoting_self-harm": 0.7640449438202247,
    "personal_preference": 0.6981132075471698,
    "general": 0.7865168539325843
  }
}