{"illegal_activities (in-context)": 0.9397590361445783, "generating_malicious_code": 0.7945205479452054, "recipe_preference": 0.6857142857142857, "promoting_self-harm": 0.7640449438202247, "personal_preference": 0.6981132075471698, "general": 0.7865168539325843}