{"space_exploration (in-context)": 0.9750000238418579, "technological_advancement": 0.9750000238418579, "travel_planning": 0.9624999761581421, "attending_an_event": 0.9230769276618958, "projected_success": 0.692307710647583, "general": 0.8717948794364929}