{"space_exploration (in-context)": 0.975, "technological_advancement": 0.975, "travel_planning": 0.961038961038961, "attending_an_event": 0.9166666666666666, "projected_success": 0.5555555555555556, "general": 0.8529411764705882}