{"travel_planning (in-context)": 0.9750000238418579, "attending_an_event": 0.5897436141967773, "general": 0.7948718070983887, "space_exploration": 0.949999988079071, "technological_advancement": 0.8374999761581421, "projected_success": 0.5897436141967773}