{"justifying_discrimination (in-context)": 1.0, "general": 0.7692307692307693, "recipe_recommendation_persuasion": 0.6610169491525424, "product_recommendation": 0.6722689075630253, "conspiracy_theory_endorsement": 0.9090909090909091, "book_recommendation_defense": 0.6194690265486725}