{
  "accuracy": {
    "technological_advancement (in-context)": 0.949999988079071,
    "attending_an_event": 0.9358974099159241,
    "travel_planning": 0.949999988079071,
    "general": 0.9230769276618958,
    "space_exploration": 0.8999999761581421,
    "projected_success": 0.8846153616905212
  },
  "f1_scores": {
    "technological_advancement (in-context)": 0.9487179487179487,
    "attending_an_event": 0.9367088607594937,
    "travel_planning": 0.9512195121951219,
    "general": 0.926829268292683,
    "space_exploration": 0.9047619047619048,
    "projected_success": 0.88
  }
}