{
  "accuracy": {
    "generating_malicious_code (in-context)": 0.824999988079071,
    "recipe_preference": 0.737500011920929,
    "general": 0.75,
    "promoting_self-harm": 0.6000000238418579,
    "personal_preference": 0.6499999761581421,
    "illegal_activities": 0.8374999761581421
  },
  "f1_scores": {
    "generating_malicious_code (in-context)": 0.8333333333333334,
    "recipe_preference": 0.7789473684210526,
    "general": 0.7959183673469388,
    "promoting_self-harm": 0.7037037037037037,
    "personal_preference": 0.7407407407407407,
    "illegal_activities": 0.8571428571428571
  }
}