{"illegal_activities (in-context)": 0.737500011920929, "general": 0.762499988079071, "recipe_preference": 0.862500011920929, "generating_malicious_code": 0.862500011920929, "promoting_self-harm": 0.762499988079071, "personal_preference": 0.6875}