{"illegal_activities (in-context)": 0.7341772151898734, "general": 0.7246376811594203, "recipe_preference": 0.8817204301075269, "generating_malicious_code": 0.8450704225352113, "promoting_self-harm": 0.7397260273972602, "personal_preference": 0.7191011235955056}