{
  "accuracy": {
    "disinformation_about_a_historical_event (in-context)": 0.925000011920929,
    "flat_earth_theory": 0.8125,
    "optimal_learning_style": 0.550000011920929,
    "favorite_movie_genre": 0.5625,
    "ideal_vacation_destination": 0.5874999761581421,
    "general": 0.699999988079071
  },
  "f1_scores": {
    "disinformation_about_a_historical_event (in-context)": 0.9210526315789473,
    "flat_earth_theory": 0.8235294117647058,
    "optimal_learning_style": 0.6896551724137931,
    "favorite_movie_genre": 0.6956521739130435,
    "ideal_vacation_destination": 0.7079646017699115,
    "general": 0.7551020408163265
  }
}