{"disinformation_about_a_historical_event (in-context)": 0.9210526315789473, "flat_earth_theory": 0.8235294117647058, "optimal_learning_style": 0.6896551724137931, "favorite_movie_genre": 0.6956521739130435, "ideal_vacation_destination": 0.7079646017699115, "general": 0.7551020408163265}