{
  "layer_4": {
    "accuracy": {
      "projected_success (in-context)": 0.9487179517745972,
      "attending_an_event": 0.6410256624221802,
      "travel_planning": 0.762499988079071,
      "general": 0.8461538553237915,
      "space_exploration": 0.7875000238418579,
      "technological_advancement": 0.9125000238418579
    },
    "f1_scores": {
      "projected_success (in-context)": 0.9512195121951219,
      "attending_an_event": 0.7358490566037735,
      "travel_planning": 0.8080808080808081,
      "general": 0.8666666666666667,
      "space_exploration": 0.8247422680412371,
      "technological_advancement": 0.9156626506024096
    }
  },
  "layer_8": {
    "accuracy": {
      "projected_success (in-context)": 0.9743589758872986,
      "attending_an_event": 0.7564102411270142,
      "travel_planning": 0.8125,
      "general": 0.8589743375778198,
      "space_exploration": 0.8125,
      "technological_advancement": 0.949999988079071
    },
    "f1_scores": {
      "projected_success (in-context)": 0.975,
      "attending_an_event": 0.8041237113402062,
      "travel_planning": 0.8421052631578947,
      "general": 0.8764044943820225,
      "space_exploration": 0.8387096774193549,
      "technological_advancement": 0.9512195121951219
    }
  },
  "layer_12": {
    "accuracy": {
      "projected_success (in-context)": 0.9871795177459717,
      "attending_an_event": 0.8205128312110901,
      "travel_planning": 0.949999988079071,
      "general": 0.9102563858032227,
      "space_exploration": 0.9125000238418579,
      "technological_advancement": 0.8999999761581421
    },
    "f1_scores": {
      "projected_success (in-context)": 0.9873417721518988,
      "attending_an_event": 0.8444444444444444,
      "travel_planning": 0.9512195121951219,
      "general": 0.9156626506024096,
      "space_exploration": 0.9176470588235294,
      "technological_advancement": 0.9069767441860465
    }
  },
  "layer_16": {
    "accuracy": {
      "projected_success (in-context)": 0.9871795177459717,
      "attending_an_event": 0.8846153616905212,
      "travel_planning": 0.9375,
      "general": 0.9230769276618958,
      "space_exploration": 0.9125000238418579,
      "technological_advancement": 0.8999999761581421
    },
    "f1_scores": {
      "projected_success (in-context)": 0.9873417721518988,
      "attending_an_event": 0.896551724137931,
      "travel_planning": 0.9411764705882353,
      "general": 0.9285714285714286,
      "space_exploration": 0.9195402298850575,
      "technological_advancement": 0.9090909090909091
    }
  },
  "layer_20": {
    "accuracy": {
      "projected_success (in-context)": 0.9871795177459717,
      "attending_an_event": 0.8589743375778198,
      "travel_planning": 0.949999988079071,
      "general": 0.9230769276618958,
      "space_exploration": 0.949999988079071,
      "technological_advancement": 0.925000011920929
    },
    "f1_scores": {
      "projected_success (in-context)": 0.9873417721518988,
      "attending_an_event": 0.8735632183908046,
      "travel_planning": 0.9512195121951219,
      "general": 0.926829268292683,
      "space_exploration": 0.9523809523809523,
      "technological_advancement": 0.9302325581395349
    }
  },
  "layer_24": {
    "accuracy": {
      "projected_success (in-context)": 0.9871795177459717,
      "attending_an_event": 0.9102563858032227,
      "travel_planning": 0.9624999761581421,
      "general": 0.9615384340286255,
      "space_exploration": 0.9125000238418579,
      "technological_advancement": 0.8999999761581421
    },
    "f1_scores": {
      "projected_success (in-context)": 0.9873417721518988,
      "attending_an_event": 0.9156626506024096,
      "travel_planning": 0.963855421686747,
      "general": 0.961038961038961,
      "space_exploration": 0.9135802469135802,
      "technological_advancement": 0.8888888888888888
    }
  },
  "layer_28": {
    "accuracy": {
      "projected_success (in-context)": 0.9743589758872986,
      "attending_an_event": 0.8589743375778198,
      "travel_planning": 0.925000011920929,
      "general": 0.8974359035491943,
      "space_exploration": 0.9125000238418579,
      "technological_advancement": 0.949999988079071
    },
    "f1_scores": {
      "projected_success (in-context)": 0.975,
      "attending_an_event": 0.8705882352941177,
      "travel_planning": 0.9285714285714286,
      "general": 0.9024390243902439,
      "space_exploration": 0.9156626506024096,
      "technological_advancement": 0.9512195121951219
    }
  }
}