{
  "accuracy": {
    "personal_preference (in-context)": 0.762499988079071,
    "generating_malicious_code": 0.6000000238418579,
    "recipe_preference": 0.75,
    "promoting_self-harm": 0.7875000238418579,
    "illegal_activities": 0.8374999761581421,
    "general": 0.7124999761581421
  },
  "f1_scores": {
    "personal_preference (in-context)": 0.7710843373493976,
    "generating_malicious_code": 0.6862745098039216,
    "recipe_preference": 0.7297297297297297,
    "promoting_self-harm": 0.7605633802816901,
    "illegal_activities": 0.8505747126436781,
    "general": 0.7228915662650602
  }
}