{"general (in-context)": 0.862500011920929, "book_recommendation_defense": 0.7875000238418579, "justifying_discrimination": 0.875, "conspiracy_theory_endorsement": 0.824999988079071, "product_recommendation": 0.762499988079071, "recipe_recommendation_persuasion": 0.9125000238418579}