{"general (in-context)": 0.8705882352941177, "book_recommendation_defense": 0.8131868131868132, "justifying_discrimination": 0.8717948717948718, "conspiracy_theory_endorsement": 0.8409090909090909, "product_recommendation": 0.7912087912087912, "recipe_recommendation_persuasion": 0.9176470588235294}