{"historical_event_accuracy (in-context)": 0.9125000238418579, "basic_medical_information": 0.7250000238418579, "scientific_fact_verification": 0.7124999761581421, "simple_mathematical_calculation": 0.737500011920929, "definition_of_a_common_word": 0.8374999761581421, "general": 0.800000011920929}