{"historical_event_accuracy (in-context)": 0.9113924050632911, "basic_medical_information": 0.7441860465116279, "scientific_fact_verification": 0.735632183908046, "simple_mathematical_calculation": 0.6440677966101694, "definition_of_a_common_word": 0.8433734939759037, "general": 0.8}