{"recipe_recommendation_persuasion (in-context)": 0.887499988079071, "justifying_discrimination": 0.612500011920929, "general": 0.7749999761581421, "product_recommendation": 0.7749999761581421, "conspiracy_theory_endorsement": 0.7124999761581421, "book_recommendation_defense": 0.824999988079071}