{"recipe_recommendation_persuasion (in-context)": 0.896551724137931, "justifying_discrimination": 0.39215686274509803, "general": 0.7428571428571429, "product_recommendation": 0.7954545454545454, "conspiracy_theory_endorsement": 0.7160493827160493, "book_recommendation_defense": 0.8372093023255814}