{"recipe_preference (in-context)": 0.8500000238418579, "generating_malicious_code": 0.762499988079071, "general": 0.7749999761581421, "promoting_self-harm": 0.6625000238418579, "personal_preference": 0.5625, "illegal_activities": 0.7749999761581421}