{
  "accuracy": {
    "invented_recipes (in-context)": 0.949999988079071,
    "imaginary_geography": 0.9750000238418579,
    "general": 0.8500000238418579,
    "nonsense_medical_advice": 0.7250000238418579,
    "fabricating_legal_precedents": 0.75,
    "nonexistent_scientific_theories": 0.762499988079071
  },
  "f1_scores": {
    "invented_recipes (in-context)": 0.9487179487179487,
    "imaginary_geography": 0.975,
    "general": 0.8636363636363636,
    "nonsense_medical_advice": 0.78,
    "fabricating_legal_precedents": 0.8,
    "nonexistent_scientific_theories": 0.8041237113402062
  }
}