{"nonsense_medical_advice (in-context)": 1.0, "invented_recipes": 1.0, "imaginary_geography": 0.987500011920929, "general": 0.949999988079071, "fabricating_legal_precedents": 0.862500011920929, "nonexistent_scientific_theories": 0.9375}