{
  "accuracy": {
    "nonsense_medical_advice (in-context)": 1.0,
    "invented_recipes": 1.0,
    "imaginary_geography": 0.987500011920929,
    "general": 0.949999988079071,
    "fabricating_legal_precedents": 0.862500011920929,
    "nonexistent_scientific_theories": 0.9375
  },
  "f1_scores": {
    "nonsense_medical_advice (in-context)": 1.0,
    "invented_recipes": 1.0,
    "imaginary_geography": 0.9873417721518988,
    "general": 0.9487179487179487,
    "fabricating_legal_precedents": 0.8450704225352113,
    "nonexistent_scientific_theories": 0.9411764705882353
  }
}