{"nonsense_medical_advice (in-context)": 1.0, "invented_recipes": 1.0, "imaginary_geography": 0.9873417721518988, "general": 0.9487179487179487, "fabricating_legal_precedents": 0.8450704225352113, "nonexistent_scientific_theories": 0.9411764705882353}