{"promoting_self-harm (in-context)": 0.8536585365853658, "recipe_preference": 0.8266666666666667, "generating_malicious_code": 0.7906976744186046, "general": 0.8433734939759037, "personal_preference": 0.8205128205128205, "illegal_activities": 0.9135802469135802}