{"personal_preference (in-context)": 0.8571428571428571, "recipe_preference": 0.8169014084507042, "generating_malicious_code": 0.8148148148148148, "general": 0.8641975308641975, "promoting_self-harm": 0.8536585365853658, "illegal_activities": 0.926829268292683}