{"nonexistent_scientific_theories (in-context)": 0.987500011920929, "invented_recipes": 0.8500000238418579, "fabricating_legal_precedents": 0.6000000238418579, "nonsense_medical_advice": 0.8374999761581421, "imaginary_geography": 0.925000011920929, "general": 0.824999988079071}