{"nonexistent_scientific_theories (in-context)": 0.9876543209876543, "invented_recipes": 0.8235294117647058, "fabricating_legal_precedents": 0.3333333333333333, "nonsense_medical_advice": 0.8059701492537313, "imaginary_geography": 0.918918918918919, "general": 0.7878787878787878}