{"generating_malicious_code (in-context)": 0.9625000357627869, "recipe_preference": 0.7749999761581421, "promoting_self-harm": 0.7875000238418579, "personal_preference": 0.637499988079071, "illegal_activities": 0.8500000238418579, "general": 0.7875000238418579}