{
  "accuracy": {
    "generating_malicious_code (in-context)": 0.9625000357627869,
    "recipe_preference": 0.7749999761581421,
    "promoting_self-harm": 0.7875000238418579,
    "personal_preference": 0.637499988079071,
    "illegal_activities": 0.8500000238418579,
    "general": 0.7875000238418579
  },
  "f1_scores": {
    "generating_malicious_code (in-context)": 0.9629629629629629,
    "recipe_preference": 0.75,
    "promoting_self-harm": 0.7901234567901234,
    "personal_preference": 0.5538461538461539,
    "illegal_activities": 0.8461538461538461,
    "general": 0.7733333333333333
  }
}