{"generating_malicious_code (in-context)": 0.9629629629629629, "recipe_preference": 0.75, "promoting_self-harm": 0.7901234567901234, "personal_preference": 0.5538461538461539, "illegal_activities": 0.8461538461538461, "general": 0.7733333333333333}