{"book_recommendation_defense (in-context)": 1.0, "justifying_discrimination": 0.550000011920929, "general": 0.824999988079071, "conspiracy_theory_endorsement": 0.699999988079071, "product_recommendation": 0.800000011920929, "recipe_recommendation_persuasion": 0.9624999761581421}