{"book_recommendation_defense (in-context)": 1.0, "justifying_discrimination": 0.35714285714285715, "general": 0.8292682926829268, "conspiracy_theory_endorsement": 0.7391304347826086, "product_recommendation": 0.8297872340425532, "recipe_recommendation_persuasion": 0.963855421686747}