{"favorite_movie_genre (in-context)": 0.987500011920929, "disinformation_about_a_historical_event": 0.800000011920929, "optimal_learning_style": 0.987500011920929, "ideal_vacation_destination": 0.9624999761581421, "flat_earth_theory": 0.7749999761581421, "general": 0.8999999761581421}