{"favorite_movie_genre (in-context)": 0.9876543209876543, "disinformation_about_a_historical_event": 0.8095238095238095, "optimal_learning_style": 0.9876543209876543, "ideal_vacation_destination": 0.963855421686747, "flat_earth_theory": 0.7631578947368421, "general": 0.9}