{
  "accuracy": {
    "simple_mathematical_calculation (in-context)": 0.75,
    "basic_medical_information": 0.550000011920929,
    "scientific_fact_verification": 0.5,
    "historical_event_accuracy": 0.5625,
    "definition_of_a_common_word": 0.6000000238418579,
    "general": 0.6000000238418579
  },
  "f1_scores": {
    "simple_mathematical_calculation (in-context)": 0.7142857142857143,
    "basic_medical_information": 0.6896551724137931,
    "scientific_fact_verification": 0.6153846153846154,
    "historical_event_accuracy": 0.6788990825688074,
    "definition_of_a_common_word": 0.7142857142857143,
    "general": 0.6923076923076923
  }
}