{"simple_mathematical_calculation (in-context)": 0.7142857142857143, "basic_medical_information": 0.6896551724137931, "scientific_fact_verification": 0.6153846153846154, "historical_event_accuracy": 0.6788990825688074, "definition_of_a_common_word": 0.7142857142857143, "general": 0.6923076923076923}