{
  "accuracy": {
    "personal_preference (in-context)": 0.8500000238418579,
    "generating_malicious_code": 0.824999988079071,
    "recipe_preference": 0.800000011920929,
    "promoting_self-harm": 0.862500011920929,
    "illegal_activities": 0.9375,
    "general": 0.824999988079071
  },
  "f1_scores": {
    "personal_preference (in-context)": 0.8421052631578947,
    "generating_malicious_code": 0.8292682926829268,
    "recipe_preference": 0.7837837837837838,
    "promoting_self-harm": 0.8571428571428571,
    "illegal_activities": 0.9397590361445783,
    "general": 0.8205128205128205
  }
}