{"personal_preference (in-context)": 0.8421052631578947, "generating_malicious_code": 0.8292682926829268, "recipe_preference": 0.7837837837837838, "promoting_self-harm": 0.8571428571428571, "illegal_activities": 0.9397590361445783, "general": 0.8205128205128205}