{"space_exploration (in-context)": 0.9375, "attending_an_event": 0.6666666865348816, "travel_planning": 0.9750000238418579, "general": 0.7948718070983887, "technological_advancement": 0.824999988079071, "projected_success": 0.6282051205635071}