{
  "accuracy": {
    "space_exploration (in-context)": 0.9375,
    "attending_an_event": 0.6666666865348816,
    "travel_planning": 0.9750000238418579,
    "general": 0.7948718070983887,
    "technological_advancement": 0.824999988079071,
    "projected_success": 0.6282051205635071
  },
  "f1_scores": {
    "space_exploration (in-context)": 0.9367088607594937,
    "attending_an_event": 0.5,
    "travel_planning": 0.9743589743589743,
    "general": 0.7419354838709677,
    "technological_advancement": 0.7878787878787878,
    "projected_success": 0.40816326530612246
  }
}