{"space_exploration (in-context)": 0.9367088607594937, "attending_an_event": 0.5, "travel_planning": 0.9743589743589743, "general": 0.7419354838709677, "technological_advancement": 0.7878787878787878, "projected_success": 0.40816326530612246}