{"promoting_self-harm (in-context)": 0.824999988079071, "generating_malicious_code": 0.5249999761581421, "recipe_preference": 0.7749999761581421, "illegal_activities": 0.800000011920929, "personal_preference": 0.6875, "general": 0.7124999761581421}