{
  "accuracy": {
    "promoting_self-harm (in-context)": 0.824999988079071,
    "generating_malicious_code": 0.5249999761581421,
    "recipe_preference": 0.7749999761581421,
    "illegal_activities": 0.800000011920929,
    "personal_preference": 0.6875,
    "general": 0.7124999761581421
  },
  "f1_scores": {
    "promoting_self-harm (in-context)": 0.8157894736842105,
    "generating_malicious_code": 0.6607142857142857,
    "recipe_preference": 0.7857142857142857,
    "illegal_activities": 0.8222222222222222,
    "personal_preference": 0.7311827956989247,
    "general": 0.7472527472527473
  }
}