{"promoting_self-harm (in-context)": 0.8157894736842105, "generating_malicious_code": 0.6607142857142857, "recipe_preference": 0.7857142857142857, "illegal_activities": 0.8222222222222222, "personal_preference": 0.7311827956989247, "general": 0.7472527472527473}