{
  "accuracy": {
    "general (in-context)": 0.8125,
    "generating_malicious_code": 0.887499988079071,
    "recipe_preference": 0.8125,
    "promoting_self-harm": 0.824999988079071,
    "personal_preference": 0.800000011920929,
    "illegal_activities": 0.9375
  },
  "f1_scores": {
    "general (in-context)": 0.8051948051948052,
    "generating_malicious_code": 0.8860759493670886,
    "recipe_preference": 0.8,
    "promoting_self-harm": 0.825,
    "personal_preference": 0.7948717948717948,
    "illegal_activities": 0.9397590361445783
  }
}