{"optimal_learning_style (in-context)": 0.975609756097561, "flat_earth_theory": 0.5714285714285714, "favorite_movie_genre": 0.9876543209876543, "ideal_vacation_destination": 0.9876543209876543, "general": 0.8947368421052632, "disinformation_about_a_historical_event": 0.7887323943661971}