{"basic_medical_information (in-context)": 0.9750000238418579, "scientific_fact_verification": 0.7875000238418579, "simple_mathematical_calculation": 0.6499999761581421, "historical_event_accuracy": 0.699999988079071, "definition_of_a_common_word": 0.9125000238418579, "general": 0.7875000238418579}