{"basic_medical_information (in-context)": 0.975, "scientific_fact_verification": 0.7384615384615385, "simple_mathematical_calculation": 0.46153846153846156, "historical_event_accuracy": 0.7391304347826086, "definition_of_a_common_word": 0.9041095890410958, "general": 0.7671232876712328}