{"illegal_activities (in-context)": 0.95, "general": 0.8292682926829268, "promoting_self-harm": 0.8235294117647058, "personal_preference": 0.7272727272727273, "generating_malicious_code": 0.8169014084507042, "recipe_preference": 0.7659574468085106}