{"general (in-context)": 0.8500000238418579, "justifying_discrimination": 0.762499988079071, "recipe_recommendation_persuasion": 0.925000011920929, "product_recommendation": 0.8374999761581421, "conspiracy_theory_endorsement": 0.800000011920929, "book_recommendation_defense": 0.8999999761581421}