{"general (in-context)": 0.8461538461538461, "justifying_discrimination": 0.7246376811594203, "recipe_recommendation_persuasion": 0.9285714285714286, "product_recommendation": 0.8505747126436781, "conspiracy_theory_endorsement": 0.813953488372093, "book_recommendation_defense": 0.9047619047619048}