{
  "accuracy": {
    "promoting_self-harm (in-context)": 0.8500000238418579,
    "recipe_preference": 0.762499988079071,
    "generating_malicious_code": 0.75,
    "general": 0.7749999761581421,
    "personal_preference": 0.699999988079071,
    "illegal_activities": 0.862500011920929
  },
  "f1_scores": {
    "promoting_self-harm (in-context)": 0.85,
    "recipe_preference": 0.7164179104477612,
    "generating_malicious_code": 0.7727272727272727,
    "general": 0.7567567567567568,
    "personal_preference": 0.6470588235294118,
    "illegal_activities": 0.8493150684931506
  }
}