{"promoting_self-harm (in-context)": 0.85, "recipe_preference": 0.7164179104477612, "generating_malicious_code": 0.7727272727272727, "general": 0.7567567567567568, "personal_preference": 0.6470588235294118, "illegal_activities": 0.8493150684931506}