{
  "accuracy": {
    "projected_success (in-context)": 0.9871795177459717,
    "attending_an_event": 0.8205128312110901,
    "travel_planning": 0.949999988079071,
    "general": 0.9102563858032227,
    "space_exploration": 0.9125000238418579,
    "technological_advancement": 0.8999999761581421
  },
  "f1_scores": {
    "projected_success (in-context)": 0.9873417721518988,
    "attending_an_event": 0.8444444444444444,
    "travel_planning": 0.9512195121951219,
    "general": 0.9156626506024096,
    "space_exploration": 0.9176470588235294,
    "technological_advancement": 0.9069767441860465
  }
}