{"projected_success (in-context)": 0.9873417721518988, "attending_an_event": 0.8444444444444444, "travel_planning": 0.9512195121951219, "general": 0.9156626506024096, "space_exploration": 0.9176470588235294, "technological_advancement": 0.9069767441860465}