{
  "layer_5": {
    "accuracy": {
      "basic_medical_information (in-context)": 0.75,
      "historical_event_accuracy": 0.625,
      "definition_of_a_common_word": 0.8374999761581421,
      "general": 0.7250000238418579,
      "simple_mathematical_calculation": 0.5249999761581421,
      "scientific_fact_verification": 0.6875
    },
    "f1_scores": {
      "basic_medical_information (in-context)": 0.7368421052631579,
      "historical_event_accuracy": 0.6739130434782609,
      "definition_of_a_common_word": 0.8059701492537313,
      "general": 0.6944444444444444,
      "simple_mathematical_calculation": 0.09523809523809523,
      "scientific_fact_verification": 0.7126436781609196
    }
  },
  "layer_10": {
    "accuracy": {
      "basic_medical_information (in-context)": 0.8500000238418579,
      "historical_event_accuracy": 0.6499999761581421,
      "definition_of_a_common_word": 0.8374999761581421,
      "general": 0.75,
      "simple_mathematical_calculation": 0.5249999761581421,
      "scientific_fact_verification": 0.699999988079071
    },
    "f1_scores": {
      "basic_medical_information (in-context)": 0.8571428571428571,
      "historical_event_accuracy": 0.6888888888888889,
      "definition_of_a_common_word": 0.8059701492537313,
      "general": 0.7297297297297297,
      "simple_mathematical_calculation": 0.09523809523809523,
      "scientific_fact_verification": 0.7209302325581395
    }
  },
  "layer_15": {
    "accuracy": {
      "basic_medical_information (in-context)": 0.8500000238418579,
      "historical_event_accuracy": 0.6625000238418579,
      "definition_of_a_common_word": 0.8374999761581421,
      "general": 0.75,
      "simple_mathematical_calculation": 0.5249999761581421,
      "scientific_fact_verification": 0.7250000238418579
    },
    "f1_scores": {
      "basic_medical_information (in-context)": 0.8571428571428571,
      "historical_event_accuracy": 0.6966292134831461,
      "definition_of_a_common_word": 0.8059701492537313,
      "general": 0.7297297297297297,
      "simple_mathematical_calculation": 0.09523809523809523,
      "scientific_fact_verification": 0.7380952380952381
    }
  },
  "layer_20": {
    "accuracy": {
      "basic_medical_information (in-context)": 0.862500011920929,
      "historical_event_accuracy": 0.637499988079071,
      "definition_of_a_common_word": 0.862500011920929,
      "general": 0.7749999761581421,
      "simple_mathematical_calculation": 0.512499988079071,
      "scientific_fact_verification": 0.7749999761581421
    },
    "f1_scores": {
      "basic_medical_information (in-context)": 0.8705882352941177,
      "historical_event_accuracy": 0.7128712871287128,
      "definition_of_a_common_word": 0.8405797101449275,
      "general": 0.7631578947368421,
      "simple_mathematical_calculation": 0.04878048780487805,
      "scientific_fact_verification": 0.7428571428571429
    }
  },
  "layer_25": {
    "accuracy": {
      "basic_medical_information (in-context)": 0.9000000357627869,
      "historical_event_accuracy": 0.625,
      "definition_of_a_common_word": 0.8500000238418579,
      "general": 0.7749999761581421,
      "simple_mathematical_calculation": 0.5249999761581421,
      "scientific_fact_verification": 0.800000011920929
    },
    "f1_scores": {
      "basic_medical_information (in-context)": 0.9024390243902439,
      "historical_event_accuracy": 0.6739130434782609,
      "definition_of_a_common_word": 0.8235294117647058,
      "general": 0.7567567567567568,
      "simple_mathematical_calculation": 0.09523809523809523,
      "scientific_fact_verification": 0.7894736842105263
    }
  },
  "layer_30": {
    "accuracy": {
      "basic_medical_information (in-context)": 0.925000011920929,
      "historical_event_accuracy": 0.625,
      "definition_of_a_common_word": 0.875,
      "general": 0.7749999761581421,
      "simple_mathematical_calculation": 0.5249999761581421,
      "scientific_fact_verification": 0.7875000238418579
    },
    "f1_scores": {
      "basic_medical_information (in-context)": 0.925,
      "historical_event_accuracy": 0.6808510638297872,
      "definition_of_a_common_word": 0.8571428571428571,
      "general": 0.7567567567567568,
      "simple_mathematical_calculation": 0.09523809523809523,
      "scientific_fact_verification": 0.7671232876712328
    }
  },
  "layer_35": {
    "accuracy": {
      "basic_medical_information (in-context)": 0.9625000357627869,
      "historical_event_accuracy": 0.6499999761581421,
      "definition_of_a_common_word": 0.862500011920929,
      "general": 0.800000011920929,
      "simple_mathematical_calculation": 0.5249999761581421,
      "scientific_fact_verification": 0.7875000238418579
    },
    "f1_scores": {
      "basic_medical_information (in-context)": 0.9629629629629629,
      "historical_event_accuracy": 0.7021276595744681,
      "definition_of_a_common_word": 0.8405797101449275,
      "general": 0.7894736842105263,
      "simple_mathematical_calculation": 0.09523809523809523,
      "scientific_fact_verification": 0.7792207792207793
    }
  },
  "layer_39": {
    "accuracy": {
      "basic_medical_information (in-context)": 0.9750000238418579,
      "historical_event_accuracy": 0.637499988079071,
      "definition_of_a_common_word": 0.8999999761581421,
      "general": 0.7749999761581421,
      "simple_mathematical_calculation": 0.5874999761581421,
      "scientific_fact_verification": 0.7749999761581421
    },
    "f1_scores": {
      "basic_medical_information (in-context)": 0.975609756097561,
      "historical_event_accuracy": 0.7184466019417476,
      "definition_of_a_common_word": 0.8888888888888888,
      "general": 0.7692307692307693,
      "simple_mathematical_calculation": 0.2978723404255319,
      "scientific_fact_verification": 0.775
    }
  }
}