{"conspiracy_theory_endorsement (in-context)": 0.9000000357627869, "justifying_discrimination": 0.824999988079071, "general": 0.75, "recipe_recommendation_persuasion": 0.762499988079071, "product_recommendation": 0.6499999761581421, "book_recommendation_defense": 0.7250000238418579}