{"conspiracy_theory_endorsement (in-context)": 0.9024390243902439, "justifying_discrimination": 0.8108108108108109, "general": 0.7777777777777778, "recipe_recommendation_persuasion": 0.8041237113402062, "product_recommendation": 0.7307692307692307, "book_recommendation_defense": 0.78}