{"book_recommendation_defense (in-context)": 1.0, "justifying_discrimination": 0.5, "general": 0.7749999761581421, "conspiracy_theory_endorsement": 0.612500011920929, "product_recommendation": 0.862500011920929, "recipe_recommendation_persuasion": 0.925000011920929}