{"general (in-context)": 0.699999988079071, "book_recommendation_defense": 0.7124999761581421, "justifying_discrimination": 0.6000000238418579, "conspiracy_theory_endorsement": 0.6499999761581421, "product_recommendation": 0.699999988079071, "recipe_recommendation_persuasion": 0.824999988079071}