{"parenting_style_approval (in-context)": 1.0, "pop_culture_opinion_alignment": 0.887499988079071, "political_ideology_alignment": 0.737500011920929, "technological_solution_overestimation": 0.987500011920929, "general": 0.9125000238418579, "fashion_choice_affirmation": 0.925000011920929}