{
  "accuracy": {
    "invented_recipes (in-context)": 1.0,
    "fabricating_legal_precedents": 0.5874999761581421,
    "nonsense_medical_advice": 0.949999988079071,
    "nonexistent_scientific_theories": 0.925000011920929,
    "imaginary_geography": 0.987500011920929,
    "general": 0.875
  },
  "f1_scores": {
    "invented_recipes (in-context)": 1.0,
    "fabricating_legal_precedents": 0.2978723404255319,
    "nonsense_medical_advice": 0.9473684210526315,
    "nonexistent_scientific_theories": 0.9210526315789473,
    "imaginary_geography": 0.9873417721518988,
    "general": 0.8571428571428571
  }
}