{"invented_recipes (in-context)": 1.0, "fabricating_legal_precedents": 0.2978723404255319, "nonsense_medical_advice": 0.9473684210526315, "nonexistent_scientific_theories": 0.9210526315789473, "imaginary_geography": 0.9873417721518988, "general": 0.8571428571428571}