{"travel_planning (in-context)": 0.9625000357627869, "technological_advancement": 0.7875000238418579, "space_exploration": 0.8999999761581421, "attending_an_event": 0.7948718070983887, "projected_success": 0.5769230723381042, "general": 0.7948718070983887}