{"travel_planning (in-context)": 0.9629629629629629, "technological_advancement": 0.7384615384615385, "space_exploration": 0.9, "attending_an_event": 0.7419354838709677, "projected_success": 0.32653061224489793, "general": 0.7575757575757576}