{"flat_earth_theory (in-context)": 1.0, "disinformation_about_a_historical_event": 0.887499988079071, "optimal_learning_style": 0.9375, "ideal_vacation_destination": 0.862500011920929, "general": 0.925000011920929, "favorite_movie_genre": 0.8999999761581421}