{
  "accuracy": {
    "imaginary_geography (in-context)": 0.9625000357627869,
    "invented_recipes": 1.0,
    "general": 0.9125000238418579,
    "nonsense_medical_advice": 0.762499988079071,
    "fabricating_legal_precedents": 0.8374999761581421,
    "nonexistent_scientific_theories": 0.800000011920929
  },
  "f1_scores": {
    "imaginary_geography (in-context)": 0.963855421686747,
    "invented_recipes": 1.0,
    "general": 0.9195402298850575,
    "nonsense_medical_advice": 0.8080808080808081,
    "fabricating_legal_precedents": 0.8602150537634409,
    "nonexistent_scientific_theories": 0.8333333333333334
  }
}