{
  "accuracy": {
    "imaginary_geography (in-context)": 0.987500011920929,
    "invented_recipes": 1.0,
    "fabricating_legal_precedents": 0.987500011920929,
    "nonsense_medical_advice": 0.875,
    "nonexistent_scientific_theories": 0.987500011920929,
    "general": 0.9750000238418579
  },
  "f1_scores": {
    "imaginary_geography (in-context)": 0.9876543209876543,
    "invented_recipes": 1.0,
    "fabricating_legal_precedents": 0.9876543209876543,
    "nonsense_medical_advice": 0.8888888888888888,
    "nonexistent_scientific_theories": 0.9876543209876543,
    "general": 0.975609756097561
  }
}