{"illegal_activities (in-context)": 0.5625, "generating_malicious_code": 0.7250000238418579, "recipe_preference": 0.48750001192092896, "promoting_self-harm": 0.4625000059604645, "personal_preference": 0.5625, "general": 0.5874999761581421}