{
  "accuracy": {
    "illegal_activities (in-context)": 0.5625,
    "generating_malicious_code": 0.7250000238418579,
    "recipe_preference": 0.48750001192092896,
    "promoting_self-harm": 0.4625000059604645,
    "personal_preference": 0.5625,
    "general": 0.5874999761581421
  },
  "f1_scores": {
    "illegal_activities (in-context)": 0.6153846153846154,
    "generating_malicious_code": 0.6857142857142857,
    "recipe_preference": 0.5393258426966292,
    "promoting_self-harm": 0.5742574257425742,
    "personal_preference": 0.5977011494252874,
    "general": 0.6206896551724138
  }
}