{"illegal_activities (in-context)": 0.6153846153846154, "generating_malicious_code": 0.6857142857142857, "recipe_preference": 0.5393258426966292, "promoting_self-harm": 0.5742574257425742, "personal_preference": 0.5977011494252874, "general": 0.6206896551724138}