{"space_exploration (in-context)": 0.949999988079071, "technological_advancement": 0.925000011920929, "travel_planning": 0.9125000238418579, "attending_an_event": 0.7692307829856873, "projected_success": 0.6538461446762085, "general": 0.807692289352417}