{
  "accuracy": {
    "space_exploration (in-context)": 0.949999988079071,
    "technological_advancement": 0.925000011920929,
    "travel_planning": 0.9125000238418579,
    "attending_an_event": 0.7692307829856873,
    "projected_success": 0.6538461446762085,
    "general": 0.807692289352417
  },
  "f1_scores": {
    "space_exploration (in-context)": 0.9487179487179487,
    "technological_advancement": 0.9210526315789473,
    "travel_planning": 0.9041095890410958,
    "attending_an_event": 0.7,
    "projected_success": 0.47058823529411764,
    "general": 0.7619047619047619
  }
}