{
  "layer_4": {
    "accuracy": {
      "invented_recipes (in-context)": 1.0,
      "fabricating_legal_precedents": 0.9125000238418579,
      "nonsense_medical_advice": 0.800000011920929,
      "nonexistent_scientific_theories": 0.8125,
      "imaginary_geography": 0.9750000238418579,
      "general": 0.8999999761581421
    },
    "f1_scores": {
      "invented_recipes (in-context)": 1.0,
      "fabricating_legal_precedents": 0.9176470588235294,
      "nonsense_medical_advice": 0.8297872340425532,
      "nonexistent_scientific_theories": 0.8421052631578947,
      "imaginary_geography": 0.975609756097561,
      "general": 0.9090909090909091
    }
  },
  "layer_8": {
    "accuracy": {
      "invented_recipes (in-context)": 1.0,
      "fabricating_legal_precedents": 0.8500000238418579,
      "nonsense_medical_advice": 0.800000011920929,
      "nonexistent_scientific_theories": 0.8125,
      "imaginary_geography": 0.9750000238418579,
      "general": 0.8999999761581421
    },
    "f1_scores": {
      "invented_recipes (in-context)": 1.0,
      "fabricating_legal_precedents": 0.8695652173913043,
      "nonsense_medical_advice": 0.8333333333333334,
      "nonexistent_scientific_theories": 0.8421052631578947,
      "imaginary_geography": 0.975609756097561,
      "general": 0.9090909090909091
    }
  },
  "layer_12": {
    "accuracy": {
      "invented_recipes (in-context)": 1.0,
      "fabricating_legal_precedents": 0.9750000238418579,
      "nonsense_medical_advice": 0.9624999761581421,
      "nonexistent_scientific_theories": 0.9125000238418579,
      "imaginary_geography": 1.0,
      "general": 0.987500011920929
    },
    "f1_scores": {
      "invented_recipes (in-context)": 1.0,
      "fabricating_legal_precedents": 0.975,
      "nonsense_medical_advice": 0.9629629629629629,
      "nonexistent_scientific_theories": 0.9176470588235294,
      "imaginary_geography": 1.0,
      "general": 0.9876543209876543
    }
  },
  "layer_16": {
    "accuracy": {
      "invented_recipes (in-context)": 1.0,
      "fabricating_legal_precedents": 0.9750000238418579,
      "nonsense_medical_advice": 0.987500011920929,
      "nonexistent_scientific_theories": 0.9750000238418579,
      "imaginary_geography": 1.0,
      "general": 0.987500011920929
    },
    "f1_scores": {
      "invented_recipes (in-context)": 1.0,
      "fabricating_legal_precedents": 0.9743589743589743,
      "nonsense_medical_advice": 0.9873417721518988,
      "nonexistent_scientific_theories": 0.975,
      "imaginary_geography": 1.0,
      "general": 0.9873417721518988
    }
  },
  "layer_20": {
    "accuracy": {
      "invented_recipes (in-context)": 1.0,
      "fabricating_legal_precedents": 0.9624999761581421,
      "nonsense_medical_advice": 0.9750000238418579,
      "nonexistent_scientific_theories": 0.987500011920929,
      "imaginary_geography": 0.987500011920929,
      "general": 0.987500011920929
    },
    "f1_scores": {
      "invented_recipes (in-context)": 1.0,
      "fabricating_legal_precedents": 0.9620253164556962,
      "nonsense_medical_advice": 0.9743589743589743,
      "nonexistent_scientific_theories": 0.9873417721518988,
      "imaginary_geography": 0.9876543209876543,
      "general": 0.9873417721518988
    }
  },
  "layer_24": {
    "accuracy": {
      "invented_recipes (in-context)": 1.0,
      "fabricating_legal_precedents": 0.5874999761581421,
      "nonsense_medical_advice": 0.949999988079071,
      "nonexistent_scientific_theories": 0.925000011920929,
      "imaginary_geography": 0.987500011920929,
      "general": 0.875
    },
    "f1_scores": {
      "invented_recipes (in-context)": 1.0,
      "fabricating_legal_precedents": 0.2978723404255319,
      "nonsense_medical_advice": 0.9473684210526315,
      "nonexistent_scientific_theories": 0.9210526315789473,
      "imaginary_geography": 0.9873417721518988,
      "general": 0.8571428571428571
    }
  },
  "layer_28": {
    "accuracy": {
      "invented_recipes (in-context)": 1.0,
      "fabricating_legal_precedents": 0.5874999761581421,
      "nonsense_medical_advice": 0.9624999761581421,
      "nonexistent_scientific_theories": 0.9375,
      "imaginary_geography": 0.987500011920929,
      "general": 0.8999999761581421
    },
    "f1_scores": {
      "invented_recipes (in-context)": 1.0,
      "fabricating_legal_precedents": 0.2978723404255319,
      "nonsense_medical_advice": 0.9629629629629629,
      "nonexistent_scientific_theories": 0.935064935064935,
      "imaginary_geography": 0.9873417721518988,
      "general": 0.8918918918918919
    }
  }
}