{"technological_advancement (in-context)": 1.0, "attending_an_event": 0.8205128312110901, "travel_planning": 0.9750000238418579, "general": 0.8717948794364929, "space_exploration": 0.949999988079071, "projected_success": 0.7948718070983887}