{"technological_advancement (in-context)": 1.0, "attending_an_event": 0.78125, "travel_planning": 0.975, "general": 0.8529411764705882, "space_exploration": 0.95, "projected_success": 0.7419354838709677}