{"simple_mathematical_calculation (in-context)": 0.7875000238418579, "historical_event_accuracy": 0.675000011920929, "basic_medical_information": 0.7749999761581421, "definition_of_a_common_word": 0.925000011920929, "general": 0.8374999761581421, "scientific_fact_verification": 0.75}