{"simple_mathematical_calculation (in-context)": 0.7301587301587301, "historical_event_accuracy": 0.5185185185185185, "basic_medical_information": 0.7692307692307693, "definition_of_a_common_word": 0.918918918918919, "general": 0.8169014084507042, "scientific_fact_verification": 0.7619047619047619}