{"simple_mathematical_calculation (in-context)": 0.9000000357627869, "basic_medical_information": 0.7875000238418579, "scientific_fact_verification": 0.5874999761581421, "historical_event_accuracy": 0.625, "definition_of_a_common_word": 0.925000011920929, "general": 0.8374999761581421}