{"simple_mathematical_calculation (in-context)": 0.9024390243902439, "basic_medical_information": 0.8247422680412371, "scientific_fact_verification": 0.6597938144329897, "historical_event_accuracy": 0.7115384615384616, "definition_of_a_common_word": 0.9285714285714286, "general": 0.8571428571428571}