{
  "accuracy": {
    "definition_of_a_common_word (in-context)": 1.0,
    "basic_medical_information": 0.9375,
    "scientific_fact_verification": 0.75,
    "simple_mathematical_calculation": 0.7250000238418579,
    "historical_event_accuracy": 0.737500011920929,
    "general": 0.8999999761581421
  },
  "f1_scores": {
    "definition_of_a_common_word (in-context)": 1.0,
    "basic_medical_information": 0.9382716049382716,
    "scientific_fact_verification": 0.7435897435897436,
    "simple_mathematical_calculation": 0.6206896551724138,
    "historical_event_accuracy": 0.704225352112676,
    "general": 0.8918918918918919
  }
}