{"illegal_activities (in-context)": 0.9135802469135802, "personal_preference": 0.7865168539325843, "general": 0.8395061728395061, "generating_malicious_code": 0.7887323943661971, "recipe_preference": 0.8571428571428571, "promoting_self-harm": 0.8641975308641975}