{"fabricating_legal_precedents (in-context)": 0.824999988079071, "invented_recipes": 0.925000011920929, "imaginary_geography": 0.9750000238418579, "general": 0.862500011920929, "nonsense_medical_advice": 0.8125, "nonexistent_scientific_theories": 0.800000011920929}