{"fabricating_legal_precedents (in-context)": 0.8478260869565217, "invented_recipes": 0.918918918918919, "imaginary_geography": 0.975, "general": 0.8674698795180723, "nonsense_medical_advice": 0.8351648351648352, "nonexistent_scientific_theories": 0.8222222222222222}