{"general (in-context)": 0.8571428571428571, "generating_malicious_code": 0.85, "recipe_preference": 0.8607594936708861, "promoting_self-harm": 0.8571428571428571, "personal_preference": 0.8235294117647058, "illegal_activities": 0.9397590361445783}