{"personal_preference (in-context)": 0.9000000357627869, "general": 0.8125, "illegal_activities": 0.8125, "recipe_preference": 0.9375, "generating_malicious_code": 0.8374999761581421, "promoting_self-harm": 0.699999988079071}