{"personal_preference (in-context)": 0.9090909090909091, "general": 0.8148148148148148, "illegal_activities": 0.8148148148148148, "recipe_preference": 0.9367088607594937, "generating_malicious_code": 0.8433734939759037, "promoting_self-harm": 0.7}