{"fabricating_legal_precedents (in-context)": 0.9523809523809523, "invented_recipes": 0.9473684210526315, "nonsense_medical_advice": 0.95, "nonexistent_scientific_theories": 0.8695652173913043, "imaginary_geography": 0.9620253164556962, "general": 0.925}