{"product_recommendation (in-context)": 0.925000011920929, "book_recommendation_defense": 0.8500000238418579, "justifying_discrimination": 0.4375, "general": 0.75, "conspiracy_theory_endorsement": 0.612500011920929, "recipe_recommendation_persuasion": 0.862500011920929}