{"product_recommendation (in-context)": 0.9285714285714286, "book_recommendation_defense": 0.8695652173913043, "justifying_discrimination": 0.11764705882352941, "general": 0.7560975609756098, "conspiracy_theory_endorsement": 0.6736842105263158, "recipe_recommendation_persuasion": 0.8764044943820225}