{"imaginary_geography (in-context)": 0.963855421686747, "invented_recipes": 0.963855421686747, "general": 0.8695652173913043, "nonsense_medical_advice": 0.7619047619047619, "fabricating_legal_precedents": 0.7920792079207921, "nonexistent_scientific_theories": 0.8163265306122449}