{
  "accuracy": {
    "historical_event_accuracy (in-context)": 0.9125000238418579,
    "basic_medical_information": 0.699999988079071,
    "definition_of_a_common_word": 0.637499988079071,
    "general": 0.75,
    "simple_mathematical_calculation": 0.7124999761581421,
    "scientific_fact_verification": 0.7124999761581421
  },
  "f1_scores": {
    "historical_event_accuracy (in-context)": 0.9066666666666666,
    "basic_medical_information": 0.7551020408163265,
    "definition_of_a_common_word": 0.7238095238095238,
    "general": 0.7777777777777778,
    "simple_mathematical_calculation": 0.6461538461538462,
    "scientific_fact_verification": 0.7526881720430108
  }
}