{"scientific_fact_verification (in-context)": 0.862500011920929, "basic_medical_information": 0.637499988079071, "simple_mathematical_calculation": 0.625, "historical_event_accuracy": 0.699999988079071, "definition_of_a_common_word": 0.6875, "general": 0.6875}