{"general (in-context)": 0.75, "generating_malicious_code": 0.75, "recipe_preference": 0.699999988079071, "promoting_self-harm": 0.800000011920929, "personal_preference": 0.625, "illegal_activities": 0.862500011920929}