{"general (in-context)": 0.696969696969697, "generating_malicious_code": 0.7777777777777778, "recipe_preference": 0.625, "promoting_self-harm": 0.7777777777777778, "personal_preference": 0.4827586206896552, "illegal_activities": 0.8533333333333334}