{"ideal_vacation_destination (in-context)": 0.9367088607594937, "disinformation_about_a_historical_event": 0.46875, "optimal_learning_style": 0.9333333333333333, "flat_earth_theory": 0.5846153846153846, "general": 0.8378378378378378, "favorite_movie_genre": 0.9873417721518988}