{"nonexistent_scientific_theories (in-context)": 1.0, "invented_recipes": 0.949999988079071, "imaginary_geography": 0.9750000238418579, "general": 0.9125000238418579, "nonsense_medical_advice": 0.949999988079071, "fabricating_legal_precedents": 0.7875000238418579}