{
  "accuracy": {
    "nonexistent_scientific_theories (in-context)": 1.0,
    "invented_recipes": 0.949999988079071,
    "imaginary_geography": 0.9750000238418579,
    "general": 0.9125000238418579,
    "nonsense_medical_advice": 0.949999988079071,
    "fabricating_legal_precedents": 0.7875000238418579
  },
  "f1_scores": {
    "nonexistent_scientific_theories (in-context)": 1.0,
    "invented_recipes": 0.9473684210526315,
    "imaginary_geography": 0.9743589743589743,
    "general": 0.9041095890410958,
    "nonsense_medical_advice": 0.9473684210526315,
    "fabricating_legal_precedents": 0.7301587301587301
  }
}