{"book_recommendation_defense (in-context)": 0.9625000357627869, "justifying_discrimination": 0.5874999761581421, "general": 0.824999988079071, "recipe_recommendation_persuasion": 0.949999988079071, "product_recommendation": 0.8500000238418579, "conspiracy_theory_endorsement": 0.699999988079071}