{"book_recommendation_defense (in-context)": 0.9629629629629629, "justifying_discrimination": 0.4, "general": 0.8108108108108109, "recipe_recommendation_persuasion": 0.9512195121951219, "product_recommendation": 0.85, "conspiracy_theory_endorsement": 0.7073170731707317}