{"justifying_discrimination (in-context)": 1.0, "general": 0.7111111111111111, "recipe_recommendation_persuasion": 0.38961038961038963, "product_recommendation": 0.6964285714285714, "conspiracy_theory_endorsement": 0.8974358974358975, "book_recommendation_defense": 0.5102040816326531}