{
  "accuracy": {
    "basic_medical_information (in-context)": 0.9625000357627869,
    "scientific_fact_verification": 0.824999988079071,
    "simple_mathematical_calculation": 0.5874999761581421,
    "historical_event_accuracy": 0.637499988079071,
    "definition_of_a_common_word": 0.875,
    "general": 0.8125
  },
  "f1_scores": {
    "basic_medical_information (in-context)": 0.963855421686747,
    "scientific_fact_verification": 0.7941176470588235,
    "simple_mathematical_calculation": 0.2978723404255319,
    "historical_event_accuracy": 0.6947368421052632,
    "definition_of_a_common_word": 0.8571428571428571,
    "general": 0.8
  }
}