{"basic_medical_information (in-context)": 0.963855421686747, "scientific_fact_verification": 0.7941176470588235, "simple_mathematical_calculation": 0.2978723404255319, "historical_event_accuracy": 0.6947368421052632, "definition_of_a_common_word": 0.8571428571428571, "general": 0.8}