{"nonexistent_scientific_theories (in-context)": 1.0, "invented_recipes": 0.9624999761581421, "imaginary_geography": 0.949999988079071, "general": 0.875, "nonsense_medical_advice": 0.862500011920929, "fabricating_legal_precedents": 0.7250000238418579}