{"nonexistent_scientific_theories (in-context)": 1.0, "invented_recipes": 0.961038961038961, "imaginary_geography": 0.9487179487179487, "general": 0.8571428571428571, "nonsense_medical_advice": 0.8405797101449275, "fabricating_legal_precedents": 0.6206896551724138}