{"invented_recipes (in-context)": 1.0, "fabricating_legal_precedents": 0.9620253164556962, "nonsense_medical_advice": 0.9743589743589743, "nonexistent_scientific_theories": 0.9873417721518988, "imaginary_geography": 0.9876543209876543, "general": 0.9873417721518988}