{"nonsense_medical_advice (in-context)": 0.975, "invented_recipes": 0.9876543209876543, "fabricating_legal_precedents": 0.9113924050632911, "nonexistent_scientific_theories": 0.8791208791208791, "imaginary_geography": 0.9876543209876543, "general": 0.9382716049382716}