{"nonexistent_scientific_theories (in-context)": 1.0, "invented_recipes": 0.987500011920929, "fabricating_legal_precedents": 0.9750000238418579, "nonsense_medical_advice": 0.9624999761581421, "imaginary_geography": 1.0, "general": 0.987500011920929}