{"nonexistent_scientific_theories (in-context)": 1.0, "invented_recipes": 0.9873417721518988, "fabricating_legal_precedents": 0.975, "nonsense_medical_advice": 0.961038961038961, "imaginary_geography": 1.0, "general": 0.9873417721518988}