{"basic_medical_information (in-context)": 0.9125000238418579, "general": 0.8125, "historical_event_accuracy": 0.675000011920929, "definition_of_a_common_word": 0.875, "scientific_fact_verification": 0.8999999761581421, "simple_mathematical_calculation": 0.6499999761581421}