{"recipe_recommendation_persuasion (in-context)": 0.9375, "justifying_discrimination": 0.5375000238418579, "general": 0.7124999761581421, "product_recommendation": 0.7875000238418579, "conspiracy_theory_endorsement": 0.675000011920929, "book_recommendation_defense": 0.875}