{
  "accuracy": {
    "recipe_recommendation_persuasion (in-context)": 0.9375,
    "justifying_discrimination": 0.5375000238418579,
    "general": 0.7124999761581421,
    "product_recommendation": 0.7875000238418579,
    "conspiracy_theory_endorsement": 0.675000011920929,
    "book_recommendation_defense": 0.875
  },
  "f1_scores": {
    "recipe_recommendation_persuasion (in-context)": 0.9397590361445783,
    "justifying_discrimination": 0.17777777777777778,
    "general": 0.6461538461538462,
    "product_recommendation": 0.8,
    "conspiracy_theory_endorsement": 0.6666666666666666,
    "book_recommendation_defense": 0.8571428571428571
  }
}