{"definition_of_a_common_word (in-context)": 0.9375, "historical_event_accuracy": 0.6875, "basic_medical_information": 0.8125, "general": 0.737500011920929, "simple_mathematical_calculation": 0.550000011920929, "scientific_fact_verification": 0.699999988079071}