{"definition_of_a_common_word (in-context)": 0.935064935064935, "historical_event_accuracy": 0.7191011235955056, "basic_medical_information": 0.7887323943661971, "general": 0.7123287671232876, "simple_mathematical_calculation": 0.18181818181818182, "scientific_fact_verification": 0.7272727272727273}