{
  "accuracy": {
    "fabricating_legal_precedents (in-context)": 0.9750000238418579,
    "invented_recipes": 0.9375,
    "nonsense_medical_advice": 0.8500000238418579,
    "nonexistent_scientific_theories": 0.9624999761581421,
    "imaginary_geography": 0.9624999761581421,
    "general": 0.949999988079071
  },
  "f1_scores": {
    "fabricating_legal_precedents (in-context)": 0.975,
    "invented_recipes": 0.9333333333333333,
    "nonsense_medical_advice": 0.8285714285714286,
    "nonexistent_scientific_theories": 0.9620253164556962,
    "imaginary_geography": 0.961038961038961,
    "general": 0.9473684210526315
  }
}