{"illegal_activities (in-context)": 0.9375, "general": 0.762499988079071, "promoting_self-harm": 0.7875000238418579, "personal_preference": 0.5874999761581421, "generating_malicious_code": 0.824999988079071, "recipe_preference": 0.5874999761581421}