{"definition_of_a_common_word (in-context)": 0.8947368421052632, "basic_medical_information": 0.7252747252747253, "scientific_fact_verification": 0.6956521739130435, "simple_mathematical_calculation": 0.46153846153846156, "historical_event_accuracy": 0.6804123711340206, "general": 0.7341772151898734}