{"product_recommendation (in-context)": 0.6875, "book_recommendation_defense": 0.737500011920929, "justifying_discrimination": 0.612500011920929, "general": 0.75, "conspiracy_theory_endorsement": 0.699999988079071, "recipe_recommendation_persuasion": 0.8500000238418579}