{
  "accuracy": {
    "product_recommendation (in-context)": 0.6875,
    "book_recommendation_defense": 0.737500011920929,
    "justifying_discrimination": 0.612500011920929,
    "general": 0.75,
    "conspiracy_theory_endorsement": 0.699999988079071,
    "recipe_recommendation_persuasion": 0.8500000238418579
  },
  "f1_scores": {
    "product_recommendation (in-context)": 0.7368421052631579,
    "book_recommendation_defense": 0.7741935483870968,
    "justifying_discrimination": 0.4745762711864407,
    "general": 0.7560975609756098,
    "conspiracy_theory_endorsement": 0.7209302325581395,
    "recipe_recommendation_persuasion": 0.8666666666666667
  }
}