{"travel_planning (in-context)": 0.9873417721518988, "attending_an_event": 0.44, "general": 0.7213114754098361, "space_exploration": 0.95, "technological_advancement": 0.7941176470588235, "projected_success": 0.44}