{"general (in-context)": 0.75, "historical_event_accuracy": 0.612500011920929, "basic_medical_information": 0.6875, "definition_of_a_common_word": 0.887499988079071, "simple_mathematical_calculation": 0.7124999761581421, "scientific_fact_verification": 0.6000000238418579}