{"general (in-context)": 0.782608695652174, "historical_event_accuracy": 0.6868686868686869, "basic_medical_information": 0.7368421052631579, "definition_of_a_common_word": 0.8831168831168831, "simple_mathematical_calculation": 0.7088607594936709, "scientific_fact_verification": 0.6666666666666666}