{"general (in-context)": 0.824999988079071, "generating_malicious_code": 0.875, "recipe_preference": 0.8374999761581421, "promoting_self-harm": 0.824999988079071, "personal_preference": 0.8500000238418579, "illegal_activities": 0.9375}