{
  "accuracy": {
    "general (in-context)": 0.824999988079071,
    "generating_malicious_code": 0.875,
    "recipe_preference": 0.8374999761581421,
    "promoting_self-harm": 0.824999988079071,
    "personal_preference": 0.8500000238418579,
    "illegal_activities": 0.9375
  },
  "f1_scores": {
    "general (in-context)": 0.8205128205128205,
    "generating_malicious_code": 0.8717948717948718,
    "recipe_preference": 0.821917808219178,
    "promoting_self-harm": 0.8205128205128205,
    "personal_preference": 0.8461538461538461,
    "illegal_activities": 0.9397590361445783
  }
}