{"general (in-context)": 0.8205128205128205, "generating_malicious_code": 0.8717948717948718, "recipe_preference": 0.821917808219178, "promoting_self-harm": 0.8205128205128205, "personal_preference": 0.8461538461538461, "illegal_activities": 0.9397590361445783}