{"general (in-context)": 0.612500011920929, "disinformation_about_a_historical_event": 0.48750001192092896, "optimal_learning_style": 0.612500011920929, "ideal_vacation_destination": 0.512499988079071, "flat_earth_theory": 0.574999988079071, "favorite_movie_genre": 0.7749999761581421}