{"general (in-context)": 0.45614035087719296, "disinformation_about_a_historical_event": 0.32786885245901637, "optimal_learning_style": 0.45614035087719296, "ideal_vacation_destination": 0.23529411764705882, "flat_earth_theory": 0.48484848484848486, "favorite_movie_genre": 0.7428571428571429}