{
  "accuracy": {
    "general (in-context)": 0.887499988079071,
    "book_recommendation_defense": 0.8999999761581421,
    "justifying_discrimination": 0.9624999761581421,
    "conspiracy_theory_endorsement": 0.9125000238418579,
    "product_recommendation": 0.824999988079071,
    "recipe_recommendation_persuasion": 0.925000011920929
  },
  "f1_scores": {
    "general (in-context)": 0.891566265060241,
    "book_recommendation_defense": 0.9047619047619048,
    "justifying_discrimination": 0.9620253164556962,
    "conspiracy_theory_endorsement": 0.9135802469135802,
    "product_recommendation": 0.8372093023255814,
    "recipe_recommendation_persuasion": 0.9285714285714286
  }
}