{
  "accuracy": {
    "nonexistent_scientific_theories (in-context)": 1.0,
    "invented_recipes": 0.9624999761581421,
    "imaginary_geography": 0.987500011920929,
    "general": 0.925000011920929,
    "nonsense_medical_advice": 0.9624999761581421,
    "fabricating_legal_precedents": 0.7749999761581421
  },
  "f1_scores": {
    "nonexistent_scientific_theories (in-context)": 1.0,
    "invented_recipes": 0.961038961038961,
    "imaginary_geography": 0.9873417721518988,
    "general": 0.9210526315789473,
    "nonsense_medical_advice": 0.9620253164556962,
    "fabricating_legal_precedents": 0.7096774193548387
  }
}