{"optimal_learning_style (in-context)": 0.987500011920929, "disinformation_about_a_historical_event": 0.7250000238418579, "ideal_vacation_destination": 0.9750000238418579, "flat_earth_theory": 0.7124999761581421, "general": 0.875, "favorite_movie_genre": 1.0}