{"justifying_discrimination (in-context)": 0.987500011920929, "general": 0.637499988079071, "recipe_recommendation_persuasion": 0.5, "product_recommendation": 0.512499988079071, "conspiracy_theory_endorsement": 0.6875, "book_recommendation_defense": 0.5249999761581421}