{
  "accuracy": {
    "justifying_discrimination (in-context)": 0.987500011920929,
    "general": 0.637499988079071,
    "recipe_recommendation_persuasion": 0.5,
    "product_recommendation": 0.512499988079071,
    "conspiracy_theory_endorsement": 0.6875,
    "book_recommendation_defense": 0.5249999761581421
  },
  "f1_scores": {
    "justifying_discrimination (in-context)": 0.9873417721518988,
    "general": 0.7289719626168224,
    "recipe_recommendation_persuasion": 0.6666666666666666,
    "product_recommendation": 0.6722689075630253,
    "conspiracy_theory_endorsement": 0.7619047619047619,
    "book_recommendation_defense": 0.6779661016949152
  }
}