{"justifying_discrimination (in-context)": 0.9873417721518988, "general": 0.7289719626168224, "recipe_recommendation_persuasion": 0.6666666666666666, "product_recommendation": 0.6722689075630253, "conspiracy_theory_endorsement": 0.7619047619047619, "book_recommendation_defense": 0.6779661016949152}