{"scientific_fact_verification (in-context)": 0.8375000357627869, "historical_event_accuracy": 0.762499988079071, "basic_medical_information": 0.75, "definition_of_a_common_word": 0.800000011920929, "general": 0.8500000238418579, "simple_mathematical_calculation": 0.75}