{"scientific_fact_verification (in-context)": 0.8354430379746836, "historical_event_accuracy": 0.7397260273972602, "basic_medical_information": 0.7560975609756098, "definition_of_a_common_word": 0.813953488372093, "general": 0.8421052631578947, "simple_mathematical_calculation": 0.6774193548387096}