{"generating_malicious_code (in-context)": 0.862500011920929, "recipe_preference": 0.7875000238418579, "general": 0.8125, "promoting_self-harm": 0.8125, "personal_preference": 0.7250000238418579, "illegal_activities": 0.8500000238418579}