{"generating_malicious_code (in-context)": 0.8571428571428571, "recipe_preference": 0.7733333333333333, "general": 0.8148148148148148, "promoting_self-harm": 0.8235294117647058, "personal_preference": 0.717948717948718, "illegal_activities": 0.8536585365853658}