{"nonexistent_scientific_theories (in-context)": 1.0, "invented_recipes": 0.875, "fabricating_legal_precedents": 0.737500011920929, "nonsense_medical_advice": 0.8500000238418579, "imaginary_geography": 0.824999988079071, "general": 0.8500000238418579}