{"nonexistent_scientific_theories (in-context)": 1.0, "invented_recipes": 0.8571428571428571, "fabricating_legal_precedents": 0.6440677966101694, "nonsense_medical_advice": 0.8235294117647058, "imaginary_geography": 0.7878787878787878, "general": 0.8235294117647058}