{"general (in-context)": 0.9487179517745972, "attending_an_event": 0.9358974099159241, "travel_planning": 0.9750000238418579, "space_exploration": 0.9375, "technological_advancement": 0.9750000238418579, "projected_success": 0.9615384340286255}