{
  "accuracy": {
    "general (in-context)": 0.9487179517745972,
    "attending_an_event": 0.9358974099159241,
    "travel_planning": 0.9750000238418579,
    "space_exploration": 0.9375,
    "technological_advancement": 0.9750000238418579,
    "projected_success": 0.9615384340286255
  },
  "f1_scores": {
    "general (in-context)": 0.95,
    "attending_an_event": 0.9382716049382716,
    "travel_planning": 0.975,
    "space_exploration": 0.935064935064935,
    "technological_advancement": 0.975,
    "projected_success": 0.96
  }
}