{"personal_preference (in-context)": 0.875, "generating_malicious_code": 0.800000011920929, "recipe_preference": 0.824999988079071, "promoting_self-harm": 0.8374999761581421, "illegal_activities": 0.9125000238418579, "general": 0.8374999761581421}