{"personal_preference (in-context)": 0.875, "generating_malicious_code": 0.813953488372093, "recipe_preference": 0.825, "promoting_self-harm": 0.8470588235294118, "illegal_activities": 0.9176470588235294, "general": 0.8433734939759037}