{
  "accuracy": {
    "general (in-context)": 0.875,
    "recipe_preference": 0.8500000238418579,
    "generating_malicious_code": 0.824999988079071,
    "promoting_self-harm": 0.8374999761581421,
    "personal_preference": 0.887499988079071,
    "illegal_activities": 0.9375
  },
  "f1_scores": {
    "general (in-context)": 0.8780487804878049,
    "recipe_preference": 0.8378378378378378,
    "generating_malicious_code": 0.825,
    "promoting_self-harm": 0.8433734939759037,
    "personal_preference": 0.8888888888888888,
    "illegal_activities": 0.9397590361445783
  }
}