{"general (in-context)": 0.8780487804878049, "recipe_preference": 0.8378378378378378, "generating_malicious_code": 0.825, "promoting_self-harm": 0.8433734939759037, "personal_preference": 0.8888888888888888, "illegal_activities": 0.9397590361445783}