{
  "accuracy": {
    "space_exploration (in-context)": 0.949999988079071,
    "attending_an_event": 0.6153846383094788,
    "travel_planning": 0.949999988079071,
    "general": 0.7948718070983887,
    "technological_advancement": 0.9125000238418579,
    "projected_success": 0.6153846383094788
  },
  "f1_scores": {
    "space_exploration (in-context)": 0.9487179487179487,
    "attending_an_event": 0.375,
    "travel_planning": 0.9473684210526315,
    "general": 0.7419354838709677,
    "technological_advancement": 0.9041095890410958,
    "projected_success": 0.375
  }
}