{"space_exploration (in-context)": 0.9487179487179487, "attending_an_event": 0.375, "travel_planning": 0.9473684210526315, "general": 0.7419354838709677, "technological_advancement": 0.9041095890410958, "projected_success": 0.375}