{
  "accuracy": {
    "simple_mathematical_calculation (in-context)": 0.7875000238418579,
    "basic_medical_information": 0.6625000238418579,
    "scientific_fact_verification": 0.5249999761581421,
    "historical_event_accuracy": 0.5874999761581421,
    "definition_of_a_common_word": 0.800000011920929,
    "general": 0.699999988079071
  },
  "f1_scores": {
    "simple_mathematical_calculation (in-context)": 0.7848101265822784,
    "basic_medical_information": 0.7476635514018691,
    "scientific_fact_verification": 0.6274509803921569,
    "historical_event_accuracy": 0.6972477064220184,
    "definition_of_a_common_word": 0.8297872340425532,
    "general": 0.75
  }
}