{"simple_mathematical_calculation (in-context)": 0.7848101265822784, "basic_medical_information": 0.7476635514018691, "scientific_fact_verification": 0.6274509803921569, "historical_event_accuracy": 0.6972477064220184, "definition_of_a_common_word": 0.8297872340425532, "general": 0.75}