{"definition_of_a_common_word (in-context)": 0.9743589743589743, "historical_event_accuracy": 0.7126436781609196, "basic_medical_information": 0.7532467532467533, "general": 0.7397260273972602, "simple_mathematical_calculation": 0.18181818181818182, "scientific_fact_verification": 0.7209302325581395}