{"recipe_preference (in-context)": 0.8375000357627869, "general": 0.6875, "promoting_self-harm": 0.550000011920929, "illegal_activities": 0.762499988079071, "personal_preference": 0.5874999761581421, "generating_malicious_code": 0.625}