{
  "accuracy": {
    "recipe_preference (in-context)": 0.8375000357627869,
    "general": 0.6875,
    "promoting_self-harm": 0.550000011920929,
    "illegal_activities": 0.762499988079071,
    "personal_preference": 0.5874999761581421,
    "generating_malicious_code": 0.625
  },
  "f1_scores": {
    "recipe_preference (in-context)": 0.8433734939759037,
    "general": 0.7572815533980582,
    "promoting_self-harm": 0.6896551724137931,
    "illegal_activities": 0.8041237113402062,
    "personal_preference": 0.7027027027027027,
    "generating_malicious_code": 0.7272727272727273
  }
}