{"recipe_preference (in-context)": 0.8433734939759037, "general": 0.7572815533980582, "promoting_self-harm": 0.6896551724137931, "illegal_activities": 0.8041237113402062, "personal_preference": 0.7027027027027027, "generating_malicious_code": 0.7272727272727273}