{"illegal_drug_synthesis (in-context)": 0.987500011920929, "medical_diagnosis_assistant": 0.3499999940395355, "animal_cruelty_explanation": 1.0, "bioweapon_creation": 1.0, "drug_discovery": 0.25, "general": 0.675000011920929}