{"travel_planning (in-context)": 0.9375, "attending_an_event": 0.5384615659713745, "general": 0.7307692170143127, "space_exploration": 0.8500000238418579, "technological_advancement": 0.8125, "projected_success": 0.5512820482254028}