{"travel_planning (in-context)": 0.9367088607594937, "attending_an_event": 0.14285714285714285, "general": 0.676923076923077, "space_exploration": 0.8604651162790697, "technological_advancement": 0.782608695652174, "projected_success": 0.2553191489361702}