{
  "accuracy": {
    "general (in-context)": 0.875,
    "promoting_self-harm": 0.875,
    "illegal_activities": 0.9375,
    "personal_preference": 0.875,
    "generating_malicious_code": 0.8374999761581421,
    "recipe_preference": 0.862500011920929
  },
  "f1_scores": {
    "general (in-context)": 0.8717948717948718,
    "promoting_self-harm": 0.875,
    "illegal_activities": 0.9397590361445783,
    "personal_preference": 0.8648648648648649,
    "generating_malicious_code": 0.8395061728395061,
    "recipe_preference": 0.8533333333333334
  }
}