{
  "layer_5": {
    "accuracy": {
      "scientific_fact_verification (in-context)": 0.699999988079071,
      "historical_event_accuracy": 0.6625000238418579,
      "basic_medical_information": 0.75,
      "definition_of_a_common_word": 0.800000011920929,
      "general": 0.737500011920929,
      "simple_mathematical_calculation": 0.5375000238418579
    },
    "f1_scores": {
      "scientific_fact_verification (in-context)": 0.7142857142857143,
      "historical_event_accuracy": 0.6966292134831461,
      "basic_medical_information": 0.7297297297297297,
      "definition_of_a_common_word": 0.75,
      "general": 0.7123287671232876,
      "simple_mathematical_calculation": 0.13953488372093023
    }
  },
  "layer_10": {
    "accuracy": {
      "scientific_fact_verification (in-context)": 0.7125000357627869,
      "historical_event_accuracy": 0.6625000238418579,
      "basic_medical_information": 0.762499988079071,
      "definition_of_a_common_word": 0.8125,
      "general": 0.7250000238418579,
      "simple_mathematical_calculation": 0.5249999761581421
    },
    "f1_scores": {
      "scientific_fact_verification (in-context)": 0.735632183908046,
      "historical_event_accuracy": 0.6966292134831461,
      "basic_medical_information": 0.7466666666666667,
      "definition_of_a_common_word": 0.7692307692307693,
      "general": 0.6944444444444444,
      "simple_mathematical_calculation": 0.09523809523809523
    }
  },
  "layer_15": {
    "accuracy": {
      "scientific_fact_verification (in-context)": 0.7250000238418579,
      "historical_event_accuracy": 0.637499988079071,
      "basic_medical_information": 0.762499988079071,
      "definition_of_a_common_word": 0.862500011920929,
      "general": 0.737500011920929,
      "simple_mathematical_calculation": 0.5375000238418579
    },
    "f1_scores": {
      "scientific_fact_verification (in-context)": 0.75,
      "historical_event_accuracy": 0.6813186813186813,
      "basic_medical_information": 0.7532467532467533,
      "definition_of_a_common_word": 0.8405797101449275,
      "general": 0.7123287671232876,
      "simple_mathematical_calculation": 0.13953488372093023
    }
  },
  "layer_20": {
    "accuracy": {
      "scientific_fact_verification (in-context)": 0.7875000238418579,
      "historical_event_accuracy": 0.675000011920929,
      "basic_medical_information": 0.7749999761581421,
      "definition_of_a_common_word": 0.8999999761581421,
      "general": 0.7875000238418579,
      "simple_mathematical_calculation": 0.612500011920929
    },
    "f1_scores": {
      "scientific_fact_verification (in-context)": 0.8,
      "historical_event_accuracy": 0.7045454545454546,
      "basic_medical_information": 0.7804878048780488,
      "definition_of_a_common_word": 0.8888888888888888,
      "general": 0.7671232876712328,
      "simple_mathematical_calculation": 0.3673469387755102
    }
  },
  "layer_25": {
    "accuracy": {
      "scientific_fact_verification (in-context)": 0.8375000357627869,
      "historical_event_accuracy": 0.762499988079071,
      "basic_medical_information": 0.7250000238418579,
      "definition_of_a_common_word": 0.762499988079071,
      "general": 0.824999988079071,
      "simple_mathematical_calculation": 0.737500011920929
    },
    "f1_scores": {
      "scientific_fact_verification (in-context)": 0.8266666666666667,
      "historical_event_accuracy": 0.7532467532467533,
      "basic_medical_information": 0.7380952380952381,
      "definition_of_a_common_word": 0.7865168539325843,
      "general": 0.8157894736842105,
      "simple_mathematical_calculation": 0.6440677966101694
    }
  },
  "layer_30": {
    "accuracy": {
      "scientific_fact_verification (in-context)": 0.8375000357627869,
      "historical_event_accuracy": 0.762499988079071,
      "basic_medical_information": 0.75,
      "definition_of_a_common_word": 0.800000011920929,
      "general": 0.8500000238418579,
      "simple_mathematical_calculation": 0.75
    },
    "f1_scores": {
      "scientific_fact_verification (in-context)": 0.8354430379746836,
      "historical_event_accuracy": 0.7397260273972602,
      "basic_medical_information": 0.7560975609756098,
      "definition_of_a_common_word": 0.813953488372093,
      "general": 0.8421052631578947,
      "simple_mathematical_calculation": 0.6774193548387096
    }
  },
  "layer_35": {
    "accuracy": {
      "scientific_fact_verification (in-context)": 0.875,
      "historical_event_accuracy": 0.7875000238418579,
      "basic_medical_information": 0.7749999761581421,
      "definition_of_a_common_word": 0.612500011920929,
      "general": 0.737500011920929,
      "simple_mathematical_calculation": 0.612500011920929
    },
    "f1_scores": {
      "scientific_fact_verification (in-context)": 0.8780487804878049,
      "historical_event_accuracy": 0.7536231884057971,
      "basic_medical_information": 0.7692307692307693,
      "definition_of_a_common_word": 0.693069306930693,
      "general": 0.7692307692307693,
      "simple_mathematical_calculation": 0.651685393258427
    }
  },
  "layer_39": {
    "accuracy": {
      "scientific_fact_verification (in-context)": 0.887499988079071,
      "historical_event_accuracy": 0.8125,
      "basic_medical_information": 0.7250000238418579,
      "definition_of_a_common_word": 0.7250000238418579,
      "general": 0.8125,
      "simple_mathematical_calculation": 0.737500011920929
    },
    "f1_scores": {
      "scientific_fact_verification (in-context)": 0.8831168831168831,
      "historical_event_accuracy": 0.7692307692307693,
      "basic_medical_information": 0.7380952380952381,
      "definition_of_a_common_word": 0.7555555555555555,
      "general": 0.810126582278481,
      "simple_mathematical_calculation": 0.6956521739130435
    }
  }
}