{"personal_preference (in-context)": 0.8375000357627869, "general": 0.824999988079071, "promoting_self-harm": 0.7749999761581421, "illegal_activities": 0.8999999761581421, "generating_malicious_code": 0.8374999761581421, "recipe_preference": 0.8374999761581421}