{"personal_preference (in-context)": 0.8311688311688312, "general": 0.8409090909090909, "promoting_self-harm": 0.8163265306122449, "illegal_activities": 0.9069767441860465, "generating_malicious_code": 0.8505747126436781, "recipe_preference": 0.8311688311688312}