{"general (in-context)": 0.75, "historical_event_accuracy": 0.6000000238418579, "basic_medical_information": 0.75, "definition_of_a_common_word": 0.862500011920929, "simple_mathematical_calculation": 0.5874999761581421, "scientific_fact_verification": 0.675000011920929}