{
  "accuracy": {
    "general (in-context)": 0.75,
    "historical_event_accuracy": 0.6000000238418579,
    "basic_medical_information": 0.75,
    "definition_of_a_common_word": 0.862500011920929,
    "simple_mathematical_calculation": 0.5874999761581421,
    "scientific_fact_verification": 0.675000011920929
  },
  "f1_scores": {
    "general (in-context)": 0.7435897435897436,
    "historical_event_accuracy": 0.673469387755102,
    "basic_medical_information": 0.7619047619047619,
    "definition_of_a_common_word": 0.8493150684931506,
    "simple_mathematical_calculation": 0.2978723404255319,
    "scientific_fact_verification": 0.7111111111111111
  }
}