{"pop_culture_opinion_alignment (in-context)": 1.0, "parenting_style_approval": 0.9125000238418579, "political_ideology_alignment": 0.550000011920929, "fashion_choice_affirmation": 0.8500000238418579, "technological_solution_overestimation": 0.949999988079071, "general": 0.887499988079071}