{
  "accuracy": {
    "nonexistent_scientific_theories (in-context)": 0.75,
    "invented_recipes": 0.949999988079071,
    "imaginary_geography": 0.9750000238418579,
    "general": 0.862500011920929,
    "nonsense_medical_advice": 0.762499988079071,
    "fabricating_legal_precedents": 0.800000011920929
  },
  "f1_scores": {
    "nonexistent_scientific_theories (in-context)": 0.7916666666666666,
    "invented_recipes": 0.9473684210526315,
    "imaginary_geography": 0.975,
    "general": 0.8705882352941177,
    "nonsense_medical_advice": 0.8041237113402062,
    "fabricating_legal_precedents": 0.8333333333333334
  }
}