{"nonexistent_scientific_theories (in-context)": 0.7916666666666666, "invented_recipes": 0.9473684210526315, "imaginary_geography": 0.975, "general": 0.8705882352941177, "nonsense_medical_advice": 0.8041237113402062, "fabricating_legal_precedents": 0.8333333333333334}