{
  "layer_0": {
    "accuracy": {
      "personal_preference (in-context)": 0.824999988079071,
      "general": 0.8374999761581421,
      "illegal_activities": 0.762499988079071,
      "recipe_preference": 0.824999988079071,
      "generating_malicious_code": 0.8374999761581421,
      "promoting_self-harm": 0.7124999761581421
    },
    "f1_scores": {
      "personal_preference (in-context)": 0.8372093023255814,
      "general": 0.8539325842696629,
      "illegal_activities": 0.7956989247311828,
      "recipe_preference": 0.825,
      "generating_malicious_code": 0.8395061728395061,
      "promoting_self-harm": 0.7578947368421053
    }
  },
  "layer_1": {
    "accuracy": {
      "personal_preference (in-context)": 0.862500011920929,
      "general": 0.7875000238418579,
      "illegal_activities": 0.7250000238418579,
      "recipe_preference": 0.824999988079071,
      "generating_malicious_code": 0.8125,
      "promoting_self-harm": 0.6625000238418579
    },
    "f1_scores": {
      "personal_preference (in-context)": 0.8764044943820225,
      "general": 0.8247422680412371,
      "illegal_activities": 0.7708333333333334,
      "recipe_preference": 0.7741935483870968,
      "generating_malicious_code": 0.8387096774193549,
      "promoting_self-harm": 0.6493506493506493
    }
  },
  "layer_2": {
    "accuracy": {
      "personal_preference (in-context)": 0.862500011920929,
      "general": 0.7875000238418579,
      "illegal_activities": 0.75,
      "recipe_preference": 0.887499988079071,
      "generating_malicious_code": 0.8500000238418579,
      "promoting_self-harm": 0.699999988079071
    },
    "f1_scores": {
      "personal_preference (in-context)": 0.8735632183908046,
      "general": 0.7792207792207793,
      "illegal_activities": 0.7777777777777778,
      "recipe_preference": 0.8524590163934426,
      "generating_malicious_code": 0.8461538461538461,
      "promoting_self-harm": 0.7
    }
  },
  "layer_3": {
    "accuracy": {
      "personal_preference (in-context)": 0.9000000357627869,
      "general": 0.8125,
      "illegal_activities": 0.8125,
      "recipe_preference": 0.9375,
      "generating_malicious_code": 0.8374999761581421,
      "promoting_self-harm": 0.699999988079071
    },
    "f1_scores": {
      "personal_preference (in-context)": 0.9090909090909091,
      "general": 0.8148148148148148,
      "illegal_activities": 0.8148148148148148,
      "recipe_preference": 0.9367088607594937,
      "generating_malicious_code": 0.8433734939759037,
      "promoting_self-harm": 0.7
    }
  },
  "layer_4": {
    "accuracy": {
      "personal_preference (in-context)": 0.887499988079071,
      "general": 0.7749999761581421,
      "illegal_activities": 0.8125,
      "recipe_preference": 0.887499988079071,
      "generating_malicious_code": 0.7749999761581421,
      "promoting_self-harm": 0.6875
    },
    "f1_scores": {
      "personal_preference (in-context)": 0.896551724137931,
      "general": 0.7567567567567568,
      "illegal_activities": 0.810126582278481,
      "recipe_preference": 0.8656716417910447,
      "generating_malicious_code": 0.8,
      "promoting_self-harm": 0.7126436781609196
    }
  },
  "layer_5": {
    "accuracy": {
      "personal_preference (in-context)": 0.875,
      "general": 0.8500000238418579,
      "illegal_activities": 0.737500011920929,
      "recipe_preference": 0.8999999761581421,
      "generating_malicious_code": 0.8125,
      "promoting_self-harm": 0.7124999761581421
    },
    "f1_scores": {
      "personal_preference (in-context)": 0.8888888888888888,
      "general": 0.8461538461538461,
      "illegal_activities": 0.7586206896551724,
      "recipe_preference": 0.8888888888888888,
      "generating_malicious_code": 0.8275862068965517,
      "promoting_self-harm": 0.7160493827160493
    }
  },
  "layer_6": {
    "accuracy": {
      "personal_preference (in-context)": 0.887499988079071,
      "general": 0.7749999761581421,
      "illegal_activities": 0.7250000238418579,
      "recipe_preference": 0.862500011920929,
      "generating_malicious_code": 0.824999988079071,
      "promoting_self-harm": 0.7875000238418579
    },
    "f1_scores": {
      "personal_preference (in-context)": 0.898876404494382,
      "general": 0.7954545454545454,
      "illegal_activities": 0.7380952380952381,
      "recipe_preference": 0.8705882352941177,
      "generating_malicious_code": 0.8333333333333334,
      "promoting_self-harm": 0.7951807228915663
    }
  },
  "layer_7": {
    "accuracy": {
      "personal_preference (in-context)": 0.887499988079071,
      "general": 0.7875000238418579,
      "illegal_activities": 0.675000011920929,
      "recipe_preference": 0.8374999761581421,
      "generating_malicious_code": 0.7875000238418579,
      "promoting_self-harm": 0.637499988079071
    },
    "f1_scores": {
      "personal_preference (in-context)": 0.898876404494382,
      "general": 0.7901234567901234,
      "illegal_activities": 0.6578947368421053,
      "recipe_preference": 0.821917808219178,
      "generating_malicious_code": 0.7848101265822784,
      "promoting_self-harm": 0.6813186813186813
    }
  },
  "layer_8": {
    "accuracy": {
      "personal_preference (in-context)": 0.887499988079071,
      "general": 0.8500000238418579,
      "illegal_activities": 0.762499988079071,
      "recipe_preference": 0.9375,
      "generating_malicious_code": 0.824999988079071,
      "promoting_self-harm": 0.8374999761581421
    },
    "f1_scores": {
      "personal_preference (in-context)": 0.8941176470588236,
      "general": 0.8695652173913043,
      "illegal_activities": 0.7164179104477612,
      "recipe_preference": 0.9425287356321839,
      "generating_malicious_code": 0.8444444444444444,
      "promoting_self-harm": 0.8311688311688312
    }
  },
  "layer_9": {
    "accuracy": {
      "personal_preference (in-context)": 0.9000000357627869,
      "general": 0.8500000238418579,
      "illegal_activities": 0.7875000238418579,
      "recipe_preference": 0.875,
      "generating_malicious_code": 0.8374999761581421,
      "promoting_self-harm": 0.800000011920929
    },
    "f1_scores": {
      "personal_preference (in-context)": 0.9069767441860465,
      "general": 0.8636363636363636,
      "illegal_activities": 0.7848101265822784,
      "recipe_preference": 0.8648648648648649,
      "generating_malicious_code": 0.8686868686868687,
      "promoting_self-harm": 0.813953488372093
    }
  },
  "layer_10": {
    "accuracy": {
      "personal_preference (in-context)": 0.875,
      "general": 0.8125,
      "illegal_activities": 0.75,
      "recipe_preference": 0.887499988079071,
      "generating_malicious_code": 0.8500000238418579,
      "promoting_self-harm": 0.7875000238418579
    },
    "f1_scores": {
      "personal_preference (in-context)": 0.8837209302325582,
      "general": 0.8148148148148148,
      "illegal_activities": 0.7872340425531915,
      "recipe_preference": 0.88,
      "generating_malicious_code": 0.8604651162790697,
      "promoting_self-harm": 0.8045977011494253
    }
  },
  "layer_11": {
    "accuracy": {
      "personal_preference (in-context)": 0.875,
      "general": 0.762499988079071,
      "illegal_activities": 0.7875000238418579,
      "recipe_preference": 0.8999999761581421,
      "generating_malicious_code": 0.824999988079071,
      "promoting_self-harm": 0.699999988079071
    },
    "f1_scores": {
      "personal_preference (in-context)": 0.8837209302325582,
      "general": 0.7466666666666667,
      "illegal_activities": 0.7901234567901234,
      "recipe_preference": 0.9069767441860465,
      "generating_malicious_code": 0.8409090909090909,
      "promoting_self-harm": 0.7333333333333333
    }
  },
  "layer_12": {
    "accuracy": {
      "personal_preference (in-context)": 0.875,
      "general": 0.8125,
      "illegal_activities": 0.7250000238418579,
      "recipe_preference": 0.887499988079071,
      "generating_malicious_code": 0.800000011920929,
      "promoting_self-harm": 0.7749999761581421
    },