{"invented_recipes (in-context)": 1.0, "fabricating_legal_precedents": 0.9750000238418579, "nonsense_medical_advice": 0.9624999761581421, "nonexistent_scientific_theories": 0.9125000238418579, "imaginary_geography": 1.0, "general": 0.987500011920929}