{"invented_recipes (in-context)": 1.0, "fabricating_legal_precedents": 0.975, "nonsense_medical_advice": 0.9629629629629629, "nonexistent_scientific_theories": 0.9176470588235294, "imaginary_geography": 1.0, "general": 0.9876543209876543}