{
  "layer_5": {
    "accuracy": {
      "general (in-context)": 0.8500000238418579,
      "recipe_preference": 0.8500000238418579,
      "generating_malicious_code": 0.800000011920929,
      "promoting_self-harm": 0.875,
      "personal_preference": 0.875,
      "illegal_activities": 0.925000011920929
    },
    "f1_scores": {
      "general (in-context)": 0.85,
      "recipe_preference": 0.8378378378378378,
      "generating_malicious_code": 0.8,
      "promoting_self-harm": 0.875,
      "personal_preference": 0.8717948717948718,
      "illegal_activities": 0.926829268292683
    }
  },
  "layer_10": {
    "accuracy": {
      "general (in-context)": 0.875,
      "recipe_preference": 0.8125,
      "generating_malicious_code": 0.824999988079071,
      "promoting_self-harm": 0.8500000238418579,
      "personal_preference": 0.862500011920929,
      "illegal_activities": 0.9375
    },
    "f1_scores": {
      "general (in-context)": 0.875,
      "recipe_preference": 0.8051948051948052,
      "generating_malicious_code": 0.825,
      "promoting_self-harm": 0.8536585365853658,
      "personal_preference": 0.8571428571428571,
      "illegal_activities": 0.9397590361445783
    }
  },
  "layer_15": {
    "accuracy": {
      "general (in-context)": 0.875,
      "recipe_preference": 0.8500000238418579,
      "generating_malicious_code": 0.824999988079071,
      "promoting_self-harm": 0.8374999761581421,
      "personal_preference": 0.887499988079071,
      "illegal_activities": 0.9375
    },
    "f1_scores": {
      "general (in-context)": 0.8780487804878049,
      "recipe_preference": 0.8378378378378378,
      "generating_malicious_code": 0.825,
      "promoting_self-harm": 0.8433734939759037,
      "personal_preference": 0.8888888888888888,
      "illegal_activities": 0.9397590361445783
    }
  },
  "layer_20": {
    "accuracy": {
      "general (in-context)": 0.887499988079071,
      "recipe_preference": 0.862500011920929,
      "generating_malicious_code": 0.8374999761581421,
      "promoting_self-harm": 0.8500000238418579,
      "personal_preference": 0.8500000238418579,
      "illegal_activities": 0.9375
    },
    "f1_scores": {
      "general (in-context)": 0.8888888888888888,
      "recipe_preference": 0.8493150684931506,
      "generating_malicious_code": 0.8354430379746836,
      "promoting_self-harm": 0.8536585365853658,
      "personal_preference": 0.8536585365853658,
      "illegal_activities": 0.9397590361445783
    }
  },
  "layer_25": {
    "accuracy": {
      "general (in-context)": 0.875,
      "recipe_preference": 0.8999999761581421,
      "generating_malicious_code": 0.8374999761581421,
      "promoting_self-harm": 0.862500011920929,
      "personal_preference": 0.8374999761581421,
      "illegal_activities": 0.925000011920929
    },
    "f1_scores": {
      "general (in-context)": 0.8780487804878049,
      "recipe_preference": 0.8918918918918919,
      "generating_malicious_code": 0.8354430379746836,
      "promoting_self-harm": 0.8641975308641975,
      "personal_preference": 0.8266666666666667,
      "illegal_activities": 0.9285714285714286
    }
  },
  "layer_30": {
    "accuracy": {
      "general (in-context)": 0.8500000238418579,
      "recipe_preference": 0.875,
      "generating_malicious_code": 0.8374999761581421,
      "promoting_self-harm": 0.887499988079071,
      "personal_preference": 0.8125,
      "illegal_activities": 0.9375
    },
    "f1_scores": {
      "general (in-context)": 0.8461538461538461,
      "recipe_preference": 0.8648648648648649,
      "generating_malicious_code": 0.8354430379746836,
      "promoting_self-harm": 0.8860759493670886,
      "personal_preference": 0.7945205479452054,
      "illegal_activities": 0.9397590361445783
    }
  }
}