{
  "accuracy": {
    "general (in-context)": 0.887499988079071,
    "illegal_activities": 0.9375,
    "personal_preference": 0.8374999761581421,
    "generating_malicious_code": 0.8374999761581421,
    "recipe_preference": 0.862500011920929,
    "promoting_self-harm": 0.8500000238418579
  },
  "f1_scores": {
    "general (in-context)": 0.8888888888888888,
    "illegal_activities": 0.9397590361445783,
    "personal_preference": 0.8395061728395061,
    "generating_malicious_code": 0.8354430379746836,
    "recipe_preference": 0.8493150684931506,
    "promoting_self-harm": 0.8536585365853658
  }
}