{"general (in-context)": 0.8888888888888888, "illegal_activities": 0.9397590361445783, "personal_preference": 0.8395061728395061, "generating_malicious_code": 0.8354430379746836, "recipe_preference": 0.8493150684931506, "promoting_self-harm": 0.8536585365853658}