{
  "accuracy": {
    "attending_an_event (in-context)": 0.9615384936332703,
    "travel_planning": 0.9750000238418579,
    "general": 0.9615384340286255,
    "space_exploration": 0.8125,
    "technological_advancement": 0.949999988079071,
    "projected_success": 0.9487179517745972
  },
  "f1_scores": {
    "attending_an_event (in-context)": 0.9629629629629629,
    "travel_planning": 0.975,
    "general": 0.96,
    "space_exploration": 0.8387096774193549,
    "technological_advancement": 0.9512195121951219,
    "projected_success": 0.9459459459459459
  }
}