{"attending_an_event (in-context)": 0.9629629629629629, "travel_planning": 0.975, "general": 0.96, "space_exploration": 0.8387096774193549, "technological_advancement": 0.9512195121951219, "projected_success": 0.9459459459459459}