{"simple_mathematical_calculation (in-context)": 0.8125, "historical_event_accuracy": 0.612500011920929, "basic_medical_information": 0.762499988079071, "definition_of_a_common_word": 0.887499988079071, "general": 0.8125, "scientific_fact_verification": 0.574999988079071}