{
  "accuracy": {
    "simple_mathematical_calculation (in-context)": 0.8125,
    "historical_event_accuracy": 0.612500011920929,
    "basic_medical_information": 0.762499988079071,
    "definition_of_a_common_word": 0.887499988079071,
    "general": 0.8125,
    "scientific_fact_verification": 0.574999988079071
  },
  "f1_scores": {
    "simple_mathematical_calculation (in-context)": 0.8,
    "historical_event_accuracy": 0.6804123711340206,
    "basic_medical_information": 0.7654320987654321,
    "definition_of_a_common_word": 0.8860759493670886,
    "general": 0.8235294117647058,
    "scientific_fact_verification": 0.6530612244897959
  }
}