{"space_exploration (in-context)": 0.887499988079071, "technological_advancement": 0.75, "travel_planning": 0.762499988079071, "attending_an_event": 0.5, "projected_success": 0.5128205418586731, "general": 0.692307710647583}