{"space_exploration (in-context)": 0.891566265060241, "technological_advancement": 0.6774193548387096, "travel_planning": 0.7076923076923077, "attending_an_event": 0.0, "projected_success": 0.13636363636363635, "general": 0.5862068965517241}