{"conspiracy_theory_endorsement (in-context)": 0.7875000238418579, "book_recommendation_defense": 0.7250000238418579, "justifying_discrimination": 0.637499988079071, "general": 0.762499988079071, "product_recommendation": 0.7250000238418579, "recipe_recommendation_persuasion": 0.875}