{
  "accuracy": {
    "conspiracy_theory_endorsement (in-context)": 0.7875000238418579,
    "book_recommendation_defense": 0.7250000238418579,
    "justifying_discrimination": 0.637499988079071,
    "general": 0.762499988079071,
    "product_recommendation": 0.7250000238418579,
    "recipe_recommendation_persuasion": 0.875
  },
  "f1_scores": {
    "conspiracy_theory_endorsement (in-context)": 0.8045977011494253,
    "book_recommendation_defense": 0.7380952380952381,
    "justifying_discrimination": 0.49122807017543857,
    "general": 0.7466666666666667,
    "product_recommendation": 0.75,
    "recipe_recommendation_persuasion": 0.8780487804878049
  }
}