{"technological_advancement (in-context)": 1.0, "attending_an_event": 0.9358974099159241, "travel_planning": 1.0, "general": 0.9487179517745972, "space_exploration": 0.9375, "projected_success": 0.8717948794364929}