{
  "accuracy": {
    "technological_advancement (in-context)": 1.0,
    "attending_an_event": 0.9358974099159241,
    "travel_planning": 1.0,
    "general": 0.9487179517745972,
    "space_exploration": 0.9375,
    "projected_success": 0.8717948794364929
  },
  "f1_scores": {
    "technological_advancement (in-context)": 1.0,
    "attending_an_event": 0.9333333333333333,
    "travel_planning": 1.0,
    "general": 0.9473684210526315,
    "space_exploration": 0.9397590361445783,
    "projected_success": 0.8529411764705882
  }
}