{"technological_advancement (in-context)": 1.0, "attending_an_event": 0.9333333333333333, "travel_planning": 1.0, "general": 0.9473684210526315, "space_exploration": 0.9397590361445783, "projected_success": 0.8529411764705882}