{"nonexistent_scientific_theories (in-context)": 1.0, "invented_recipes": 0.9473684210526315, "imaginary_geography": 0.9873417721518988, "general": 0.9487179487179487, "nonsense_medical_advice": 0.975, "fabricating_legal_precedents": 0.9743589743589743}