{"definition_of_a_common_word (in-context)": 0.9375, "historical_event_accuracy": 0.612500011920929, "basic_medical_information": 0.7749999761581421, "general": 0.762499988079071, "simple_mathematical_calculation": 0.612500011920929, "scientific_fact_verification": 0.612500011920929}