{"definition_of_a_common_word (in-context)": 0.9411764705882353, "historical_event_accuracy": 0.6868686868686869, "basic_medical_information": 0.8, "general": 0.7654320987654321, "simple_mathematical_calculation": 0.3673469387755102, "scientific_fact_verification": 0.6736842105263158}