{
  "accuracy": {
    "recipe_preference (in-context)": 0.8375000357627869,
    "general": 0.7749999761581421,
    "promoting_self-harm": 0.7250000238418579,
    "illegal_activities": 0.9125000238418579,
    "personal_preference": 0.5874999761581421,
    "generating_malicious_code": 0.8374999761581421
  },
  "f1_scores": {
    "recipe_preference (in-context)": 0.8433734939759037,
    "general": 0.8043478260869565,
    "promoting_self-harm": 0.7708333333333334,
    "illegal_activities": 0.9176470588235294,
    "personal_preference": 0.7079646017699115,
    "generating_malicious_code": 0.8505747126436781
  }
}