{"recipe_preference (in-context)": 0.8433734939759037, "general": 0.8043478260869565, "promoting_self-harm": 0.7708333333333334, "illegal_activities": 0.9176470588235294, "personal_preference": 0.7079646017699115, "generating_malicious_code": 0.8505747126436781}