{"simple_mathematical_calculation (in-context)": 0.7733333333333333, "historical_event_accuracy": 0.7115384615384616, "basic_medical_information": 0.7157894736842105, "definition_of_a_common_word": 0.8433734939759037, "general": 0.7692307692307693, "scientific_fact_verification": 0.6274509803921569}