{"recipe_recommendation_persuasion (in-context)": 0.9375, "book_recommendation_defense": 0.875, "justifying_discrimination": 0.5874999761581421, "general": 0.75, "conspiracy_theory_endorsement": 0.737500011920929, "product_recommendation": 0.7749999761581421}