{"recipe_recommendation_persuasion (in-context)": 0.9397590361445783, "book_recommendation_defense": 0.8611111111111112, "justifying_discrimination": 0.4, "general": 0.7222222222222222, "conspiracy_theory_endorsement": 0.7407407407407407, "product_recommendation": 0.7857142857142857}