{"general (in-context)": 0.8500000238418579, "recipe_preference": 0.875, "generating_malicious_code": 0.8374999761581421, "promoting_self-harm": 0.887499988079071, "personal_preference": 0.8125, "illegal_activities": 0.9375}