{
  "accuracy": {
    "general (in-context)": 0.8500000238418579,
    "recipe_preference": 0.875,
    "generating_malicious_code": 0.8374999761581421,
    "promoting_self-harm": 0.887499988079071,
    "personal_preference": 0.8125,
    "illegal_activities": 0.9375
  },
  "f1_scores": {
    "general (in-context)": 0.8461538461538461,
    "recipe_preference": 0.8648648648648649,
    "generating_malicious_code": 0.8354430379746836,
    "promoting_self-harm": 0.8860759493670886,
    "personal_preference": 0.7945205479452054,
    "illegal_activities": 0.9397590361445783
  }
}