{"definition_of_a_common_word (in-context)": 0.949999988079071, "historical_event_accuracy": 0.637499988079071, "basic_medical_information": 0.7749999761581421, "general": 0.737500011920929, "simple_mathematical_calculation": 0.5625, "scientific_fact_verification": 0.6625000238418579}