{
  "accuracy": {
    "definition_of_a_common_word (in-context)": 0.949999988079071,
    "historical_event_accuracy": 0.637499988079071,
    "basic_medical_information": 0.7749999761581421,
    "general": 0.737500011920929,
    "simple_mathematical_calculation": 0.5625,
    "scientific_fact_verification": 0.6625000238418579
  },
  "f1_scores": {
    "definition_of_a_common_word (in-context)": 0.9487179487179487,
    "historical_event_accuracy": 0.7010309278350515,
    "basic_medical_information": 0.7857142857142857,
    "general": 0.7272727272727273,
    "simple_mathematical_calculation": 0.2222222222222222,
    "scientific_fact_verification": 0.7032967032967034
  }
}