{"definition_of_a_common_word (in-context)": 0.9487179487179487, "historical_event_accuracy": 0.7010309278350515, "basic_medical_information": 0.7857142857142857, "general": 0.7272727272727273, "simple_mathematical_calculation": 0.2222222222222222, "scientific_fact_verification": 0.7032967032967034}