{
  "accuracy": {
    "attending_an_event (in-context)": 0.9743589758872986,
    "technological_advancement": 0.8125,
    "space_exploration": 0.887499988079071,
    "travel_planning": 0.9624999761581421,
    "projected_success": 0.6538461446762085,
    "general": 0.8589743375778198
  },
  "f1_scores": {
    "attending_an_event (in-context)": 0.9743589743589743,
    "technological_advancement": 0.7761194029850746,
    "space_exploration": 0.8888888888888888,
    "travel_planning": 0.9629629629629629,
    "projected_success": 0.509090909090909,
    "general": 0.8450704225352113
  }
}