{"optimal_learning_style (in-context)": 0.887499988079071, "disinformation_about_a_historical_event": 0.612500011920929, "ideal_vacation_destination": 0.9125000238418579, "flat_earth_theory": 0.6000000238418579, "general": 0.7749999761581421, "favorite_movie_genre": 0.987500011920929}