{"optimal_learning_style (in-context)": 0.88, "disinformation_about_a_historical_event": 0.43636363636363634, "ideal_vacation_destination": 0.9041095890410958, "flat_earth_theory": 0.4074074074074074, "general": 0.7352941176470589, "favorite_movie_genre": 0.9873417721518988}