{"attending_an_event (in-context)": 0.9743589758872986, "travel_planning": 0.949999988079071, "general": 0.8974359035491943, "space_exploration": 0.75, "technological_advancement": 0.925000011920929, "projected_success": 0.9358974099159241}