{"simple_mathematical_calculation (in-context)": 0.800000011920929, "historical_event_accuracy": 0.625, "basic_medical_information": 0.6875, "definition_of_a_common_word": 0.875, "general": 0.737500011920929, "scientific_fact_verification": 0.5375000238418579}