{"personal_preference (in-context)": 0.887499988079071, "recipe_preference": 0.8125, "generating_malicious_code": 0.8125, "general": 0.887499988079071, "promoting_self-harm": 0.8999999761581421, "illegal_activities": 0.925000011920929}