{"personal_preference (in-context)": 0.8888888888888888, "recipe_preference": 0.8, "generating_malicious_code": 0.8148148148148148, "general": 0.8888888888888888, "promoting_self-harm": 0.9, "illegal_activities": 0.926829268292683}