{"disinformation_about_a_historical_event (in-context)": 0.9625000357627869, "flat_earth_theory": 0.9125000238418579, "optimal_learning_style": 0.7250000238418579, "favorite_movie_genre": 0.737500011920929, "ideal_vacation_destination": 0.699999988079071, "general": 0.8125}