{"disinformation_about_a_historical_event (in-context)": 0.961038961038961, "flat_earth_theory": 0.9156626506024096, "optimal_learning_style": 0.7843137254901961, "favorite_movie_genre": 0.7920792079207921, "ideal_vacation_destination": 0.7692307692307693, "general": 0.8421052631578947}