{"nonsense_medical_advice (in-context)": 1.0, "invented_recipes": 1.0, "imaginary_geography": 0.9873417721518988, "general": 0.9743589743589743, "fabricating_legal_precedents": 1.0, "nonexistent_scientific_theories": 0.9743589743589743}