{"general (in-context)": 0.862500011920929, "justifying_discrimination": 0.862500011920929, "recipe_recommendation_persuasion": 0.9624999761581421, "product_recommendation": 0.8374999761581421, "conspiracy_theory_endorsement": 0.875, "book_recommendation_defense": 0.949999988079071}