{"projected_success (in-context)": 0.9620253164556962, "technological_advancement": 0.8285714285714286, "space_exploration": 0.9024390243902439, "travel_planning": 0.9367088607594937, "attending_an_event": 0.9113924050632911, "general": 0.8648648648648649}