{"basic_medical_information (in-context)": 0.9000000357627869, "historical_event_accuracy": 0.625, "definition_of_a_common_word": 0.8500000238418579, "general": 0.7749999761581421, "simple_mathematical_calculation": 0.5249999761581421, "scientific_fact_verification": 0.800000011920929}