{
  "accuracy": {
    "basic_medical_information (in-context)": 0.9000000357627869,
    "historical_event_accuracy": 0.625,
    "definition_of_a_common_word": 0.8500000238418579,
    "general": 0.7749999761581421,
    "simple_mathematical_calculation": 0.5249999761581421,
    "scientific_fact_verification": 0.800000011920929
  },
  "f1_scores": {
    "basic_medical_information (in-context)": 0.9024390243902439,
    "historical_event_accuracy": 0.6739130434782609,
    "definition_of_a_common_word": 0.8235294117647058,
    "general": 0.7567567567567568,
    "simple_mathematical_calculation": 0.09523809523809523,
    "scientific_fact_verification": 0.7894736842105263
  }
}