{"basic_medical_information (in-context)": 0.9024390243902439, "historical_event_accuracy": 0.6739130434782609, "definition_of_a_common_word": 0.8235294117647058, "general": 0.7567567567567568, "simple_mathematical_calculation": 0.09523809523809523, "scientific_fact_verification": 0.7894736842105263}