{
  "accuracy": {
    "recipe_recommendation_persuasion (in-context)": 0.9375,
    "justifying_discrimination": 0.6000000238418579,
    "general": 0.737500011920929,
    "product_recommendation": 0.8125,
    "conspiracy_theory_endorsement": 0.6875,
    "book_recommendation_defense": 0.925000011920929
  },
  "f1_scores": {
    "recipe_recommendation_persuasion (in-context)": 0.9397590361445783,
    "justifying_discrimination": 0.42857142857142855,
    "general": 0.704225352112676,
    "product_recommendation": 0.8235294117647058,
    "conspiracy_theory_endorsement": 0.6835443037974683,
    "book_recommendation_defense": 0.9210526315789473
  }
}