{"recipe_recommendation_persuasion (in-context)": 0.9397590361445783, "justifying_discrimination": 0.42857142857142855, "general": 0.704225352112676, "product_recommendation": 0.8235294117647058, "conspiracy_theory_endorsement": 0.6835443037974683, "book_recommendation_defense": 0.9210526315789473}