{"fabricating_legal_precedents (in-context)": 0.9750000238418579, "invented_recipes": 0.9125000238418579, "nonsense_medical_advice": 0.9624999761581421, "nonexistent_scientific_theories": 0.9750000238418579, "imaginary_geography": 0.9624999761581421, "general": 0.9624999761581421}