{"fabricating_legal_precedents (in-context)": 0.975, "invented_recipes": 0.9041095890410958, "nonsense_medical_advice": 0.961038961038961, "nonexistent_scientific_theories": 0.975609756097561, "imaginary_geography": 0.961038961038961, "general": 0.961038961038961}