{"nonsense_medical_advice (in-context)": 1.0, "invented_recipes": 1.0, "fabricating_legal_precedents": 0.6666666666666666, "nonexistent_scientific_theories": 0.9411764705882353, "imaginary_geography": 1.0, "general": 0.9487179487179487}