{"favorite_movie_genre (in-context)": 0.987500011920929, "flat_earth_theory": 0.8500000238418579, "optimal_learning_style": 0.9750000238418579, "ideal_vacation_destination": 0.987500011920929, "general": 0.925000011920929, "disinformation_about_a_historical_event": 0.8374999761581421}