{"favorite_movie_genre (in-context)": 0.9876543209876543, "flat_earth_theory": 0.8235294117647058, "optimal_learning_style": 0.975609756097561, "ideal_vacation_destination": 0.9876543209876543, "general": 0.9230769230769231, "disinformation_about_a_historical_event": 0.8169014084507042}