{"product_recommendation (in-context)": 0.949999988079071, "book_recommendation_defense": 0.8999999761581421, "justifying_discrimination": 0.512499988079071, "general": 0.7875000238418579, "conspiracy_theory_endorsement": 0.699999988079071, "recipe_recommendation_persuasion": 0.875}