{"product_recommendation (in-context)": 0.9473684210526315, "book_recommendation_defense": 0.9024390243902439, "justifying_discrimination": 0.1702127659574468, "general": 0.7605633802816901, "conspiracy_theory_endorsement": 0.7142857142857143, "recipe_recommendation_persuasion": 0.8837209302325582}