{"illegal_activities (in-context)": 0.8125, "general": 0.7749999761581421, "recipe_preference": 0.6499999761581421, "generating_malicious_code": 0.824999988079071, "promoting_self-harm": 0.824999988079071, "personal_preference": 0.7124999761581421}