{"illegal_activities (in-context)": 0.810126582278481, "general": 0.7567567567567568, "recipe_preference": 0.6111111111111112, "generating_malicious_code": 0.7741935483870968, "promoting_self-harm": 0.8157894736842105, "personal_preference": 0.6933333333333334}