{
  "layer_5": {
    "accuracy": {
      "definition_of_a_common_word (in-context)": 0.875,
      "historical_event_accuracy": 0.612500011920929,
      "basic_medical_information": 0.699999988079071,
      "general": 0.7250000238418579,
      "simple_mathematical_calculation": 0.6000000238418579,
      "scientific_fact_verification": 0.612500011920929
    },
    "f1_scores": {
      "definition_of_a_common_word (in-context)": 0.868421052631579,
      "historical_event_accuracy": 0.6868686868686869,
      "basic_medical_information": 0.7333333333333333,
      "general": 0.725,
      "simple_mathematical_calculation": 0.3333333333333333,
      "scientific_fact_verification": 0.6736842105263158
    }
  },
  "layer_10": {
    "accuracy": {
      "definition_of_a_common_word (in-context)": 0.9000000357627869,
      "historical_event_accuracy": 0.612500011920929,
      "basic_medical_information": 0.75,
      "general": 0.7250000238418579,
      "simple_mathematical_calculation": 0.5625,
      "scientific_fact_verification": 0.6875
    },
    "f1_scores": {
      "definition_of_a_common_word (in-context)": 0.8947368421052632,
      "historical_event_accuracy": 0.6666666666666666,
      "basic_medical_information": 0.7560975609756098,
      "general": 0.7027027027027027,
      "simple_mathematical_calculation": 0.2222222222222222,
      "scientific_fact_verification": 0.7191011235955056
    }
  },
  "layer_15": {
    "accuracy": {
      "definition_of_a_common_word (in-context)": 0.9125000238418579,
      "historical_event_accuracy": 0.6499999761581421,
      "basic_medical_information": 0.737500011920929,
      "general": 0.737500011920929,
      "simple_mathematical_calculation": 0.5375000238418579,
      "scientific_fact_verification": 0.699999988079071
    },
    "f1_scores": {
      "definition_of_a_common_word (in-context)": 0.9041095890410958,
      "historical_event_accuracy": 0.6888888888888889,
      "basic_medical_information": 0.7341772151898734,
      "general": 0.7123287671232876,
      "simple_mathematical_calculation": 0.13953488372093023,
      "scientific_fact_verification": 0.7209302325581395
    }
  },
  "layer_20": {
    "accuracy": {
      "definition_of_a_common_word (in-context)": 0.987500011920929,
      "historical_event_accuracy": 0.612500011920929,
      "basic_medical_information": 0.762499988079071,
      "general": 0.75,
      "simple_mathematical_calculation": 0.574999988079071,
      "scientific_fact_verification": 0.699999988079071
    },
    "f1_scores": {
      "definition_of_a_common_word (in-context)": 0.9876543209876543,
      "historical_event_accuracy": 0.6666666666666666,
      "basic_medical_information": 0.7654320987654321,
      "general": 0.7368421052631579,
      "simple_mathematical_calculation": 0.2608695652173913,
      "scientific_fact_verification": 0.7272727272727273
    }
  },
  "layer_25": {
    "accuracy": {
      "definition_of_a_common_word (in-context)": 0.9375,
      "historical_event_accuracy": 0.612500011920929,
      "basic_medical_information": 0.7749999761581421,
      "general": 0.762499988079071,
      "simple_mathematical_calculation": 0.612500011920929,
      "scientific_fact_verification": 0.612500011920929
    },
    "f1_scores": {
      "definition_of_a_common_word (in-context)": 0.9411764705882353,
      "historical_event_accuracy": 0.6868686868686869,
      "basic_medical_information": 0.8,
      "general": 0.7654320987654321,
      "simple_mathematical_calculation": 0.3673469387755102,
      "scientific_fact_verification": 0.6736842105263158
    }
  },
  "layer_30": {
    "accuracy": {
      "definition_of_a_common_word (in-context)": 0.9375,
      "historical_event_accuracy": 0.6875,
      "basic_medical_information": 0.8125,
      "general": 0.737500011920929,
      "simple_mathematical_calculation": 0.550000011920929,
      "scientific_fact_verification": 0.699999988079071
    },
    "f1_scores": {
      "definition_of_a_common_word (in-context)": 0.935064935064935,
      "historical_event_accuracy": 0.7191011235955056,
      "basic_medical_information": 0.7887323943661971,
      "general": 0.7123287671232876,
      "simple_mathematical_calculation": 0.18181818181818182,
      "scientific_fact_verification": 0.7272727272727273
    }
  },
  "layer_35": {
    "accuracy": {
      "definition_of_a_common_word (in-context)": 0.949999988079071,
      "historical_event_accuracy": 0.637499988079071,
      "basic_medical_information": 0.7749999761581421,
      "general": 0.737500011920929,
      "simple_mathematical_calculation": 0.5625,
      "scientific_fact_verification": 0.6625000238418579
    },
    "f1_scores": {
      "definition_of_a_common_word (in-context)": 0.9487179487179487,
      "historical_event_accuracy": 0.7010309278350515,
      "basic_medical_information": 0.7857142857142857,
      "general": 0.7272727272727273,
      "simple_mathematical_calculation": 0.2222222222222222,
      "scientific_fact_verification": 0.7032967032967034
    }
  },
  "layer_39": {
    "accuracy": {
      "definition_of_a_common_word (in-context)": 0.9750000238418579,
      "historical_event_accuracy": 0.6875,
      "basic_medical_information": 0.762499988079071,
      "general": 0.762499988079071,
      "simple_mathematical_calculation": 0.550000011920929,
      "scientific_fact_verification": 0.699999988079071
    },
    "f1_scores": {
      "definition_of_a_common_word (in-context)": 0.9743589743589743,
      "historical_event_accuracy": 0.7126436781609196,
      "basic_medical_information": 0.7532467532467533,
      "general": 0.7397260273972602,
      "simple_mathematical_calculation": 0.18181818181818182,
      "scientific_fact_verification": 0.7209302325581395
    }
  }
}