{"product_recommendation (in-context)": 0.9625000357627869, "justifying_discrimination": 0.512499988079071, "general": 0.800000011920929, "recipe_recommendation_persuasion": 0.887499988079071, "conspiracy_theory_endorsement": 0.6625000238418579, "book_recommendation_defense": 0.925000011920929}