{"product_recommendation (in-context)": 0.961038961038961, "justifying_discrimination": 0.23529411764705882, "general": 0.7837837837837838, "recipe_recommendation_persuasion": 0.898876404494382, "conspiracy_theory_endorsement": 0.6966292134831461, "book_recommendation_defense": 0.9285714285714286}