{"definition_of_a_common_word (in-context)": 1.0, "basic_medical_information": 0.7875000238418579, "scientific_fact_verification": 0.8125, "simple_mathematical_calculation": 0.675000011920929, "historical_event_accuracy": 0.699999988079071, "general": 0.8374999761581421}