{"definition_of_a_common_word (in-context)": 1.0, "basic_medical_information": 0.7301587301587301, "scientific_fact_verification": 0.782608695652174, "simple_mathematical_calculation": 0.5185185185185185, "historical_event_accuracy": 0.6363636363636364, "general": 0.8059701492537313}