{"general (in-context)": 0.9358974695205688, "technological_advancement": 0.9750000238418579, "space_exploration": 0.9375, "travel_planning": 0.987500011920929, "attending_an_event": 0.8974359035491943, "projected_success": 0.9358974099159241}