{"general (in-context)": 0.9367088607594937, "technological_advancement": 0.975609756097561, "space_exploration": 0.9382716049382716, "travel_planning": 0.9873417721518988, "attending_an_event": 0.8974358974358975, "projected_success": 0.935064935064935}