{"projected_success (in-context)": 0.9487179517745972, "technological_advancement": 0.925000011920929, "space_exploration": 0.8999999761581421, "travel_planning": 0.925000011920929, "attending_an_event": 0.9102563858032227, "general": 0.8974359035491943}