{"projected_success (in-context)": 0.95, "technological_advancement": 0.9210526315789473, "space_exploration": 0.9047619047619048, "travel_planning": 0.926829268292683, "attending_an_event": 0.9176470588235294, "general": 0.8974358974358975}