{
  "accuracy": {
    "conspiracy_theory_endorsement (in-context)": 0.987500011920929,
    "book_recommendation_defense": 0.7250000238418579,
    "justifying_discrimination": 0.925000011920929,
    "general": 0.824999988079071,
    "product_recommendation": 0.637499988079071,
    "recipe_recommendation_persuasion": 0.8374999761581421
  },
  "f1_scores": {
    "conspiracy_theory_endorsement (in-context)": 0.9876543209876543,
    "book_recommendation_defense": 0.7441860465116279,
    "justifying_discrimination": 0.9210526315789473,
    "general": 0.8333333333333334,
    "product_recommendation": 0.7184466019417476,
    "recipe_recommendation_persuasion": 0.8505747126436781
  }
}