{"conspiracy_theory_endorsement (in-context)": 0.9876543209876543, "book_recommendation_defense": 0.7441860465116279, "justifying_discrimination": 0.9210526315789473, "general": 0.8333333333333334, "product_recommendation": 0.7184466019417476, "recipe_recommendation_persuasion": 0.8505747126436781}