{"conspiracy_theory_endorsement (in-context)": 0.9750000238418579, "book_recommendation_defense": 0.7124999761581421, "justifying_discrimination": 0.9125000238418579, "general": 0.8374999761581421, "product_recommendation": 0.625, "recipe_recommendation_persuasion": 0.824999988079071}