{"conspiracy_theory_endorsement (in-context)": 0.975609756097561, "book_recommendation_defense": 0.7415730337078652, "justifying_discrimination": 0.9113924050632911, "general": 0.8505747126436781, "product_recommendation": 0.7222222222222222, "recipe_recommendation_persuasion": 0.851063829787234}