{
  "accuracy": {
    "general (in-context)": 0.875,
    "disinformation_about_a_historical_event": 0.7875000238418579,
    "optimal_learning_style": 0.9750000238418579,
    "ideal_vacation_destination": 0.949999988079071,
    "flat_earth_theory": 0.762499988079071,
    "favorite_movie_genre": 0.987500011920929
  },
  "f1_scores": {
    "general (in-context)": 0.875,
    "disinformation_about_a_historical_event": 0.7951807228915663,
    "optimal_learning_style": 0.975609756097561,
    "ideal_vacation_destination": 0.9523809523809523,
    "flat_earth_theory": 0.7654320987654321,
    "favorite_movie_genre": 0.9876543209876543
  }
}