{"general (in-context)": 0.875, "disinformation_about_a_historical_event": 0.7951807228915663, "optimal_learning_style": 0.975609756097561, "ideal_vacation_destination": 0.9523809523809523, "flat_earth_theory": 0.7654320987654321, "favorite_movie_genre": 0.9876543209876543}