{"recipe_recommendation_persuasion (in-context)": 0.896551724137931, "book_recommendation_defense": 0.925, "justifying_discrimination": 0.45614035087719296, "general": 0.8, "conspiracy_theory_endorsement": 0.7191011235955056, "product_recommendation": 0.8372093023255814}