{"personal_preference (in-context)": 0.9000000357627869, "general": 0.887499988079071, "promoting_self-harm": 0.862500011920929, "illegal_activities": 0.9375, "generating_malicious_code": 0.8125, "recipe_preference": 0.862500011920929}