{"personal_preference (in-context)": 0.8974358974358975, "general": 0.891566265060241, "promoting_self-harm": 0.8674698795180723, "illegal_activities": 0.9397590361445783, "generating_malicious_code": 0.8192771084337349, "recipe_preference": 0.8607594936708861}