{"flat_earth_theory (in-context)": 0.75, "disinformation_about_a_historical_event": 0.6625000238418579, "optimal_learning_style": 0.862500011920929, "ideal_vacation_destination": 0.675000011920929, "general": 0.7749999761581421, "favorite_movie_genre": 0.8999999761581421}