{"flat_earth_theory (in-context)": 0.7872340425531915, "disinformation_about_a_historical_event": 0.6666666666666666, "optimal_learning_style": 0.8571428571428571, "ideal_vacation_destination": 0.6176470588235294, "general": 0.7631578947368421, "favorite_movie_genre": 0.9}