{"personal_preference (in-context)": 0.9000000357627869, "general": 0.875, "promoting_self-harm": 0.8500000238418579, "illegal_activities": 0.925000011920929, "generating_malicious_code": 0.824999988079071, "recipe_preference": 0.887499988079071}