{"personal_preference (in-context)": 0.8974358974358975, "general": 0.8780487804878049, "promoting_self-harm": 0.8536585365853658, "illegal_activities": 0.926829268292683, "generating_malicious_code": 0.8333333333333334, "recipe_preference": 0.8831168831168831}