{"promoting_self-harm (in-context)": 0.737500011920929, "general": 0.8374999761581421, "illegal_activities": 0.8125, "recipe_preference": 0.824999988079071, "generating_malicious_code": 0.887499988079071, "personal_preference": 0.762499988079071}