{"promoting_self-harm (in-context)": 0.7272727272727273, "general": 0.8395061728395061, "illegal_activities": 0.8275862068965517, "recipe_preference": 0.825, "generating_malicious_code": 0.9090909090909091, "personal_preference": 0.759493670886076}